Date,SPY_Adj_Close,SPY_Volume,QQQ_Adj_Close,TLT_Adj_Close,HYG_Adj_Close,VIX_Close
2007-04-11,101.12232971,106365700,37.89362335,48.06093216,31.54660416,13.48999977
2007-04-12,101.57169342,115534400,38.19363022,48.07194519,31.56776810,12.71000004
2007-04-13,102.03513336,84287000,38.27077866,47.92341614,31.51034164,12.19999981
2007-04-16,103.00408173,83064600,38.62217331,48.18745041,31.49822044,11.97999954
2007-04-17,103.27787018,108424100,38.70790100,48.45697403,31.48310280,12.14000034
2007-04-18,103.40428162,88345300,38.57933807,48.69902420,31.49218559,12.42000008
2007-04-19,103.37619019,102947700,38.69932175,48.61652756,31.60099792,12.53999996
2007-04-20,104.35215759,124114100,38.91362000,48.48999023,31.58289909,12.06999969
2007-04-23,103.95898438,77270800,38.97360229,48.66603470,31.60099792,13.03999996
2007-04-24,104.00109863,114471000,39.17074585,48.84754944,31.81866646,13.11999989
2007-04-25,104.95600891,108418800,39.69358444,48.67703629,31.86706543,13.21000004
2007-04-26,105.07537842,88741600,39.89930725,48.32498932,31.92448807,12.78999996
2007-04-27,104.99109650,108191100,39.91643143,48.31395340,31.92448807,12.44999981
2007-04-30,104.12043762,100874100,39.39361191,48.82001877,31.92752647,14.22000027
2007-05-01,104.38725281,134342700,39.35931015,48.85539627,31.93144989,13.51000023
2007-05-02,104.99814606,87129800,39.78786850,48.82779312,31.91932106,13.07999992
2007-05-03,105.56686401,86569700,39.93357849,48.71738052,31.92238045,13.09000015
2007-05-04,105.96700287,96409000,39.96788406,48.91610336,31.96176529,12.90999985
2007-05-07,105.98814392,63461400,39.96788406,49.04860306,31.95876122,13.14999962
2007-05-08,105.84772491,80584000,40.05356979,48.93819046,31.98299408,13.21000004
2007-05-09,106.13562012,102070100,40.13930511,48.74497223,31.89810562,12.88000011
2007-05-10,105.02619171,153617800,39.59072495,48.86092758,32.01330948,13.60000038
2007-05-11,105.92494202,113408900,40.09643173,48.68973160,32.03150177,12.94999981
2007-05-14,105.69325256,108027500,39.82218552,48.56274414,32.02848053,13.96000004
2007-05-15,105.72137451,180673300,39.51358032,48.54618835,32.00423050,14.01000023
2007-05-16,106.44455719,114166500,39.89930725,48.51311874,32.08909225,13.50000000
2007-05-17,106.23390198,101132800,39.71074677,48.31432343,32.07999802,13.51000023
2007-05-18,107.16072845,99182000,40.03644180,47.99409866,32.08909225,12.76000023
2007-05-21,107.10455322,174664600,40.29357147,48.13765717,32.11941528,13.30000019
2007-05-22,107.02030182,82148800,40.32785416,47.88918686,32.12246704,13.06000042
2007-05-23,107.03434753,133786600,40.13930511,47.75118256,32.09819031,13.23999977
2007-05-24,106.06538391,187593000,39.56503677,47.79534912,32.10729980,14.07999992
2007-05-25,106.50774384,83309200,39.81359482,47.68493271,32.15276337,13.34000015
2007-05-29,106.89392853,82020000,40.12215805,47.67939758,32.02545547,13.52999973
2007-05-30,107.76458740,129013600,40.44787979,47.77876663,32.09819031,12.82999992
2007-05-31,107.65219116,114866700,40.63642120,47.69044113,32.04665756,13.05000019
2007-06-01,108.18585968,107771700,40.66215515,47.43992996,32.04240036,12.77999973
2007-06-04,108.19987488,78008800,40.78214645,47.65610886,32.06983948,13.28999996
2007-06-05,107.77161407,126917900,40.78214645,47.35678101,32.02410889,13.63000011
2007-06-06,106.61302185,164096800,40.34499741,47.33461380,31.98446465,14.86999989
2007-06-07,104.68920135,232414600,39.71930695,46.48656464,31.83510017,17.05999947
2007-06-08,106.05133057,175886000,40.20786667,46.44777298,31.74973869,14.84000015
2007-06-11,106.23390198,102015600,40.13072968,46.31475449,31.68267822,14.71000004
2007-06-12,105.07537842,233898000,39.89073181,45.64407349,31.52110672,16.67000008
2007-06-13,106.64817810,193208200,40.32785416,46.18727493,31.57598877,14.72999954
2007-06-14,107.32925415,146396500,40.59357071,46.07089615,31.60037804,13.64000034
2007-06-15,107.93991089,154030800,40.96841812,46.38678360,31.59426689,13.93999958
2007-06-18,107.81300354,88537500,40.97702789,46.29254532,31.61256790,13.42000008
2007-06-19,108.08089447,110851700,40.96841812,46.72491455,31.65217972,12.85000038
2007-06-20,106.57894897,177119700,40.58243561,46.34798431,31.37171364,14.67000008
2007-06-21,107.17131042,205262000,40.95126724,46.12631607,31.42963982,14.21000004
2007-06-22,106.16291809,204964700,40.56527710,46.42560577,31.49063683,15.75000000
2007-06-25,105.65516663,232014400,40.39372253,46.68056488,31.30772591,16.64999962
2007-06-26,104.56919861,198445700,40.16210175,46.69166183,31.39915848,18.88999939
2007-06-27,106.05709839,213638000,40.77972031,46.73598480,31.28943253,15.52999973
2007-06-28,106.04301453,157705000,40.76256943,46.72491455,31.12480545,15.53999996
2007-06-29,106.07821655,199701800,40.83120346,47.20714951,31.03638649,16.22999954
2007-07-02,107.03732300,103357000,41.20003891,47.45527267,31.27958870,15.39999962
2007-07-03,107.42517853,54048400,41.44021606,47.16595459,31.22130013,14.92000008
2007-07-05,107.31224823,89279000,41.74045181,46.63738251,31.10784149,15.47999954
2007-07-06,107.87640381,81109000,41.91201019,46.44822311,31.14159203,14.72000027
2007-07-09,107.96108246,72348100,41.93776703,46.61511612,31.23665810,15.15999985
2007-07-10,106.42372894,180362600,41.58602905,47.40522766,31.15383720,17.56999969
2007-07-11,107.17834473,175607600,41.86913300,46.91554642,30.92078209,16.63999939
2007-07-12,108.87078094,133882500,42.51246262,46.75423431,31.01278687,15.53999996
2007-07-13,109.19512939,111794300,42.80412292,46.88218689,31.14159203,15.14999962
2007-07-16,109.18099213,98378700,42.76124191,47.33289337,31.15383720,15.59000015
2007-07-17,109.12460327,126201300,43.08718872,47.23271179,31.19064903,15.63000011
2007-07-18,108.92717743,237887400,43.03574371,47.41078186,30.95758629,16.00000000
2007-07-19,109.35025024,145212700,43.16440201,47.39966583,30.99130249,15.22999954
2007-07-20,108.24312592,245502500,42.93278885,47.82806015,30.91156578,16.95000076
2007-07-23,108.57460785,121183900,42.94995117,47.75019836,30.84412575,16.80999947
2007-07-24,106.69179535,256732400,42.31518936,47.92823410,30.66626167,18.54999924
2007-07-25,106.91033173,265214500,42.37520981,48.02284241,30.37492752,18.10000038
2007-07-26,104.37885284,467592500,42.01494598,48.42340851,29.94557953,20.73999977
2007-07-27,102.32677460,422987600,41.16573715,48.56251144,29.44574165,24.17000008
2007-07-30,103.92752838,283017500,41.64608765,48.42340851,29.73093033,20.87000084
2007-07-31,102.75694275,316976700,40.77113724,48.77393341,29.83213425,23.52000046
2007-08-01,103.25759125,467670000,41.08851242,48.66839600,29.77039719,23.67000008
2007-08-02,104.08263397,294758400,41.46596146,48.79125595,29.94018555,21.21999931
2007-08-03,101.40308380,359398200,40.67678452,49.11520004,29.94018555,25.15999985
2007-08-06,103.10244751,324980000,41.14859009,48.75776291,29.87537766,22.94000053
2007-08-07,104.20256042,232568700,41.44021606,48.71862411,30.08832359,21.55999947
2007-08-08,105.65516663,274930600,41.89485168,48.12652588,30.44328499,21.45000076
2007-08-09,102.52424622,357622100,40.92555618,48.19357300,30.41242409,26.47999954
2007-08-10,102.04473114,411018400,40.55668640,48.08185959,30.35068130,28.29999924
2007-08-13,102.41144562,181917200,40.83120346,48.22149277,30.57292366,26.56999969
2007-08-14,100.84592438,264134500,40.13636398,48.34996414,30.33525658,27.68000031
2007-08-15,99.45671844,323834000,39.37292862,48.17683029,30.50501633,30.67000008
2007-08-16,100.20425415,546743700,38.98693085,48.67396164,30.46488190,30.82999992
2007-08-17,102.04473114,388218100,39.72462082,48.47846603,30.77353859,29.98999977
2007-08-20,101.99537659,187320400,39.91336441,48.50640106,30.48031998,26.32999992
2007-08-21,102.19982910,157066400,40.33367157,48.74097443,30.32290268,25.25000000
2007-08-22,103.41276550,173156700,40.88265228,48.66276932,30.55749321,22.88999939
2007-08-23,103.32104492,203915300,40.77113724,48.83035660,30.74268913,22.62000084
2007-08-24,104.59743500,128901900,41.34585190,49.07052231,30.81984138,20.71999931
2007-08-27,103.62429047,113024300,41.07137680,49.32748413,31.02048302,22.71999931
2007-08-28,101.34661102,219790700,40.09347534,49.41127396,30.91245270,26.29999924
2007-08-29,103.33518982,207654200,41.24293137,49.27719879,31.03591919,23.80999947
2007-08-30,103.06017303,191817300,41.45737839,49.60676575,31.10071945,25.05999947
2007-08-31,104.07558441,185477500,41.92059708,49.64588928,31.38161659,23.37999916
2007-09-04,105.12633514,120062000,42.61541748,49.66941071,31.59995270,22.78000069
2007-09-05,104.21664429,166261800,42.18651199,50.06765747,31.61236572,24.57999992
2007-09-06,104.45635223,127878400,42.15219116,49.93862534,31.59372902,23.98999977
2007-09-07,103.00374603,235447600,41.37159729,50.64534760,31.23347473,26.22999954
2007-09-10,102.80632782,192305900,41.34585190,51.03792953,31.36703491,27.37999916
2007-09-11,104.00511169,162081900,41.97205353,50.99862671,31.62478447,25.27000046
2007-09-12,104.27301025,149554600,41.98064041,50.80799484,31.76764679,24.95999908
2007-09-13,105.00643158,154079000,42.18651199,50.35364151,31.65586281,24.76000023
2007-09-14,104.99940491,121911000,42.22081757,50.42661285,31.95398712,24.92000008
2007-09-17,104.43524933,109870800,41.86913300,50.66771698,32.09996414,26.47999954
2007-09-18,107.50977325,263759500,42.92422104,50.28633499,32.32975006,20.35000038
2007-09-19,108.14439392,193779900,43.03574371,49.82085800,32.94778442,20.03000069
2007-09-20,107.38283539,175186800,42.91563034,48.87861633,32.14031219,20.45000076
2007-09-21,107.67266083,141457500,43.22118378,49.29364014,32.22103882,19.00000000
2007-09-24,107.47425842,139450200,43.41857529,49.43386078,32.43846130,19.37000084
2007-09-25,107.26171875,142289900,43.83051682,49.26000214,32.51609421,18.60000038
2007-09-26,107.82852173,135547000,44.04508972,49.30487442,32.39808273,17.62999916
2007-09-27,108.46617889,102713300,44.26822662,49.64698410,32.29871368,17.00000000
2007-09-28,108.10482025,133372100,44.12232971,49.75915527,32.29871368,18.00000000
2007-10-01,109.32347870,148162300,44.62869644,50.04352188,32.42213440,17.84000015
2007-10-02,109.17465973,112978800,44.63727951,50.20114899,32.48462296,18.48999977
2007-10-03,108.95503998,119055900,44.32831573,50.05477142,32.31278610,18.79999924
2007-10-04,109.12507629,76864400,44.43130875,50.24617386,32.45027161,18.44000053
2007-10-05,110.42161560,134579700,45.33246231,49.70567703,32.46903992,16.90999985
2007-10-08,109.83354950,71280400,45.61565399,49.66627502,32.57838440,17.45999908
2007-10-09,110.86798096,94054300,45.81305695,49.60432434,32.60339737,16.12000084
2007-10-10,110.68379974,101711100,45.92464828,49.63245392,32.57526779,16.67000008
2007-10-11,110.15240479,233529100,45.19514084,49.58176422,32.62216187,18.87999916
2007-10-12,110.76177979,124546700,45.94179535,49.33971786,32.65651321,17.72999954
2007-10-15,109.82644653,161151900,45.58991623,49.35094452,32.81277847,19.25000000
2007-10-16,108.95503998,166525700,45.37537003,49.36784744,32.68777084,20.02000046
2007-10-17,109.28802490,216687300,45.95896149,49.90836334,32.28465271,18.54000092
2007-10-18,108.89123535,148367500,46.15636063,50.18428040,32.26902771,18.50000000
2007-10-19,106.04302979,297169900,45.00631714,50.93310547,32.12527466,22.95999908
2007-10-22,106.65945435,261989800,45.54700851,50.93876266,31.82839394,21.63999939
2007-10-23,107.52386475,180085100,46.49968338,50.87118912,32.09403229,20.40999985
2007-10-24,107.32548523,326694200,46.14776993,51.24842072,32.09403229,20.79999924
2007-10-25,107.58045197,237374500,45.52984238,51.07387161,32.14089203,21.17000008
2007-10-26,108.84165955,176484000,46.28510284,50.95564651,32.21588135,19.55999947
2007-10-29,109.20300293,106841000,46.47389984,51.15272141,32.31278610,19.87000084
2007-10-30,108.44489288,132981600,46.56833267,51.12456131,32.25028229,21.06999969
2007-10-31,109.57144928,220954400,47.22917557,50.66285706,32.45339203,18.53000069
2007-11-01,107.00660706,333040800,46.34518433,51.32112503,32.24264145,23.20999908
2007-11-02,107.12705231,331228200,46.70563889,51.48511505,32.16400528,23.01000023
2007-11-05,106.31227875,226841000,46.40525436,51.46250534,32.14826965,24.30999947
2007-11-06,107.74350739,177800500,46.92879868,51.21367645,32.31499863,21.38999939
2007-11-07,104.79602051,306639700,45.78730774,51.30411911,32.27410507,26.48999977
2007-11-08,104.26473236,374509900,44.39695740,51.21367645,31.86516571,26.15999985
2007-11-09,102.83348083,277745100,42.91220474,51.64914703,32.00672913,28.50000000
2007-11-12,101.81324005,243087800,41.82221603,51.83575821,32.13254166,31.09000015
2007-11-13,104.91648102,191117400,43.54729843,51.64348602,32.00672913,24.10000038
2007-11-14,104.62597656,230558800,42.98944855,51.70000839,32.08536911,25.94000053
2007-11-15,103.11685944,263111100,42.75772858,52.18641663,32.07590866,28.05999947
2007-11-16,103.29402161,308770600,43.15250397,52.25985336,32.08536911,25.48999977
2007-11-19,101.85570526,267746000,42.65473938,52.59919357,32.08536911,26.01000023
2007-11-20,102.47924042,414767500,42.82638550,52.54266739,31.77080727,24.87999916
2007-11-21,100.38201141,259012400,42.32000732,52.84803391,31.17313194,26.84000015
2007-11-23,102.11792755,77688400,42.77488327,53.00638962,31.11338234,25.61000061
2007-11-26,99.86481476,214232000,42.03678894,54.05260849,31.45623970,28.90999985
2007-11-27,101.01261902,293897900,42.87787628,53.53796005,31.50343704,26.28000069
2007-11-28,104.24343872,258596900,44.18241119,53.17599869,31.80225563,24.11000061
2007-11-29,104.27881622,199409900,44.37121582,53.63407898,31.95955467,23.96999931
2007-11-30,105.32741547,222908000,44.03651810,53.37396240,32.08852005,22.87000084
2007-12-03,104.63310242,146430400,43.66746140,53.79755783,32.41201019,23.61000061
2007-12-04,103.69789124,136533900,43.48723602,53.79185486,32.28857803,23.79000092
2007-12-05,105.43374634,171130000,44.26822662,53.15025330,31.90868950,22.53000069
2007-12-06,106.94284821,154457400,44.90333557,52.68466187,32.19359970,20.95999908
2007-12-07,106.92153931,148980100,44.91194534,52.09417725,32.17778015,20.85000038
2007-12-10,107.75057220,123914300,45.09214783,51.78189850,32.13030624,20.73999977
2007-12-11,104.79602051,250346400,44.04508972,52.79823685,32.09863663,23.59000015
2007-12-12,105.83050537,322435600,44.43989563,52.25312805,32.27272415,22.46999931
2007-12-13,105.61086273,237551300,44.19956970,51.68537140,32.25690842,22.55999947
2007-12-14,104.27176666,159152900,43.74468613,51.44688797,32.30439758,23.27000046
2007-12-17,102.78386688,177269400,42.68047333,51.90682220,32.13030624,24.52000046
2007-12-18,103.35779572,245569300,42.81779480,52.24179840,32.16194534,22.63999939
2007-12-19,103.35779572,198917200,42.80921173,52.93451309,32.32020569,21.68000031
2007-12-20,104.00962830,214813800,43.68461227,52.82093048,32.25057983,20.57999992
2007-12-21,105.50896454,146084400,44.54634094,52.04876709,32.35187912,18.46999931
2007-12-24,106.29244995,45601400,44.88140106,51.80463028,32.23792267,18.60000038
2007-12-26,106.52033997,67093100,45.10476685,51.35037994,32.09545135,18.65999985
2007-12-27,105.18128204,122981700,44.56350708,51.91020203,32.30715179,20.26000023
2007-12-28,104.91777802,116398100,44.52055740,52.71969986,31.99201202,20.73999977
2007-12-31,104.14136505,108126800,44.00508499,53.03892136,32.06204987,22.50000000
2008-01-02,103.22966003,204935600,43.30917358,53.80281067,31.67370033,23.17000008
2008-01-03,103.17982483,125133300,43.48961258,53.72866821,31.61320877,22.48999977
2008-01-04,100.65125275,232330900,41.58231354,53.74009323,31.57819557,23.94000053
2008-01-07,100.56580353,234991000,41.38471222,53.97381592,31.39038849,23.79000092
2008-01-08,98.94181061,326365700,40.31078720,53.91110992,31.20890808,25.43000031
2008-01-09,99.98173523,301824900,41.16992950,54.01376343,30.86832809,24.12000084
2008-01-10,100.63694763,335701200,41.23006821,53.28405762,31.09750938,23.45000076
2008-01-11,99.82501221,267076600,40.42246246,53.70021820,31.16436768,23.68000031
2008-01-14,100.62989044,170365500,41.12696075,53.89973068,31.05613518,22.89999962
2008-01-15,98.41473389,239940100,39.99289703,54.50395584,31.13568497,23.34000015
2008-01-16,97.56713104,378802600,39.56333542,54.11067963,31.10068130,24.37999916
2008-01-17,95.03854370,397892600,39.01347351,54.81182098,30.88104439,28.45999908
2008-01-18,94.06272888,348561500,38.96193314,54.43557358,31.12298012,27.18000031
2008-01-22,93.10827637,435923700,37.95674896,55.01707077,30.90650558,31.01000023
2008-01-23,95.34484100,511913000,37.81070709,54.89165878,30.96701241,29.02000046
2008-01-24,96.14968109,259949300,38.58393097,53.79139709,31.35535812,27.78000069
2008-01-25,94.76072693,269603900,37.79351425,54.69776917,31.40311623,29.07999992
2008-01-28,96.32778168,217934600,38.08561325,54.49258041,31.25985718,27.78000069
2008-01-29,96.80500031,168968300,38.15435410,54.12203979,31.29168510,27.31999969
2008-01-30,96.09272766,334939200,38.11997986,53.76857758,31.41267586,27.62000084
2008-01-31,97.84489441,343680800,38.77293015,54.15057373,31.47633743,26.20000076
2008-02-01,99.41900635,206843600,39.16815186,54.47601700,31.49363708,24.02000046
2008-02-04,98.16541290,124694300,38.61828232,53.91543579,31.50005341,25.98999977
2008-02-05,95.53713989,286882500,37.51858902,54.32737732,31.24685860,28.23999977
2008-02-06,94.76786804,250792900,36.77972412,54.16142654,31.18275452,28.96999931
2008-02-07,95.39469147,297368100,37.03747177,52.99442291,31.05136681,27.65999985
2008-02-08,94.78213501,221643500,37.45843506,53.60078430,30.81741714,28.01000023
2008-02-11,95.26644135,188576300,37.86223984,53.82392883,30.57384682,27.60000038
2008-02-12,96.14968109,256654400,37.64744186,53.50359344,30.68923378,26.32999992
2008-02-13,97.13262939,181967800,38.47222519,52.93721390,30.60910988,24.87999916
2008-02-14,96.27788544,215207200,37.77632523,52.15924454,30.75973511,25.54000092
2008-02-15,96.25653076,154110300,37.64744186,52.55966949,30.68283081,25.02000046
2008-02-19,96.52719116,145190000,37.57873535,52.02767563,30.52577209,25.59000015
2008-02-20,96.81211090,220085700,37.75055313,52.38809204,30.60591507,24.39999962
2008-02-21,96.00723267,201051200,37.38970566,52.94295883,30.71164894,25.12000084
2008-02-22,96.59844971,205491000,37.52717972,52.63978958,30.76615524,24.05999947
2008-02-25,97.81639099,190107000,37.71620560,52.10205841,30.85907555,23.03000069
2008-02-26,98.55002594,212420700,37.86223984,52.11920166,31.05777931,21.89999962
2008-02-27,98.45034027,168395800,38.05126953,52.16497040,31.05136681,22.69000053
2008-02-28,97.48873901,170831100,37.90520096,53.09170914,31.00651169,23.53000069
2008-02-29,95.31631470,252715200,36.90000916,53.90397644,30.88792038,26.54000092
2008-03-03,95.08841705,189483500,36.65943146,53.76505661,30.89628029,26.28000069
2008-03-04,94.72515106,282513100,36.86563492,53.24257660,30.86080742,25.52000046
2008-03-05,95.32346344,270681400,37.04606247,52.60527802,30.94790459,24.60000038
2008-03-06,93.35044861,247911700,36.22986603,52.88657379,30.86728096,27.54999924
2008-03-07,92.38890076,326434600,36.14396286,52.95547867,30.80276108,27.48999977
2008-03-10,91.17089081,235683600,35.44805527,53.73633957,30.73182106,29.37999916
2008-03-11,94.44734955,341440600,36.79692078,53.27699280,30.80921745,26.36000061
2008-03-12,93.56413269,229161100,36.69382095,54.30477905,30.80276108,27.21999931
2008-03-13,93.77066040,351504200,36.97732925,53.87993622,30.58666420,27.29000092
2008-03-14,92.31767273,484687800,36.29861069,54.54594040,30.40282059,31.15999985
2008-03-17,91.38460541,405311100,35.63705826,54.96506882,30.26091194,32.24000168
2008-03-18,95.18099213,334416600,37.22649765,54.75262833,30.70601845,25.79000092
2008-03-19,92.82333374,345971600,36.30720139,55.65982437,30.73827744,29.84000015
2008-03-20,94.54272461,245320700,37.04921722,55.79761505,30.88343239,26.62000084
2008-03-24,96.43238831,208977300,38.33033752,54.71814346,31.11886024,25.72999954
2008-03-25,96.52549744,192947200,38.54529190,54.94786835,31.19952011,25.71999931
2008-03-26,95.34440613,196934300,38.43351746,54.71814346,31.12529564,26.07999992
2008-03-27,95.04379272,225153200,37.58230209,54.33344650,31.02532578,25.87999916
2008-03-28,94.13468933,180896100,37.39313889,54.86171341,31.04146004,25.70999908
2008-03-31,94.46398163,166692100,37.59090424,55.05691528,31.18014526,25.61000061
2008-04-01,97.78528595,254547300,39.19874573,54.16084290,31.31717300,22.68000031
2008-04-02,97.84969330,210910800,39.11276627,54.27622604,31.33338928,23.43000031
2008-04-03,98.09309387,175884800,39.19874573,54.39725494,31.27821732,23.20999908
2008-04-04,97.98572540,204446800,39.43089676,54.89318466,31.39834595,22.45000076
2008-04-07,98.03580475,154245500,39.34490967,54.60485840,31.64836693,22.42000008
2008-04-08,97.93560791,148937300,39.04396057,54.41459274,31.75553322,22.36000061
2008-04-09,97.22696686,195610600,38.60547638,54.97964859,31.47950363,22.80999947
2008-04-10,97.36294556,192967800,39.15575027,54.79516602,31.59316063,21.97999954
2008-04-11,95.47328949,222973300,38.07238007,55.16416550,31.33990479,23.45999908
2008-04-14,95.15113068,160522000,37.90042114,54.84125137,31.45031738,23.81999969
2008-04-15,95.37307739,172389200,37.95201874,54.16084290,31.44706154,22.78000069
2008-04-16,97.95705414,189268900,39.00957489,53.63039398,31.58341408,20.53000069
2008-04-17,98.10025787,179665700,38.92358780,53.53813934,31.61589432,20.37000084
2008-04-18,99.12385559,218530600,40.16172791,53.49198151,31.83019257,20.12999916
2008-04-21,99.17397308,118587400,40.44546509,53.70539474,31.77824974,20.50000000
2008-04-22,98.73730469,162166000,39.84360886,53.88987732,31.82045174,20.87000084
2008-04-23,98.57985687,193309000,40.28209686,53.71112823,31.95034218,20.26000023
2008-04-24,99.00931549,229381300,40.64322281,53.25555420,31.96006775,20.05999947
2008-04-25,99.92555237,190788100,40.54005432,52.94420624,32.11268616,19.59000015
2008-04-28,99.94699860,105610200,40.61745071,53.10569000,32.30101776,19.63999939
2008-04-29,99.55329132,125514100,40.92696762,53.30751801,32.20684052,20.23999977
2008-04-30,98.96636200,208395900,40.59162140,53.68807602,32.23932648,20.79000092
2008-05-01,101.01352692,187279500,41.87274933,53.69150925,32.92446136,18.87999916
2008-05-02,101.29270935,181585500,41.93292236,53.01447678,32.59138107,18.18000031
2008-05-05,100.80596161,118504500,41.81256485,53.01447678,32.53908539,18.89999962
2008-05-06,101.67923737,179339800,42.07050323,52.63250732,32.30722809,18.20999908
2008-05-07,99.86826324,199267300,41.30526733,52.85821152,32.33008575,19.72999954
2008-05-08,99.61059570,178321200,41.61481094,53.33274078,32.26152420,19.39999962
2008-05-09,99.42448425,152588200,41.45142746,53.52949905,32.33008575,19.40999985
2008-05-12,100.54107666,147865900,42.20806885,53.44844437,32.28763580,17.79000092
2008-05-13,100.55543518,159132200,42.31984329,52.86399841,32.27783203,17.97999954
2008-05-14,100.76300049,181910800,42.22526550,52.88711548,32.23212433,17.65999985
2008-05-15,102.02281952,166927000,42.96471024,53.36748505,32.31704330,16.29999924
2008-05-16,102.11582184,204236800,42.99909592,53.14758301,32.36275101,16.46999931
2008-05-19,102.39508057,165664400,42.68957138,53.21701050,32.49010849,17.01000023
2008-05-20,101.56473541,178552100,42.36285019,53.49478912,32.42805099,17.57999992
2008-05-21,99.84679413,252724800,41.42564774,53.50630569,32.36929321,18.59000015
2008-05-22,99.86112213,170820400,41.57181168,52.87555695,32.32029724,18.04999924
2008-05-23,98.52256012,181376400,41.44282913,53.10704041,32.12763596,19.54999924
2008-05-27,99.25269318,168322900,42.17369843,52.74822617,31.94802094,19.63999939
2008-05-28,99.71078491,181288100,42.34563446,52.27948380,32.10475159,19.06999969
2008-05-29,100.21187592,173927200,42.72397232,51.90336990,32.07210541,18.13999939
2008-05-30,100.46239471,117362000,42.99909592,52.24476624,32.07538223,17.82999992
2008-06-02,99.42448425,181069900,42.47459412,52.44633865,31.81046867,19.82999992
2008-06-03,98.84467316,271965700,42.24248123,52.82383347,31.83345604,20.23999977
2008-06-04,98.79455566,246637700,42.78414154,52.35339737,31.80057907,20.79999924
2008-06-05,100.77014160,237867100,43.46339417,52.03979111,31.93863869,18.62999916
2008-06-06,97.55622864,384276300,42.15649033,52.71347427,31.84987831,23.55999947
2008-06-09,97.79244232,228263900,41.93292236,52.71347427,31.95178986,23.12000084
2008-06-10,97.30570984,260234900,41.73517227,52.37078857,31.96492386,23.18000031
2008-06-11,95.87410736,283890100,40.72919464,52.24887848,31.95836067,24.12000084
2008-06-12,96.23916626,252791800,40.77219772,51.72612762,31.90577507,23.32999992
2008-06-13,97.45600891,244726900,41.58903122,51.61582184,32.04708862,21.21999931
2008-06-16,97.51325226,185832500,41.95873260,51.62739944,31.60337067,20.95000076
2008-06-17,97.04085541,191707700,41.73517227,51.73194122,31.65925026,21.12999916
2008-06-18,96.09600830,265893000,41.28809357,52.16754150,31.72828484,22.23999977
2008-06-19,96.21769714,304204900,41.93292236,51.85971451,31.52776337,21.57999992
2008-06-20,94.65592194,289275700,40.80063629,52.16174698,31.40288353,22.87000084
2008-06-23,94.56238556,165096400,40.48226166,52.27208328,31.28784180,22.63999939
2008-06-24,94.37535858,267300600,40.27578354,52.62056351,31.15637016,22.42000008
2008-06-25,94.82135773,287853900,40.92971039,52.64380646,31.26154518,21.13999939
2008-06-26,92.24600983,297775000,39.27771759,52.99806976,31.01504326,23.93000031
2008-06-27,91.74243164,303423400,39.27771759,53.61954117,30.92955589,23.44000053
2008-06-30,92.06618500,258842600,38.86469650,53.63114929,30.89669609,23.95000076
2008-07-01,92.35390472,388622000,39.41537476,53.50410461,30.86393738,23.64999962
2008-07-02,90.77126312,288064600,38.46892929,53.78388214,30.84075737,25.92000008
2008-07-03,90.86476898,239352500,38.40009689,53.66730499,30.82751274,24.78000069
2008-07-07,89.93678284,372427300,38.63239670,53.91211319,30.85399818,25.78000069
2008-07-08,91.53377533,375973700,39.55303955,54.26186371,30.77125359,23.14999962
2008-07-09,89.77134705,336729400,38.50332642,54.50079346,30.66534424,25.22999954
2008-07-10,90.13825226,436475700,38.95935822,54.49500656,30.70505714,25.59000015
2008-07-11,89.08791351,481124600,38.33988190,53.71977234,30.66534424,27.48999977
2008-07-14,88.28222656,322720800,38.05591583,54.19191360,30.59251976,28.47999954
2008-07-15,87.03768921,502502500,38.06454468,54.17442322,30.11922073,28.54000092
2008-07-16,89.17424774,371642900,39.01099396,53.19516754,30.21850014,25.10000038
2008-07-17,90.06626892,375490600,39.26909637,52.92119217,30.30788803,25.01000023
2008-07-18,90.62738037,267030100,38.36567688,52.72300339,30.79441643,24.04999924
2008-07-21,90.67774200,222863000,38.52915192,52.92699814,30.94667625,23.04999924
2008-07-22,91.70646667,296904200,38.52915192,52.66469193,31.05261421,21.18000031
2008-07-23,92.20283508,311698400,39.03679657,52.55978012,30.96986389,21.30999947
2008-07-24,90.28926849,248634500,38.45171738,53.07279587,31.04266739,23.44000053
2008-07-25,90.26769257,219131000,38.95074463,52.54230881,31.10886765,22.90999985
2008-07-28,88.94403076,205201300,38.21940613,53.07279587,31.00293922,24.22999954
2008-07-29,90.84320831,261505600,39.01099396,52.85710526,31.00959206,22.03000069
2008-07-30,92.46179962,354710000,39.20887756,52.90951538,31.01616859,21.20999908
2008-07-31,91.23888397,277402100,39.11423874,53.43414307,31.07908249,22.94000053
2008-08-01,90.75688934,248690900,38.61517334,53.55232239,30.94009209,22.56999969
2008-08-04,89.91520691,188239600,38.22800446,53.42948532,30.72673225,23.48999977
2008-08-05,92.33950806,251577600,39.51863098,53.03164291,30.94338608,21.13999939
2008-08-06,92.74955750,209555400,40.12091827,52.81517410,30.73671532,20.22999954
2008-08-07,91.36835480,246312500,39.81117249,53.67514420,30.70009041,21.14999962
2008-08-08,93.06607819,260811700,40.71460724,53.82142258,30.75339699,20.65999985
2008-08-11,94.03007507,249425800,41.08457184,53.30659866,30.66673279,20.12000084
2008-08-12,93.05168915,213200800,41.12759399,53.80385208,30.78672028,21.17000008
2008-08-13,92.49058533,256393200,41.04154587,53.61668015,30.83341599,21.54999924
2008-08-14,93.18838501,239555300,41.51477051,53.96184540,30.83341599,20.34000015
2008-08-15,93.64158630,181000800,41.43732071,54.42984009,30.90340805,19.57999992
2008-08-18,92.36107635,172275100,40.95551300,54.64628601,30.83341599,20.97999954
2008-08-19,91.35395813,194673700,40.44786453,54.43566513,30.89341927,21.28000069
2008-08-20,91.77836609,225498200,40.51671219,54.58780289,30.88671684,20.42000008
2008-08-21,91.93667603,180609800,40.32741928,54.48836517,30.84340286,19.81999969
2008-08-22,93.26750183,167715300,40.86088943,54.45322037,30.66673279,18.80999947
2008-08-25,91.37557983,171936900,40.00046158,54.99723816,30.83341599,20.96999931
2008-08-26,91.64171600,159117200,39.94881439,55.04408646,30.66673279,20.48999977
2008-08-27,92.53375244,171032800,40.20695877,55.13768768,30.70009041,19.76000023
2008-08-28,93.65599060,167537100,40.53391266,55.14355087,30.74340630,19.43000031
2008-08-29,92.64884186,189195800,39.68210602,54.89789581,30.80006218,20.64999962
2008-09-02,92.07333374,252364900,39.19167328,55.40866089,30.80677986,21.98999977
2008-09-03,91.99421692,251947000,38.82169342,55.64347839,30.90746498,21.43000031
2008-09-04,89.22463226,340042500,37.56548691,56.08976746,31.04169273,24.03000069
2008-09-05,89.50518036,289503400,37.38480759,56.06039429,31.01483154,23.05999947
2008-09-08,91.35395813,364075300,37.31597137,56.29521561,30.97792435,22.63999939
2008-09-09,88.64188385,377326800,36.52439880,56.85303879,31.04504204,25.46999931
2008-09-10,89.00160217,298916600,36.82553101,56.50077438,30.87387848,24.52000046
2008-09-11,90.28926849,375369400,37.51386642,56.47138596,30.87387848,24.38999939
2008-09-12,90.70651245,297851200,37.36759186,55.74333954,30.87387848,25.65999985
2008-09-15,86.39025879,483607000,36.20604324,57.55175018,29.73962402,31.70000076
2008-09-16,87.83618927,581744300,36.48998260,57.54003143,29.05501938,30.29999924
2008-09-17,83.88679504,624095600,34.59707642,57.82768631,27.30995178,36.22000122
2008-09-18,86.37584686,776114700,35.76725006,56.98219299,29.46445274,33.09999847
2008-09-19,89.80616760,501087800,36.93645096,55.17377472,29.84029579,32.06999969
2008-09-22,87.77301788,249966500,35.19725418,55.16793823,29.81344604,33.84999847
2008-09-23,85.77605438,327470400,34.93035889,54.95655823,29.52146149,35.72000122
2008-09-24,86.05099487,311818400,35.17144012,55.19724655,29.78658485,35.18999863
2008-09-25,87.39680481,328253000,35.73108292,55.08572388,29.02816772,32.81999969
2008-09-26,87.44018555,285917400,35.36946106,55.48498154,28.92749214,34.74000168
2008-09-29,80.58825684,459562300,32.56264877,57.09962082,26.58511162,46.72000122
2008-09-30,83.92375183,328154400,33.50110626,55.70811844,27.51803017,39.38999939
2008-10-01,83.97441864,332783000,33.14810944,56.40895844,28.71607780,39.81000137
2008-10-02,80.92828369,365337800,31.64137268,56.86245728,27.96814156,45.25999832
2008-10-03,79.83576965,461798000,31.15061188,57.36299896,27.86664009,45.13999939
2008-10-06,75.76946259,610637500,30.01410294,58.40545654,26.85471344,52.04999924
2008-10-07,72.37602234,540012100,28.11132240,58.22880936,26.40122414,53.68000031
2008-10-08,70.55270386,725414800,27.88747025,57.39248657,25.29789734,57.52999878
2008-10-09,65.62537384,534485200,27.13839340,56.90951538,24.70903397,63.91999817
2008-10-10,64.03356171,871026300,26.96620369,56.50903702,23.06086922,69.94999695
2008-10-13,73.33109283,455584000,30.24658394,55.78467941,25.89016914,54.99000168
2008-10-14,72.24578094,546268300,28.93788147,55.42537308,26.05939674,55.13000107
2008-10-15,65.13333893,484627500,26.34628487,55.95547104,24.92225075,69.25000000
2008-10-16,67.84666443,708811200,27.77552414,55.66688919,23.97802544,67.61000061
2008-10-17,67.44143677,476649000,27.80997849,55.28405380,23.69035721,70.33000183
2008-10-20,71.49327850,321294200,28.58486557,55.72578812,24.16416550,52.97000122
2008-10-21,69.35886383,356502000,27.10396194,56.02023315,24.02540016,53.11000061
2008-10-22,65.58193970,516168000,26.35490227,57.15688705,23.82574081,69.65000153
2008-10-23,66.34169006,634666400,26.25158119,57.58093643,24.22846985,67.80000305
2008-10-24,62.97721100,545812600,25.40781403,56.96844482,23.62265587,79.12999725
2008-10-27,60.74144363,397288600,24.70179367,57.00966263,22.42122269,80.05999756
2008-10-28,67.83941650,639939500,27.43113518,56.17926025,22.67505455,66.95999908
2008-10-29,67.34741211,531270100,27.36225891,55.89659882,23.70728874,69.95999908
2008-10-30,69.67720032,414582100,28.27490425,55.39004898,24.35707474,62.90000153
2008-10-31,70.06069183,411394000,28.31795120,54.67153549,24.36722755,59.88999939
2008-11-03,70.26328278,205419400,28.25768471,54.81941986,24.56542778,53.68000031
2008-11-04,72.65097809,346793400,29.05839920,55.84827805,24.84218788,47.72999954
2008-11-05,69.59761047,387844100,27.54305840,56.51052856,24.63718033,54.56000137
2008-11-06,65.74113464,477721900,26.31184959,56.10253525,24.63718033,63.68000031
2008-11-07,67.91175079,380391000,26.85427475,55.73592758,24.89344978,56.09999847
2008-11-10,67.02178955,301773000,26.49265480,56.00789261,24.89686394,59.97999954
2008-11-11,64.95246887,418498200,25.91580391,56.17345810,24.85242844,61.43999863
2008-11-12,62.09449387,454330600,24.71901512,56.53415680,24.50050926,66.45999908
2008-11-13,65.96543884,753141900,26.22574234,55.18010712,24.37064552,59.83000183
2008-11-14,62.67332077,540352300,24.95148277,56.27400970,24.07335663,66.30999756
2008-11-17,61.84120941,415254900,24.42628479,56.52232361,23.70089531,69.15000153
2008-11-18,63.00615692,523811800,24.40045547,57.24961472,23.20199966,67.63999939
2008-11-19,58.96875763,558327600,23.12618446,58.71605301,22.40923119,74.26000214
2008-11-20,54.59134293,814180400,22.00689507,61.74945450,21.66431427,80.86000061
2008-11-21,57.53615570,718536500,22.96259689,60.85652542,21.87957954,72.66999817
2008-11-24,61.52288055,523305300,24.36600685,59.90456009,21.97868729,64.69999695
2008-11-25,61.97871399,454112400,24.25408745,61.66663361,22.20761871,60.90000153
2008-11-26,64.37361908,370134200,25.27005005,61.74945450,22.72359657,54.91999817
2008-11-28,65.18401337,118308100,25.07202148,62.51219177,22.63818169,55.27999878
2008-12-01,59.41011810,369927100,23.18645668,64.90612030,22.17127609,68.51000214
2008-12-02,61.69651794,469508400,23.96134567,65.15530396,22.40956306,62.97999954
2008-12-03,63.17979050,519863500,24.64153099,65.33923340,22.41300964,60.72000122
2008-12-04,61.71823502,444173800,23.94412041,66.62664795,22.28177643,63.63999939
2008-12-05,63.62112045,471905300,24.91704559,65.54685974,22.29213333,59.93000031
2008-12-08,65.84241486,412859300,25.89857101,65.40450287,22.55115509,58.49000168
2008-12-09,64.75708008,370790000,25.83830833,66.69790649,22.38191795,58.90999985
2008-12-10,65.19850922,396187400,25.75220871,66.53764343,22.36466980,55.72999954
2008-12-11,63.62839890,365061000,25.04619598,66.66823578,22.19198990,55.77999878
2008-12-12,64.38810730,415060400,25.55418015,66.66823578,22.49935532,54.27999878
2008-12-15,63.49092484,256694200,25.10646820,67.42761230,22.38191795,56.75999832
2008-12-16,66.47915649,377699500,26.31184959,69.09480286,22.79635811,52.36999893
2008-12-17,65.83520508,281819800,25.99327660,70.96954346,23.37998199,49.84000015
2008-12-18,64.60517120,374673300,25.53695679,72.45874023,24.73720169,47.34000015
2008-12-19,64.32724762,301451300,25.74647903,72.53588104,24.57143211,44.93000031
2008-12-22,63.50300980,243759500,25.18602371,71.97817230,25.55565453,44.56000137
2008-12-23,62.84654617,221625200,25.05668449,71.88322449,25.92863655,45.02000046
2008-12-24,63.21124268,62061600,25.12567139,71.72899628,25.52113724,44.20999908
2008-12-26,63.57595062,74767700,25.11704826,71.96632385,26.00807953,43.38000107
2008-12-29,63.39361191,127795900,24.91011047,71.87997437,26.18334198,43.90000153
2008-12-30,64.89617157,168256300,25.42745209,72.56459808,26.26333427,41.63000107
2008-12-31,65.82259369,193987200,25.64301491,71.04663086,26.43372154,40.00000000
2009-01-02,67.80657196,227566300,26.75531006,69.26076508,26.35026550,39.18999863
2009-01-05,67.72635651,240349700,26.74667740,67.47490692,27.62309456,39.08000183
2009-01-06,68.17858124,328260900,27.01397705,66.79631042,27.85613251,38.56000137
2009-01-07,66.13619995,280899200,26.24658012,67.05817413,27.35185242,43.38999939
2009-01-08,66.40612793,263834400,26.52249527,67.00464630,26.95538902,42.56000137
2009-01-09,64.98370361,330953600,25.92755508,67.10582733,27.35185242,42.81999969
2009-01-12,63.42277527,277858500,25.45333099,67.80229950,26.75715828,45.84000015
2009-01-13,63.53948212,356432300,25.46193886,67.87374115,26.65977859,43.27000046
2009-01-14,61.54087067,435491600,24.68592453,68.99287415,26.31897163,49.13999939
2009-01-15,61.56278229,532647300,25.09118462,69.10597992,26.21463585,51.00000000
2009-01-16,62.04418564,399237200,25.36710358,68.04041290,26.42677498,46.11000061
2009-01-20,58.76909256,419855200,24.10822296,68.02854919,25.97467613,56.65000153
2009-01-21,61.30747604,364360700,25.13429260,65.87957001,25.97817039,46.41999817
2009-01-22,60.35926056,427940300,24.79801369,64.61164856,25.90859985,47.29000092
2009-01-23,60.62178802,386800600,24.91873169,64.10559082,25.49476051,47.27000046
2009-01-26,61.03757095,317978800,25.09980011,63.54611206,25.56084442,45.68999863
2009-01-27,61.65759659,273789700,25.28087425,65.04023743,25.79731560,42.25000000
2009-01-28,63.74369812,330007000,26.16898537,63.41506195,26.71197128,39.65999985
2009-01-29,61.67219543,294392500,25.50505257,61.95663452,26.04771042,42.63000107
2009-01-30,60.41758347,383383600,25.05668449,61.76024246,26.16594887,44.84000015
2009-02-02,60.23521423,288233300,25.35847664,62.90930557,25.60847664,45.52000046
2009-02-03,61.08134842,278385800,25.75510979,61.41104889,25.65414429,43.06000137
2009-02-04,60.78229141,322989300,25.78959274,61.19616318,25.63306046,43.84999847
2009-02-05,61.68677902,417679400,26.35868073,61.24988174,25.42229462,43.72999954
2009-02-06,63.44464874,366101700,27.04846382,61.05884933,25.93515778,43.36999893
2009-02-09,63.53220367,240075200,27.16056633,61.25586700,26.13538361,43.63999939
2009-02-10,60.62178802,536212800,26.16035843,62.58694077,25.96325111,46.66999817
2009-02-11,60.97924423,324442500,26.03963280,63.39876556,25.90356445,44.52999878
2009-02-12,61.02301025,469302200,26.35868073,62.80186462,25.82276917,41.25000000
2009-02-13,60.36654663,293998400,26.23796272,61.13050461,25.92462921,42.93000031
2009-02-17,57.78436661,478910100,25.19464111,63.03463745,25.26421165,48.65999985
2009-02-18,57.64581680,362964800,25.21189117,62.49742126,25.11318207,48.45999908
2009-02-19,57.02580643,316867500,24.82389069,61.43487167,25.23962402,47.08000183
2009-02-20,56.47144699,477176600,24.89286423,62.03183365,24.87076759,49.29999924
2009-02-23,54.45096207,379641400,24.02200127,62.60487366,24.24549294,52.61999893
2009-02-24,56.51520920,426260900,24.81525993,62.53922272,24.58976173,45.49000168
2009-02-25,56.07026672,461985800,24.65144539,61.81694794,24.47031784,44.66999817
2009-02-26,55.15849686,363353900,23.96164131,61.16633987,23.98555183,44.65999985
2009-02-27,53.92577362,470510900,23.73747253,60.81409836,23.62372017,46.34999847
2009-03-02,51.49682617,426452600,22.97007370,61.82093811,23.13335800,52.65000153
2009-03-03,51.11024094,443761000,22.95282555,61.40792847,23.22567368,50.93000031
2009-03-04,52.32105637,462753100,23.56501198,61.12657166,23.22213936,47.56000137
2009-03-05,50.18387222,485549400,22.85797882,62.82654572,22.12139893,50.16999817
2009-03-06,50.27140427,490470000,22.67690849,62.40753555,22.01487541,49.33000183
2009-03-09,49.68056870,379905300,22.19405937,62.04242706,21.88704109,49.68000031
2009-03-10,52.64199066,406227900,23.56501198,60.85127640,22.97002220,44.36999893
2009-03-11,52.98484039,356648300,23.92716026,61.50967789,23.33576965,43.61000061
2009-03-12,55.07093048,409702700,24.72041702,61.80295181,23.72278595,41.18000031
2009-03-13,55.50133133,337474700,24.78078461,61.49171448,23.77604294,42.36000061
2009-03-16,55.33354950,360644900,24.36690331,60.52197647,23.91099358,43.74000168
2009-03-17,57.02580643,356814300,25.28949928,60.19282532,23.77604294,40.79999924
2009-03-18,58.30229187,473273200,25.60852242,62.47339249,24.32288742,40.06000137
2009-03-19,57.58015442,428520400,25.59128189,62.55124283,24.10981369,43.68000031
2009-03-20,56.35406113,371078200,25.20176506,62.20399475,24.06366920,45.88999939
2009-03-23,60.40191650,419933300,26.68727303,61.66529846,24.56078148,43.22999954
2009-03-24,59.21178818,330271000,26.19497681,62.25190735,24.60694695,42.93000031
2009-03-25,59.83621597,441775100,26.31589508,61.41395187,24.73830795,42.25000000
2009-03-26,61.05570221,422025200,27.12774467,62.12621689,25.12180901,40.36000061
2009-03-27,59.95376968,322332300,26.61818123,62.58710480,24.86614609,41.04000092
2009-03-30,57.88211060,324108500,25.96178246,62.82654572,23.70149422,45.54000092
2009-03-31,58.41837692,364238300,26.18634796,63.27550888,24.07432556,44.13999939
2009-04-01,59.54969406,377018300,26.57499695,63.85296249,24.11240768,42.27999878
2009-04-02,61.29080582,476230700,27.43001938,63.07259750,24.98924065,42.04000092
2009-04-03,61.90056610,284646300,27.93958664,61.78191757,25.34138489,39.70000076
2009-04-06,61.41567993,264866600,27.87048531,61.51780701,25.25873375,40.93000031
2009-04-07,59.98316956,258947800,27.13637352,61.67386246,24.96765518,40.38999939
2009-04-08,60.62964630,230402800,27.59412575,62.22016144,25.26233101,38.84999847
2009-04-09,63.03923035,269653500,28.44915962,61.43975067,25.98103714,36.52999878
2009-04-13,63.05393982,224847500,28.40596008,62.00404358,25.96308517,37.81000137
2009-04-14,61.96664047,276598800,28.06050301,62.32818604,25.83010864,37.66999817
2009-04-15,62.62787628,250726100,27.98277664,62.22016144,26.04931450,36.16999817
2009-04-16,63.54611206,335202900,28.70825195,61.72790527,26.46258545,35.79000092
2009-04-17,63.97222900,262649000,28.76870155,61.04960632,27.04113770,33.93999863
2009-04-20,61.29080582,293690100,27.84459305,61.97404480,26.05288696,39.18000031
2009-04-21,62.48826599,114090900,28.23323441,61.36174393,26.34756851,37.13999939
2009-04-22,62.10627365,340395200,28.31960297,60.98953629,26.47334862,38.09999847
2009-04-23,62.71601486,324903700,28.59596825,60.98353958,26.44459152,37.15000153
2009-04-24,63.66365814,287703000,29.09690666,60.37122726,26.85425949,36.81999969
2009-04-27,63.06128693,289581600,29.13143730,60.62937164,26.64224815,38.31999969
2009-04-28,62.86292267,247926300,28.91552925,59.63888550,26.69973373,37.95000076
2009-04-29,64.19998932,311505700,29.31280708,59.11062241,27.19562721,36.08000183
2009-04-30,64.22202301,301419800,29.60645294,58.87652969,27.40765762,36.50000000
2009-05-01,64.56729126,236110300,29.68418312,58.47132111,27.36456108,35.29999924
2009-05-04,66.76384735,287120000,30.27147102,58.66397476,27.29936028,34.52999878
2009-05-05,66.53612518,243036300,30.24557495,58.59169388,27.53477669,33.36000061
2009-05-06,67.68951416,291941000,30.25419998,58.45325089,27.76292610,32.45000076
2009-05-07,66.74919128,317728000,29.54599571,57.02619553,27.30663109,33.43999863
2009-05-08,68.30661011,299081700,29.56327820,57.16468048,27.79553413,32.04999924
2009-05-11,67.02832031,247923600,29.66690636,57.97759247,27.65067101,32.86999893
2009-05-12,66.82997131,282431300,29.30417252,58.18830109,27.75933075,31.79999924
2009-05-13,65.14765930,269619100,28.51824570,58.82052994,27.39715195,33.65000153
2009-05-14,65.70597839,260098700,28.83780289,59.04933929,27.10740852,31.37000084
2009-05-15,65.16969299,271502700,28.82051468,59.03125763,26.72715187,33.11999893
2009-05-18,67.02097321,241447400,29.57191086,58.11603546,27.29575920,30.23999977
2009-05-19,66.94016266,206102200,29.71010780,57.80895615,27.47682953,28.79999924
2009-05-20,66.49205780,285722200,29.60645294,58.41709518,27.88242912,29.03000069
2009-05-21,65.53703308,258988400,29.06235886,56.94794846,27.52392197,31.35000038
2009-05-22,65.39742279,166811900,28.96735001,56.31569290,27.90418053,32.63000107
2009-05-26,67.07241821,236318500,30.04692841,55.46673203,27.83175278,30.62000084
2009-05-27,65.87495422,246015800,29.83965492,54.48528290,27.88242912,32.36000061
2009-05-28,66.79325104,289095000,30.18511200,55.27409363,27.98023033,31.67000008
2009-05-29,67.97601318,258641500,30.55649948,56.70111465,28.19027710,28.92000008
2009-06-01,69.62160492,276246800,31.42879486,55.02483749,28.85733032,30.04000092
2009-06-02,69.68038177,230874500,31.47199249,55.32078934,28.77327538,29.62999916
2009-06-03,68.79880524,235310500,31.37697601,55.84029388,28.60877419,31.02000046
2009-06-04,69.44528961,210102300,31.73106956,54.68652344,28.69651985,30.18000031
2009-06-05,69.45996094,284257900,31.76562500,54.26967621,28.78787041,29.62000084
2009-06-08,69.17349243,238565100,31.67063904,54.13076782,28.83906555,29.77000046
2009-06-09,69.52610779,225125500,31.91244316,54.12471008,28.89389038,28.27000046
2009-06-10,69.34979248,296100400,31.80016899,53.27299500,28.93044472,28.45999908
2009-06-11,69.65833282,275414200,31.80016899,53.86499405,28.99623680,28.11000061
2009-06-12,69.84931946,184361800,31.65336418,54.34822845,29.14610291,28.14999962
2009-06-15,68.24781799,224190500,31.00561523,54.83753967,28.71480179,30.80999947
2009-06-16,67.32218170,227319000,30.70332336,55.79195786,28.44066048,32.68000031
2009-06-17,67.25609589,223445200,30.99694824,55.47787476,28.27618027,31.54000092
2009-06-18,67.74828339,211725100,30.93651009,54.63818359,28.54664040,30.03000069
2009-06-19,67.99797058,215655600,31.26857185,55.38723755,28.57587814,27.98999977
2009-06-22,65.95893860,251913600,30.33465576,55.92488861,28.18844223,31.17000008
2009-06-23,66.01064301,188309800,30.26547241,56.58329773,28.23596382,30.57999992
2009-06-24,66.57951355,211577700,30.77566719,56.01546860,28.37852859,29.04999924
2009-06-25,68.02755737,279411000,31.38098717,57.04238892,28.64899445,26.36000061
2009-06-26,67.85021973,167579000,31.45015907,57.13904572,28.64168358,25.93000031
2009-06-29,68.48561859,168481300,31.51934052,57.22361755,28.99988937,25.35000038
2009-06-30,67.93148804,228888200,31.45880699,57.12694168,29.13510895,26.35000038
2009-07-01,68.21223450,173041100,31.47610474,57.01366043,29.20704269,26.21999931
2009-07-02,66.35050201,212309900,30.78430176,57.14692688,28.69802856,27.95000076
2009-07-06,66.34311676,174499600,30.62002373,57.03787994,28.27012253,29.00000000
2009-07-07,65.05762482,197088900,29.85906410,57.41964340,27.87544632,30.85000038
2009-07-08,65.01331329,248050500,30.01470566,58.48017883,28.04511452,31.29999924
2009-07-09,65.13889313,163777600,30.06658936,57.78328705,28.44717979,29.78000069
2009-07-10,64.98370361,173520300,30.19629478,58.31654739,28.22957802,29.02000046
2009-07-13,66.56476593,217413500,30.77566719,57.98937225,28.29226494,26.30999947
2009-07-14,66.94156647,181487400,30.88807297,57.02573395,28.40291786,25.02000046
2009-07-15,68.89933014,220877900,31.92576599,55.55923080,29.03000069,25.88999939
2009-07-16,68.78847504,231174500,32.30622482,56.15917969,29.11854362,25.42000008
2009-07-17,69.54203033,138561700,32.47917938,55.29253006,29.14435577,24.34000015
2009-07-20,70.28082275,164179400,32.79046631,55.58342743,29.55010796,24.39999962
2009-07-21,70.60589600,217718300,33.01532364,56.69244385,29.69397163,23.87000084
2009-07-22,70.59114838,196068100,33.29201889,56.18339157,29.73085594,23.46999931
2009-07-23,72.14998627,258795500,34.02703094,55.15318298,30.03333473,23.43000031
2009-07-24,72.44548798,154003100,33.76762009,55.41978455,30.21038246,23.09000015
2009-07-27,72.65972900,159259400,34.02703094,54.78349686,30.26571274,24.28000069
2009-07-28,72.31988525,186685200,33.79358292,55.26830292,30.29893494,25.01000023
2009-07-29,72.14257050,194399300,34.01839447,55.57133484,30.40218353,25.61000061
2009-07-30,72.89615631,225575400,34.21727753,56.35915375,30.65303802,25.39999962
2009-07-31,72.99954987,207358000,34.11351395,57.45603561,31.15100479,25.92000008
2009-08-03,74.20380402,175776900,34.62371445,56.58535767,31.21014786,25.55999947
2009-08-04,74.39590454,176714600,34.62371445,56.13534164,31.14319801,24.88999939
2009-08-05,74.18164825,184726400,34.35565567,55.29624939,31.04273605,24.89999962
2009-08-06,73.79746246,193203800,34.05296707,55.48471069,30.79722214,25.67000008
2009-08-07,74.76528931,220640900,34.48533630,55.02257919,31.01299477,24.76000023
2009-08-10,74.61013794,130898700,34.24322128,55.70970917,31.15433311,24.98999977
2009-08-11,73.67926025,157301000,33.94921875,56.35423660,31.07995605,25.98999977
2009-08-12,74.46974945,219052400,34.47670364,55.75223160,31.00186348,25.45000076
2009-08-13,75.03862000,176449500,34.66694260,56.54272079,30.60755539,24.70999908
2009-08-14,74.46235657,199616100,34.26917267,56.76166916,30.45499611,24.27000046
2009-08-17,72.63021088,237667500,33.27474213,57.60073853,29.71100998,27.88999939
2009-08-18,73.20644379,173461500,33.75032425,57.26632309,30.22437286,26.18000031
2009-08-19,73.84918213,192812800,33.98381424,57.74060059,30.34712219,26.26000023
2009-08-20,74.61013794,174131300,34.38158035,58.21487427,30.25412178,25.09000015
2009-08-21,76.07292175,224605000,34.83990097,57.01703262,30.66703796,25.01000023
2009-08-24,76.06554413,191279000,34.80530167,58.05071259,30.50710106,25.13999939
2009-08-25,76.21327209,215310600,34.90907669,58.37905884,30.50337410,24.92000008
2009-08-26,76.22068787,194620700,34.84853745,58.64659119,30.62240791,24.95000076
2009-08-27,76.39061737,196230100,34.93502426,58.41552734,30.46616745,24.68000031
2009-08-28,76.37582397,147024400,34.96959305,58.68308640,30.61868668,24.76000023
2009-08-31,75.69617462,176051600,34.61505508,58.73786163,30.62240791,26.01000023
2009-09-01,74.02647400,321276800,33.96649933,58.59564590,30.33463669,29.14999962
2009-09-02,73.74574280,171805000,33.94056702,59.44959259,30.17329025,28.89999962
2009-09-03,74.35896301,143572300,34.16540527,59.08368301,30.36837769,27.10000038
2009-09-04,75.40061188,142687900,34.90041351,58.07715225,30.60102844,25.26000023
2009-09-08,76.05075836,132909100,35.22903061,57.66846848,31.03623390,25.62000084
2009-09-09,76.63440704,154612500,35.53167725,57.60138702,30.74360085,24.31999969
2009-09-10,77.41753387,162902400,35.86892319,58.66277313,31.22009087,23.54999924
2009-09-11,77.40274811,152360100,35.90350723,58.98607254,31.51647568,24.14999962
2009-09-14,77.77951050,149593800,36.04187393,58.40047073,31.55401993,23.86000061
2009-09-15,78.10459900,196795900,36.15428925,58.10157394,31.77913666,23.42000008
2009-09-16,79.28666687,206406300,36.68174362,58.20529556,32.18809509,23.69000053
2009-09-17,79.16844940,229170900,36.67311096,58.93729782,32.24435043,23.64999962
2009-09-18,79.21894073,153799100,36.73455811,58.41266251,32.15433502,23.92000008
2009-09-21,79.01851654,151892000,36.84708786,58.54687881,32.17308044,24.05999947
2009-09-22,79.47874451,143126700,36.91633987,58.66886520,32.13555908,23.07999992
2009-09-23,78.81806946,225947400,36.74322128,58.84576416,32.23311615,23.48999977
2009-09-24,77.94958496,228636800,36.41429520,59.01658249,32.29315567,24.95000076
2009-09-25,77.53390503,204059000,36.09405136,59.76689529,32.18809509,25.61000061
2009-09-28,78.92199707,118285800,36.70861053,60.29145050,32.44324112,24.87999916
2009-09-29,78.68450165,133733900,36.54413605,60.23654938,32.40572739,25.19000053
2009-09-30,78.38011932,254383000,36.57010651,60.18165207,32.39820480,25.61000061
2009-10-01,76.43527222,281840600,35.48815155,61.00587463,31.54515266,28.27000046
2009-10-02,76.07898712,224748800,35.38427734,60.58369064,31.55650139,28.68000031
2009-10-05,77.21468353,149875000,35.66992950,60.58979797,31.98020554,26.84000015
2009-10-06,78.32073975,202491100,36.30179596,59.99014282,31.87050056,25.70000076
2009-10-07,78.53600311,159200300,36.40564346,60.69380188,32.10503387,24.68000031
2009-10-08,79.13727570,183305800,36.56144333,60.05743027,32.30930710,24.18000031
2009-10-09,79.61977386,135008300,36.76918793,58.68066025,32.43414307,23.12000084
2009-10-12,79.93154907,118031000,36.84708786,58.77248383,32.42657852,23.01000023
2009-10-13,79.76823425,157692700,36.85573959,59.07837677,32.41901779,22.98999977
2009-10-14,81.14148712,191421600,37.35778809,58.20340347,32.54763031,22.86000061
2009-10-15,81.43844604,173873600,37.27121735,57.93417740,32.54006195,21.71999931
2009-10-16,80.82971191,192069400,37.02886581,58.40536118,32.53628159,21.43000031
2009-10-19,81.49781036,159530400,37.40104675,58.86426544,32.54386520,21.48999977
2009-10-20,81.06725311,180921100,37.40970612,59.18241501,32.60436630,20.89999962
2009-10-21,80.33980560,225379300,37.34044647,58.82752991,32.66110611,22.21999931
2009-10-22,81.15634918,238444000,37.48761368,58.53992081,32.91077423,20.69000053
2009-10-23,80.22849274,240033200,37.33181763,58.09937286,32.85404205,22.27000046
2009-10-26,79.35999298,242028200,37.21062088,57.34671783,32.87294769,24.30999947
2009-10-27,78.99623108,253266300,36.64801788,58.12993622,32.61569977,24.82999992
2009-10-28,77.50418091,248821400,35.82573700,58.40536118,32.07856369,27.90999985
2009-10-29,79.16696930,198110600,36.43162918,57.76897430,32.52873230,24.76000023
2009-10-30,76.87326813,325608100,35.45353699,58.60726929,32.22230148,30.69000053
2009-11-02,77.43737793,254222900,35.60068512,58.34817886,32.47519302,29.78000069
2009-11-03,77.68236542,228362600,35.71320343,57.76500702,32.54766083,28.80999947
2009-11-04,77.88275909,247996700,35.77379227,57.23705292,32.59725189,27.71999931
2009-11-05,79.31545258,180015300,36.65665436,57.23705292,32.62395477,25.43000031
2009-11-06,79.52326202,170954100,36.87306976,57.29233551,32.65446091,24.19000053
2009-11-09,81.33451843,159495700,37.66072845,57.35992432,32.78414917,23.14999962
2009-11-10,81.34934235,171899800,37.75593567,57.25548553,32.77270126,22.84000015
2009-11-11,81.76503754,169466200,37.99829483,57.49488831,32.79179001,23.04000092
2009-11-12,80.93367767,157144500,37.78189850,57.39058685,32.82991028,24.23999977
2009-11-13,81.37165833,150963000,38.09350204,57.65444946,32.76509857,23.36000061
2009-11-16,82.55190277,210922200,38.48301315,58.32978439,32.91765213,22.88999939
2009-11-17,82.64837646,147134100,38.60418701,58.64282990,32.91005325,22.40999985
2009-11-18,82.59640503,156486800,38.38779831,58.29912949,32.82610703,21.62999916
2009-11-19,81.52007294,208734600,37.79054642,58.40337753,32.89474487,22.62999916
2009-11-20,81.23055267,134196000,37.60013580,58.39119720,32.88712692,22.19000053
2009-11-23,82.26242065,148010200,38.20602798,58.31750107,32.85281372,21.15999985
2009-11-24,82.38855743,138420100,38.07620239,58.68581772,32.87187576,20.46999931
2009-11-25,82.67805481,109564800,38.24065399,58.95591736,32.88712692,20.47999954
2009-11-27,81.33451843,126001800,37.66072845,59.17686081,32.65825653,24.73999977
2009-11-30,81.60916901,160874800,37.70399094,59.31810379,32.76509857,24.51000023
2009-12-01,82.61869049,159613700,38.09350204,58.65729141,32.92721558,21.92000008
2009-12-02,82.58156586,132315100,38.14543152,58.70658875,32.96177292,21.12000084
2009-12-03,81.93576050,167324900,37.98962402,58.09695816,33.00408936,22.45999908
2009-12-04,82.40339661,274907800,38.18872070,57.48109818,33.13852310,21.25000000
2009-12-07,82.27722931,127973800,38.00695038,57.55500031,33.18082809,22.10000038
2009-12-08,81.36417389,169863700,37.77325058,57.64120483,33.21923828,23.69000053
2009-12-09,81.66852570,155063400,38.15410233,57.37644196,33.21923828,22.65999985
2009-12-10,82.12875366,138014600,38.34452820,56.71747589,33.38442612,22.31999969
2009-12-11,82.47764587,124854000,38.19737625,56.71132278,33.40365219,21.59000015
2009-12-14,83.04178619,107141500,38.56089783,56.77906799,33.67259216,21.14999962
2009-12-15,82.65582275,120408800,38.34452820,56.52661514,33.63801193,21.48999977
2009-12-16,82.78199768,155358200,38.39645004,56.45884705,33.71488190,20.54000092
2009-12-17,81.78729248,183390100,37.92905045,57.38871384,33.69564056,22.51000023
2009-12-18,82.25000763,174591200,38.54722214,57.14234924,33.67642593,21.68000031
2009-12-21,83.08589172,118039600,38.98073578,56.12629318,33.77633286,20.48999977
2009-12-22,83.38440704,91707500,39.21481323,55.81219864,33.84931183,19.54000092
2009-12-23,83.54859924,111783100,39.50092316,55.82452011,33.93001938,19.70999908
2009-12-24,83.94412994,39677500,39.86507034,55.24563599,34.05681610,19.46999931
2009-12-28,84.12325287,87508500,40.07316971,55.09166336,33.95691299,19.93000031
2009-12-29,84.00384521,80572500,39.90843964,55.45507812,33.77514267,20.01000023
2009-12-30,83.97396088,73138400,40.02979660,55.81972504,33.91823578,19.95999908
2009-12-31,83.16796112,90637900,39.66566467,55.55400848,33.97237396,21.68000031
2010-01-04,84.57849884,118944600,40.24657059,55.50453568,34.23925018,20.04000092
2010-01-05,84.80236053,111579900,40.24657059,55.86302567,34.40167236,19.35000038
2010-01-06,84.86209106,116074400,40.00379944,55.11521912,34.49063873,19.15999985
2010-01-07,85.22031403,131091100,40.02979660,55.20788193,34.62987137,19.05999947
2010-01-08,85.50389099,126402800,40.35924911,55.18315887,34.68399048,18.12999916
2010-01-11,85.62329865,106375700,40.19453430,54.88036728,34.65307236,17.54999924
2010-01-12,84.82475281,163333500,39.69166565,55.81972504,34.47517014,18.25000000
2010-01-13,85.54120636,161822000,40.18587112,55.17081833,34.55251312,17.85000038
2010-01-14,85.77256012,115718800,40.22055435,55.94332886,34.59118652,17.62999916
2010-01-15,84.80982971,212283100,39.75237274,56.28943253,34.45196533,17.90999985
2010-01-19,85.86956024,139172700,40.39393997,56.12874603,34.46744537,17.57999992
2010-01-20,84.99642181,216490200,39.81304932,56.69728851,34.41715622,18.68000031
2010-01-21,83.36200714,344859600,39.44026184,56.95688248,33.87957001,22.27000046
2010-01-22,81.50370026,345942400,38.28711700,56.85800934,33.55857468,27.30999947
2010-01-25,81.92166138,186937500,38.41717529,56.59844971,33.60883713,25.40999985
2010-01-26,81.57835388,211168800,38.45185471,56.61694717,33.65138245,24.54999924
2010-01-27,81.96641541,271863600,38.75530243,56.58608627,33.66296768,23.13999939
2010-01-28,81.02612305,316104000,37.75823975,56.55516815,33.51988983,23.72999954
2010-01-29,80.14546204,310677600,37.09932709,57.04958344,33.34973526,24.62000084
2010-02-01,81.39174652,187865000,37.50680923,56.53172302,33.51067352,22.59000015
2010-02-02,82.37689972,216327900,37.84493637,56.69294357,33.61199188,21.47999954
2010-02-03,81.96641541,172730700,38.05301285,56.03551483,33.78350830,21.60000038
2010-02-04,79.43647003,356715700,36.95191193,56.92243195,33.30414200,26.07999992
2010-02-05,79.60066223,493585800,37.26406479,57.04647827,33.10923386,26.11000061
2010-02-08,79.02597046,224166900,36.99527359,57.12090683,32.96503067,26.51000023
2010-02-09,80.01857758,337820500,37.37675095,56.55036163,33.03128815,26.00000000
2010-02-10,79.86185455,240511500,37.29873276,56.01074600,32.58697891,25.39999962
2010-02-11,80.69771576,223591600,37.86227798,55.70689774,32.71950150,23.95999908
2010-02-12,80.63053894,304622100,37.94031906,55.93631744,32.70000839,22.72999954
2010-02-16,81.89923096,159317500,38.42583847,56.04176331,33.02349854,22.25000000
2010-02-17,82.28734589,168845100,38.64259338,55.40295410,33.27682495,21.71999931
2010-02-18,82.77243042,193708600,38.88535309,55.17969894,33.59253311,20.62999916
2010-02-19,82.94409180,222684900,38.86801529,55.47735596,33.81858063,20.02000046
2010-02-22,82.95896912,132346900,38.78999329,55.24792099,33.86145020,19.94000053
2010-02-23,81.95147705,207497000,38.28711700,56.10997772,33.61591721,21.37000084
2010-02-24,82.70526886,176350700,38.67726898,56.24644852,33.74454498,20.27000046
2010-02-25,82.59332275,259634700,38.66859055,56.56272507,33.74842834,20.10000038
2010-02-26,82.64558411,173589300,38.80731583,56.85422134,33.97447205,19.50000000
2010-03-01,83.50378418,147709700,39.37088776,56.82931137,34.00039673,19.26000023
2010-03-02,83.73513031,160992400,39.49225235,56.75465775,34.22030640,19.05999947
2010-03-03,83.80978394,150785000,39.53560257,56.61157990,34.25563431,18.82999992
2010-03-04,84.06351471,135770400,39.66566467,56.91020203,34.28313065,18.71999931
2010-03-05,85.26507568,176118800,40.26388550,56.16360855,34.48728943,17.42000008
2010-03-08,85.27999878,114631200,40.34192276,55.87117767,34.49514008,17.79000092
2010-03-09,85.42181396,154556700,40.56734848,55.88362885,34.64435959,17.92000008
2010-03-10,85.80239868,186088800,40.89683151,55.74053574,34.65613556,18.56999969
2010-03-11,86.16065216,160791100,41.05289078,55.94585800,34.62474442,18.05999947
2010-03-12,86.16806793,162074800,41.06153488,56.29430771,34.63258362,17.57999992
2010-03-15,86.19047546,146816800,40.95751953,56.21960068,34.59331131,18.00000000
2010-03-16,86.87711334,168673000,41.21760941,56.66755676,34.71109772,17.69000053
2010-03-17,87.39202881,177468100,41.33032990,56.91020203,34.71109772,16.90999985
2010-03-18,87.34725952,196509100,41.46904755,56.72358322,34.76215363,16.62000084
2010-03-19,86.90512848,226641100,41.21820831,56.77958679,34.58938980,16.96999931
2010-03-22,87.36975861,184477800,41.59143066,56.84177780,34.75431061,16.87000084
2010-03-23,87.98423767,182941600,41.87783051,56.57425690,34.75037003,16.35000038
2010-03-24,87.55710602,196072600,41.67820740,55.54144669,34.73075104,17.54999924
2010-03-25,87.41471100,223396300,41.61747360,55.18683624,34.81318665,18.39999962
2010-03-26,87.36225891,205808500,41.66086578,55.34233093,34.80144119,17.77000046
2010-03-29,87.91679382,134513500,41.86047745,55.13079453,34.84461975,17.59000015
2010-03-30,87.97675323,145772500,41.99936295,55.30499268,34.80927658,17.12999916
2010-03-31,87.67696381,161078700,41.79969788,55.68454742,34.69933701,17.59000015
2010-04-01,88.27648926,161215200,41.79969788,55.54841232,34.61545563,17.46999931
2010-04-05,88.99589539,105847600,42.19028473,54.62416458,34.59964371,17.02000046
2010-04-06,89.20572662,110384200,42.31179047,54.71157455,34.82514572,16.22999954
2010-04-07,88.69611359,184576300,42.20765305,55.41099548,34.87654495,16.62000084
2010-04-08,89.00337982,158704000,42.30312729,55.43600845,34.93592834,16.47999954
2010-04-09,89.58788300,133006500,42.55482864,55.56715393,34.98731232,16.13999939
2010-04-12,89.73027039,110279000,42.58953476,55.86064529,34.99523544,15.57999992
2010-04-13,89.79772186,125043600,42.80653381,56.04174805,35.09019470,16.20000076
2010-04-14,90.81687927,161609000,43.31861877,55.64835358,35.18514633,15.59000015
2010-04-15,90.89178467,144615300,43.50956726,55.71077728,35.28010178,15.89000034
2010-04-16,89.44549561,366786700,42.98878860,56.11668396,34.99523544,18.36000061
2010-04-19,89.78273010,217947800,42.96275330,55.97927856,34.92799759,17.34000015
2010-04-20,90.58457947,157708000,43.17976379,56.17909241,35.30381393,15.72999954
2010-04-21,90.41968536,192910100,43.42275620,56.64128494,35.30778122,16.31999969
2010-04-22,90.68947601,115360300,43.66579056,56.47267532,35.20489502,16.46999931
2010-04-23,91.28150177,177335500,43.84804916,56.27280045,35.43433380,16.62000084
2010-04-26,90.93677521,143457300,43.75257874,56.33526993,35.43433380,17.46999931
2010-04-27,88.78604126,355853300,42.82389069,57.12832642,34.98731232,22.80999947
2010-04-28,89.46050262,300674100,42.84991455,56.64128494,35.01107407,21.07999992
2010-04-29,90.56960297,193775000,43.59633255,56.87855530,35.25241089,18.44000053
2010-04-30,89.03334808,270000900,42.73710632,57.53428650,35.36711502,22.04999924
2010-05-03,90.18737793,182747900,43.33597183,57.45907211,35.36314774,20.19000053
2010-05-04,88.06669617,360353400,42.03406143,58.49306870,35.00053787,23.84000015
2010-05-05,87.54209900,328973200,41.81708527,58.83771896,34.52240372,24.90999985
2010-05-06,84.63452911,647356600,40.41970444,60.65511703,33.66569138,32.79999924
2010-05-07,83.37558746,637558800,39.41290283,59.89682388,33.66173172,40.95000076
2010-05-10,87.04753876,396159600,41.46121979,58.65601730,34.29126740,28.84000015
2010-05-11,86.80020905,317849800,41.41784668,58.50563431,34.25142670,28.31999969
2010-05-12,88.01419067,235607100,42.19897461,58.06069565,34.66982269,25.52000046
2010-05-13,86.92015076,234452500,41.53066635,58.44295502,34.45464706,26.68000031
2010-05-14,85.34642792,345601400,40.73216629,59.45814514,34.25542450,31.23999977
2010-05-17,85.39137268,325739800,40.86234283,59.23879623,34.21158218,30.84000015
2010-05-18,84.22985840,360556800,40.29820633,60.14751816,34.13983536,33.54999924
2010-05-19,83.75027466,394742700,39.97705841,60.34803391,33.94063950,35.31999969
2010-05-20,80.58789062,530418300,38.49287796,61.62014008,32.92856216,45.79000092
2010-05-21,81.76438904,500909400,38.91817856,61.68285751,33.59003448,40.09999847
2010-05-24,80.71527100,269823000,38.76195145,61.46975327,33.64178848,38.31999969
2010-05-25,80.79771423,396505200,38.79667282,61.77055359,33.60194778,34.61000061
2010-05-26,80.31062317,349719300,38.36270523,61.59506989,33.19950104,35.02000046
2010-05-27,83.00090027,300870500,39.81214905,60.19764709,33.65773010,29.68000031
2010-05-28,81.95925140,297933500,39.57781219,60.47336578,33.71351242,32.06999969
2010-06-01,80.58039856,277909400,39.21328354,60.89842224,33.55411530,35.54000092
2010-06-02,82.67864227,240243700,40.14197159,60.31990433,33.72677612,30.17000008
2010-06-03,82.96337891,226618300,40.52385330,59.87980270,33.73880386,29.45999908
2010-06-04,80.04832458,398475600,39.13516617,61.48944855,33.55009842,35.47999954
2010-06-07,79.05167389,264609100,38.42344666,61.96108246,33.31722260,36.56999969
2010-06-08,79.89847565,357774300,38.35401154,61.65295029,33.36940765,33.70000076
2010-06-09,79.47131348,268023300,38.03289413,61.58380508,33.44167709,33.72999954
2010-06-10,81.79438782,317890600,39.11782074,60.48342896,33.78295135,30.56999969
2010-06-11,82.19155121,214128200,39.49102402,61.25053406,33.83116150,28.79000092
2010-06-14,82.06415558,207196100,39.48234177,60.93612671,33.87531281,28.57999992
2010-06-15,83.93012238,238268700,40.54122162,60.68456268,34.20455933,25.87000084
2010-06-16,83.90013885,216374000,40.70612717,61.03044128,34.23266220,25.92000008
2010-06-17,84.03503418,263185800,40.83631134,61.52716827,34.48961639,25.04999924
2010-06-18,84.12613678,174006600,40.87023926,61.42657089,34.63820267,23.95000076
2010-06-21,83.88519287,213140700,40.52239227,61.25053406,34.76265335,24.87999916
2010-06-22,82.49978638,239355400,40.20936584,61.97993469,34.51374054,27.04999924
2010-06-23,82.24376678,254639900,40.04414368,62.40121841,34.48961639,26.90999985
2010-06-24,80.88095093,268523600,39.43543625,62.03022003,34.25277328,29.73999977
2010-06-25,81.21974945,238726500,39.44328690,62.28170776,34.40933228,28.53000069
2010-06-28,80.96377563,169218600,39.30384827,62.86652756,34.48563004,29.00000000
2010-06-29,78.46400452,373649500,37.78781509,63.55188751,34.14030457,34.13000107
2010-06-30,77.71860504,284101700,37.21277618,63.97948456,34.08811569,34.54000092
2010-07-01,77.37223053,382924800,37.10820770,64.08040619,34.25112915,32.86000061
2010-07-02,76.95060730,233385200,37.00366211,63.56948853,34.25919724,30.12000084
2010-07-06,77.45508575,256935300,37.11693192,64.09299469,34.53022766,29.64999962
2010-07-07,79.89459229,253769400,38.30187607,63.34246063,34.94684219,26.84000015
2010-07-08,80.68516541,210842100,38.51099396,62.93881989,35.10862350,25.70999908
2010-07-09,81.28750610,144999900,38.87694550,62.57931519,35.02772141,24.97999954
2010-07-12,81.34025574,131283600,38.99018097,62.55407715,34.99939728,24.43000031
2010-07-13,82.56756592,213025900,39.49555206,62.01792526,35.27042389,24.55999947
2010-07-14,82.56002045,184426800,39.69594574,62.64238358,35.23805237,24.88999939
2010-07-15,82.58261108,232337900,39.73079681,63.26678085,35.29063034,25.13999939
2010-07-16,80.30872345,282693400,38.63297653,63.57581711,35.07627487,26.25000000
2010-07-19,80.78308868,186709000,38.96406174,63.18479538,35.19356155,25.96999931
2010-07-20,81.67909241,258162400,39.43455505,63.27936935,35.47671890,23.93000031
2010-07-21,80.61740875,264527000,38.89435959,64.35161591,35.46051788,25.63999939
2010-07-22,82.41695404,274781300,39.87890244,63.60734940,35.77600861,24.62999916
2010-07-23,83.13224792,222020800,40.13160706,62.93251419,35.93778992,23.46999931
2010-07-26,83.99810791,184445700,40.46266556,62.82527924,35.95397568,22.72999954
2010-07-27,83.99059296,204855600,40.44524765,62.21979523,35.90543747,23.19000053
2010-07-28,83.44850159,163056200,40.12287140,62.42167282,35.82858658,24.25000000
2010-07-29,83.04187012,220149100,39.82663727,62.40272522,35.93778992,24.12999916
2010-07-30,83.02684021,220070600,39.91376877,63.37398529,35.84480286,23.50000000
2010-08-02,84.90165710,188263200,40.66307068,62.48434830,36.03169250,22.01000023
2010-08-03,84.49505615,146657300,40.48881912,62.84498978,36.03169250,22.62999916
2010-08-04,85.05977631,158171700,40.89831543,62.36412430,36.01131439,22.20999908
2010-08-05,84.96942139,140473800,40.80246735,62.65515137,35.99502182,22.10000038
2010-08-06,84.62306976,239728300,40.74150085,63.33856583,35.98689651,21.73999977
2010-08-09,85.07482910,120800400,41.02030945,63.10444641,35.92174530,22.13999939
2010-08-10,84.61556244,242916300,40.66307068,63.23736191,35.90950775,22.37000084
2010-08-11,82.29651642,273406900,39.55653000,64.08518982,35.44118881,25.38999939
2010-08-12,81.79200745,239542600,39.24287796,63.92704010,35.31903839,25.72999954
2010-08-13,81.55110168,158698500,38.96406174,64.72428131,35.47377777,26.23999977
2010-08-16,81.51341248,147895300,39.03377533,66.34416962,35.51859665,26.10000038
2010-08-17,82.51483154,172270300,39.53039169,65.96448517,35.65296936,24.32999992
2010-08-18,82.66539001,182922100,39.68723679,66.14170837,35.71403885,24.59000015
2010-08-19,81.22731781,265847600,39.08605957,67.17305756,35.64074326,26.44000053
2010-08-20,80.96377563,209714200,39.13832092,67.09709930,35.72624588,25.48999977
2010-08-23,80.65508270,163490300,38.75494385,67.10971069,35.72624588,25.65999985
2010-08-24,79.45787048,280677800,38.03176880,68.18544006,35.53895187,27.45999908
2010-08-25,79.76660919,272234800,38.39773560,67.96401215,35.49007797,26.70000076
2010-08-26,79.23199463,224439500,37.93594742,68.60305023,35.44118881,27.37000084
2010-08-27,80.45931244,272649000,38.39773560,66.66049957,35.43712997,24.45000076
2010-08-30,79.29223633,167238600,37.99692154,67.93864441,35.50227737,27.20999908
2010-08-31,79.29223633,273933100,37.86622238,68.69162750,35.49007797,26.04999924
2010-09-01,81.66400909,256828100,38.99890137,67.27135468,35.87355804,23.88999939
2010-09-02,82.42449951,156112200,39.43455505,66.56057739,35.93099976,23.19000053
2010-09-03,83.49365234,212197300,40.08802032,65.73548889,36.03765488,21.30999947
2010-09-07,82.55247498,141973700,39.81792450,67.08095551,35.98431396,23.79999924
2010-09-08,83.13224792,149924400,40.29713821,66.54785156,35.99252701,23.25000000
2010-09-09,83.51622009,147017900,40.45394897,65.23422241,36.13610077,22.80999947
2010-09-10,83.93791962,127819000,40.60209656,64.93586731,36.23043060,21.98999977
2010-09-13,84.87156677,178503500,41.16842651,65.25321198,36.41910934,21.20999908
2010-09-14,84.81882477,209823600,41.34268570,65.88152313,36.41091156,21.55999947
2010-09-15,85.14257812,168608400,41.60406494,64.90415955,36.37807465,22.10000038
2010-09-16,85.12001801,199962900,41.76961136,64.26316071,36.43962860,21.71999931
2010-09-17,85.15179443,195836900,41.91108704,64.52338409,36.50524902,22.01000023
2010-09-20,86.45381927,214555200,42.64468002,64.89777374,36.56265259,21.50000000
2010-09-21,86.27970886,268389100,42.63596344,65.79896545,36.50112915,22.35000038
2010-09-22,85.85578918,191322400,42.52242279,66.38922882,36.35346985,22.51000023
2010-09-23,85.15937805,202354300,42.50496292,66.57962036,36.25914764,23.87000084
2010-09-24,86.91556549,209671800,43.36955643,65.68478394,36.40268707,21.70999908
2010-09-27,86.49921417,128761800,43.13375854,66.82708740,36.46424484,22.54000092
2010-09-28,86.80200195,209207500,43.11628342,67.28402710,36.51756287,22.60000038
2010-09-29,86.65060425,179665800,43.04644012,67.00480652,36.60367203,23.25000000
2010-09-30,86.39321899,287106700,42.85427475,66.96038818,36.78826141,23.70000076
2010-10-01,86.75656891,174638700,42.80187225,66.63678741,36.83654785,22.50000000
2010-10-04,86.10559845,166153200,42.33903885,66.80874634,36.70857239,23.53000069
2010-10-05,87.83907318,229634100,43.36955643,66.40743256,36.84072876,21.76000023
2010-10-06,87.83145142,148626600,42.99402618,67.24189758,36.80767441,21.48999977
2010-10-07,87.72550964,164860000,43.15120316,66.68138885,36.88197708,21.55999947
2010-10-08,88.21753693,177760100,43.44816971,66.38834381,37.00583267,20.70999908
2010-10-11,88.30081940,103098300,43.46562958,66.40110016,37.08430481,18.95999908
2010-10-12,88.57332611,182210000,43.76255798,65.74497223,37.05125809,18.93000031
2010-10-13,89.26218414,194347200,44.12060547,65.64299774,37.17513657,19.06999969
2010-10-14,88.91392517,217764300,44.03328323,64.66210175,36.99759293,19.87999916
2010-10-15,89.09563446,243705000,44.96774673,63.87215424,37.09255219,19.03000069
2010-10-18,89.53467560,141204800,44.80180359,64.38820648,37.04302979,19.09000015
2010-10-19,88.36139679,280604700,44.38261032,64.77674866,37.03887939,20.62999916
2010-10-20,89.22434998,200051800,44.70574951,64.91685486,37.15449142,19.79000092
2010-10-21,89.42111969,221585500,44.79307556,64.14606476,37.09668732,19.27000046
2010-10-22,89.58767700,108212400,45.09874725,64.57920837,37.26596832,18.78000069
2010-10-25,89.85260773,151145700,45.31708145,64.76395416,37.41046143,19.85000038
2010-10-26,89.86773682,158982900,45.43933868,63.76387405,37.46827316,20.21999931
2010-10-27,89.61035919,190024000,45.57909012,63.20334244,37.42698669,20.70999908
2010-10-28,89.62549591,168576000,45.67514038,63.37534714,37.44759369,20.87999916
2010-10-29,89.69367981,144305500,45.57034683,63.96772003,37.46413422,21.20000076
2010-11-01,89.72389984,174074800,45.60528183,63.69229507,37.39389801,21.82999992
2010-11-02,90.43547821,158345900,46.09434128,64.52944946,37.57677841,21.56999969
2010-11-03,90.79882050,226702800,46.30393219,63.21302032,37.70146179,19.55999947
2010-11-04,92.54743195,215039400,46.87160492,63.70509720,38.19190979,18.52000046
2010-11-05,92.89562988,180654100,46.87160492,62.61230087,38.15034485,18.26000023
2010-11-08,92.72151184,156107100,46.93273163,62.89348602,38.03813171,18.29000092
2010-11-09,92.05540466,186621600,46.67948532,61.50676346,37.93007660,19.07999992
2010-11-10,92.42630768,221387400,46.91527557,61.58990860,37.61831665,18.46999931
2010-11-11,92.07807159,158017600,46.61833954,61.55793381,37.46870422,18.63999939
2010-11-12,90.98805237,239068800,45.85853958,61.22565079,37.33156586,20.61000061
2010-11-15,90.85940552,163940800,45.68387604,59.94760895,37.26089096,20.20000076
2010-11-16,89.44386292,299566200,44.93280792,61.43652725,36.84941864,22.57999992
2010-11-17,89.48927307,172308900,45.06380081,61.09785080,37.03646469,21.76000023
2010-11-18,90.80638123,197723700,45.78866959,61.34709930,37.50610733,18.75000000
2010-11-19,91.05615997,156852900,45.82361603,61.72415161,37.49364853,18.04000092
2010-11-22,90.98048401,181361000,46.20787430,61.98612213,37.23181152,18.37000084
2010-11-23,89.66336060,222309000,45.47426987,62.29283142,36.72057724,20.62999916
2010-11-24,90.98805237,140046100,46.39126587,61.18092346,36.94086075,19.55999947
2010-11-26,89.92831421,76007800,46.08560944,62.03082657,36.80786896,22.21999931
2010-11-29,90.20081329,223642300,46.05066681,62.56124878,36.90346909,21.53000069
2010-11-30,89.69367981,233930700,45.49173737,62.88721466,36.98656845,23.54000092
2010-12-01,91.60118103,221037200,46.45242310,61.48917770,37.32881927,21.36000061
2010-12-02,92.77451324,191213600,46.92400360,61.32885742,37.34972382,19.38999939
2010-12-03,93.02432251,151288900,47.04627609,60.84798813,37.41250992,18.01000023
2010-12-06,92.92593384,103050500,47.02879715,61.70719147,37.39159775,18.02000046
2010-12-07,92.97891235,206581000,47.05499649,60.38623810,37.58404922,17.98999977
2010-12-08,93.31954956,138019200,47.22967911,59.80273819,37.46269989,17.73999977
2010-12-09,93.68285370,123705100,47.27333069,60.09769058,37.38323212,17.25000000
2010-12-10,94.22789764,117571700,47.58773804,59.73219681,37.39996338,17.61000061
2010-12-13,94.28846741,133812700,47.42179871,59.95661545,37.21166992,17.54999924
2010-12-14,94.37174988,147249600,47.50914383,59.08455276,37.39575195,17.61000061
2010-12-15,93.94023895,160823100,47.29954910,58.31502151,37.24935150,17.94000053
2010-12-16,94.48525238,185035200,47.66634369,58.71903610,37.38740158,17.38999939
2010-12-17,94.58645630,141075300,47.70833206,59.78990936,37.44178391,16.11000061
2010-12-20,94.81477356,119085500,47.74334335,59.72581100,37.50873947,16.40999985
2010-12-21,95.41593170,94965500,48.03210449,60.14261627,37.58823776,16.48999977
2010-12-22,95.71266937,78878100,48.02336884,59.71294403,37.69284439,15.44999981
2010-12-23,95.57572937,70053700,47.90084457,59.59114456,37.73047638,16.46999931
2010-12-27,95.61374664,58126000,47.92712021,60.12334442,37.75976562,17.67000008
2010-12-28,95.75072479,55309100,47.83960342,58.94583511,37.78378296,17.52000046
2010-12-29,95.81922913,58033100,47.94460678,59.94321060,37.91008759,17.28000069
2010-12-30,95.66703033,76616900,47.83085632,59.89815521,37.95221329,17.52000046
2010-12-31,95.68986511,91218900,47.65583420,60.56089401,38.01956177,17.75000000
2011-01-03,96.67910767,138725200,48.39964294,60.10403061,38.04907608,17.61000061
2011-01-04,96.62580109,137409700,48.36463165,60.17483902,38.22170639,17.37999916
2011-01-05,97.12807465,133975300,48.77590179,58.84934235,38.31855774,17.02000046
2011-01-06,96.93782806,122519000,48.93341827,59.10667419,38.36484528,17.39999962
2011-01-07,96.74760437,156034600,48.88967133,59.42197037,38.21748734,17.13999939
2011-01-10,96.62580109,122401700,49.07343674,59.74374771,38.18800735,17.54000092
2011-01-11,96.96826935,110287000,49.14342880,59.40908813,38.33541489,16.88999939
2011-01-12,97.84333801,107929200,49.49347687,58.94583511,38.41542053,16.23999977
2011-01-13,97.68355560,129048400,49.51095581,59.47349930,38.40697861,16.38999939
2011-01-14,98.39125824,117677900,49.87848663,59.09384918,38.47012329,15.46000004
2011-01-18,98.55865479,114401300,50.01848984,58.81716919,38.46593857,15.86999989
2011-01-19,97.59223175,151958400,49.44969559,59.24184036,38.34799957,17.30999947
2011-01-20,97.46289825,175745700,49.09969711,58.42466736,38.27221680,17.98999977
2011-01-21,97.68355560,151462900,48.72342682,58.88792419,38.42801666,18.46999931
2011-01-24,98.23907471,113715500,49.39721680,58.91366577,38.48276520,17.64999962
2011-01-25,98.29234314,167552200,49.46721649,59.47349930,38.54170609,17.59000015
2011-01-26,98.67279816,141281500,49.72971725,58.57264709,38.62171173,16.63999939
2011-01-27,98.91630554,123302700,50.03600311,58.83646393,38.67226028,16.14999962
2011-01-28,97.18894196,295637300,48.76714706,59.14532089,38.44065475,20.04000092
2011-01-31,97.91945648,149249200,49.00343323,58.69491577,38.64699554,19.53000069
2011-02-01,99.48699188,167194300,49.92225266,58.40431595,38.72283936,17.62999916
2011-02-02,99.29677582,118323600,49.84349060,58.41727448,38.76522064,17.29999924
2011-02-03,99.51746368,145886700,49.93099976,57.93303299,38.76522064,16.69000053
2011-02-04,99.79901886,134634800,50.21101379,57.34539032,38.93473816,15.93000031
2011-02-07,100.42299652,112439100,50.44728088,57.64237595,39.00678635,16.28000069
2011-02-08,100.87957764,99072800,50.77981186,57.11291885,39.04919434,15.81000042
2011-02-09,100.65129852,146436700,50.69229889,57.61013412,38.82879257,15.86999989
2011-02-10,100.68930817,162708500,50.77103424,56.94499207,38.87116241,16.09000015
2011-02-11,101.29045105,137710300,51.13857651,57.76504898,38.96865845,15.68999958
2011-02-14,101.53396606,101690700,51.26107788,57.80386353,38.99831009,15.94999981
2011-02-15,101.21435547,119575400,51.19107819,58.06208801,38.92203903,16.37000084
2011-02-16,101.85356140,130183500,51.52361679,57.87489319,38.93473816,16.71999931
2011-02-17,102.15799713,109810500,51.50611115,57.96522903,39.02376175,16.59000015
2011-02-18,102.37102509,130002400,51.39234543,57.78445435,39.14243698,16.43000031
2011-02-22,100.31646729,233116400,49.90472031,58.64965820,38.82033539,20.79999924
2011-02-23,99.70010376,227584000,49.49347687,58.86280823,38.85846710,22.12999916
2011-02-24,99.63162231,260431400,49.75597763,59.23730850,38.88814545,21.31999969
2011-02-25,100.69697571,141686900,50.44728088,59.58599472,39.00678635,19.21999931
2011-02-28,101.32089996,141585500,50.55229187,59.66346741,39.20176697,18.35000038
2011-03-01,99.63162231,258565500,49.73850632,59.83641815,39.14163589,21.01000023
2011-03-02,99.84467316,200277400,50.00100327,58.91655350,39.17574692,20.70000076
2011-03-03,101.56443024,176480100,50.98981476,58.34001541,39.31646347,18.60000038
2011-03-04,100.80345917,277202300,50.72730637,58.82588196,39.23545456,19.05999947
2011-03-07,100.01209259,216790400,50.04475403,58.45016479,39.24395370,20.65999985
2011-03-08,100.88719177,174615000,50.24600983,58.09385681,39.20986557,19.81999969
2011-03-09,100.74255371,153806000,49.90472031,58.65741730,39.09897232,20.21999931
2011-03-10,98.87825012,301291800,49.12594986,59.64206314,38.89426804,21.87999916
2011-03-11,99.56312561,225621800,49.43220520,59.30525208,38.88573074,20.07999992
2011-03-14,98.96196747,234974100,49.25719070,59.27935410,38.72792053,21.12999916
2011-03-15,97.82812500,359585400,48.55714798,60.16679764,38.52750015,24.31999969
2011-03-16,96.01706696,468670300,47.38457108,60.84698868,38.28868866,29.39999962
2011-03-17,97.28787231,254303700,47.82210159,60.38058090,38.70233536,26.37000084
2011-03-18,97.64170074,230435400,47.71430206,60.54251099,38.88573074,24.44000053
2011-03-21,99.15493774,153992600,48.63441849,60.18621445,39.12451935,20.61000061
2011-03-22,98.81105042,129538600,48.54679108,60.38706589,39.14586639,20.20999908
2011-03-23,99.09380341,148603100,48.81843185,60.30929947,39.09897232,19.17000008
2011-03-24,100.04147339,159129800,49.68597412,59.85584259,39.13308716,18.00000000
2011-03-25,100.34716034,155642800,49.80868530,59.70692062,39.14586639,17.90999985
2011-03-28,100.10262299,109762400,49.53701401,59.79108429,39.15867996,19.44000053
2011-03-29,100.77516174,129798800,50.01897430,59.33116150,39.17998505,18.15999985
2011-03-30,101.47068787,135835000,50.25558090,59.80403519,39.23971176,17.70999908
2011-03-31,101.33308411,132537100,50.32567978,59.68097305,39.21839905,17.73999977
2011-04-01,101.76105499,153850100,50.35196304,59.97108459,39.17116928,17.39999962
2011-04-04,101.84513092,100768900,50.18547440,60.03611374,39.41148758,17.50000000
2011-04-05,101.82989502,120791500,50.05400467,59.79543686,39.36855316,17.25000000
2011-04-06,102.15085602,120411600,50.17671204,58.89774323,39.45441818,16.89999962
2011-04-07,101.89099884,170731500,50.14164734,58.78065872,39.49301910,17.11000061
2011-04-08,101.53945923,147945400,49.90506363,58.46841049,39.49301910,17.87000084
2011-04-11,101.23373413,121385400,49.73856354,58.52045059,39.45441818,16.59000015
2011-04-12,100.47709656,161187400,49.39680099,59.15144348,39.32997131,17.09000015
2011-04-13,100.46947479,162059000,49.81742096,59.52223206,39.51877594,16.92000008
2011-04-14,100.54589081,161220400,49.72978210,59.47672653,39.35997772,16.27000046
2011-04-15,100.91272736,170006700,49.64216232,60.28334808,39.41148758,15.31999969
2011-04-18,99.78164673,210759300,49.29164886,60.41994476,39.27418137,16.95999908
2011-04-19,100.35483551,124258800,49.59835434,60.68016434,39.41148758,15.82999992
2011-04-20,101.72284698,156133800,50.72000885,60.28986740,39.56166458,15.06999969
2011-04-21,102.24256134,135935400,51.12309265,60.23778534,39.65609360,14.68999958
2011-04-25,102.13555145,65757100,51.25453949,60.46548080,39.61317825,15.77000046
2011-04-26,103.01442719,146600000,51.54373169,61.05096436,39.70331573,15.61999989
2011-04-27,103.68699646,143031000,51.89425659,60.42644501,39.72904968,15.35000038
2011-04-28,104.02327728,124791100,51.81537247,60.88833618,39.75049973,14.61999989
2011-04-29,104.26786804,115094100,51.77156830,61.07697678,39.84491348,14.75000000
2011-05-02,104.10733032,126278700,51.67516327,61.17494583,39.82461166,15.98999977
2011-05-03,103.73287964,138375000,51.42979813,61.52120590,39.83326340,16.70000076
2011-05-04,103.04502869,182678500,51.35093307,61.79559326,39.82032394,17.07999992
2011-05-05,102.11262512,226900000,51.07051849,62.38355255,39.65623093,18.20000076
2011-05-06,102.56352997,222787200,51.23702621,62.10919952,39.85915756,18.39999962
2011-05-09,102.96094513,114104500,51.42979813,62.04383087,39.91099930,17.15999985
2011-05-10,103.83986664,114806900,51.86793137,61.59958267,39.99736023,15.90999985
2011-05-11,102.74694061,193564200,51.49115372,61.95236969,39.93687439,16.95000076
2011-05-12,103.23610687,171550700,51.79784775,61.56042480,39.97574997,16.03000069
2011-05-13,102.44125366,157444900,51.18442917,62.11569977,39.81166458,17.06999969
2011-05-16,101.79164886,141675400,50.29939270,62.46193695,39.88937759,18.23999977
2011-05-17,101.77634430,192686200,50.43959808,63.10219574,39.95846939,17.54999924
2011-05-18,102.68582153,135217900,50.86020660,62.26596832,40.00595856,16.22999954
2011-05-19,102.93037415,119489500,51.00918961,62.23985672,39.98871994,15.52000046
2011-05-20,102.11262512,182594900,50.62363052,62.27248001,39.95846939,17.43000031
2011-05-23,100.92802429,168700000,49.87875748,62.57303619,39.76847458,18.27000046
2011-05-24,100.84397125,147199600,49.57205582,62.80820465,39.70371246,17.81999969
2011-05-25,101.18019867,151050100,49.76484680,62.51424789,39.70371246,17.06999969
2011-05-26,101.64643097,164850000,50.07155609,63.04995346,39.66916275,16.09000015
2011-05-27,102.03617859,120921900,50.32567978,63.02384949,39.79007339,15.97999954
2011-05-31,103.09854126,164731200,51.14063644,63.16757965,39.89801788,15.44999981
2011-06-01,100.78279877,233094300,50.02772522,64.02120972,39.66602707,18.29999924
2011-06-02,100.67581177,200466800,50.13288498,62.80167007,39.63998413,18.09000015
2011-06-03,99.67464447,234690200,49.37928391,63.16232681,39.48354721,17.95000076
2011-06-06,98.61994934,179951200,48.97620010,62.68361664,39.38798141,18.48999977
2011-06-07,98.55883026,161660500,48.88854218,62.97217941,39.35754013,18.06999969
2011-06-08,98.14614105,198696400,48.53803635,63.46388626,39.17076874,18.79000092
2011-06-09,98.89510345,160964400,48.62565994,63.20814133,39.19680786,17.77000046
2011-06-10,97.51943207,238629400,47.88079834,63.69337463,38.94046402,18.86000061
2011-06-13,97.59590149,207599800,47.88079834,63.37209702,38.79276657,19.61000061
2011-06-14,98.83397675,160570400,48.49422073,62.41479111,39.03605652,18.26000023
2011-06-15,97.07614136,300958000,47.57411575,63.54915237,38.87097931,21.31999969
2011-06-16,97.29016113,308032800,47.39009094,63.83767319,38.18016434,22.72999954
2011-06-17,97.58049774,233284900,47.24166870,63.53602982,38.60158920,21.85000038
2011-06-20,98.07975769,159479000,47.48756790,63.61470413,38.87097931,19.98999977
2011-06-21,99.42381287,193157300,48.50634766,63.33274460,39.13163757,18.86000061
2011-06-22,98.82472229,176703000,48.15504456,63.37209702,38.84923553,18.52000046
2011-06-23,98.54053497,334286500,48.60297775,63.85730362,39.05775833,19.29000092
2011-06-24,97.39613342,226129300,47.75983429,63.58849716,38.87097931,21.10000038
2011-06-27,98.26403809,168904700,48.52392578,62.71638107,38.86227798,20.55999947
2011-06-28,99.54669952,165556300,49.24408340,62.21154022,39.01869583,19.17000008
2011-06-29,100.39923859,244295500,49.44609070,61.79843521,39.40535736,17.27000046
2011-06-30,101.35926819,223322700,50.10478210,61.70011520,39.67037964,16.52000046
2011-07-01,102.85696411,202385700,50.86008453,61.60139847,39.88110352,15.86999989
2011-07-05,102.77249146,165936000,51.11480713,61.73957443,39.93356705,16.05999947
2011-07-06,102.89540863,143331600,51.28165436,62.05534744,39.95107651,16.34000015
2011-07-07,103.96297455,170464200,51.98424911,61.87117767,40.10849762,15.94999981
2011-07-08,103.22560883,194100500,51.84374619,62.74617767,39.99917221,15.94999981
2011-07-11,101.35926819,195918600,50.90399933,63.68704987,39.60564804,18.38999939
2011-07-12,100.92146301,214675700,50.51758957,63.90415192,39.49633026,19.87000084
2011-07-13,101.25945282,204062600,50.72833252,64.08174896,39.80242920,19.90999985
2011-07-14,100.56051636,226111800,50.13991165,63.16729355,39.78057861,20.79999924
2011-07-15,101.14424133,220012800,50.80738831,63.27254105,39.76742935,19.53000069
2011-07-18,100.31473541,196872100,50.53512573,62.66070938,39.69747925,20.95000076
2011-07-19,101.94300079,166554900,51.68565369,63.96334457,39.87675095,19.20999908
2011-07-20,101.88155365,137145400,51.46609879,63.20677185,39.91172409,19.09000015
2011-07-21,103.29479218,245246300,51.80861664,62.71993256,40.10409927,17.55999947
2011-07-22,103.36384583,126019400,52.34435272,63.19363403,40.15659714,17.52000046
2011-07-25,102.78784180,136653800,52.23893738,62.50273514,39.94233322,19.35000038
2011-07-26,102.40383911,131278200,52.37071228,62.93038559,40.02543259,20.22999954
2011-07-27,100.30706024,249020100,51.01818848,62.93702316,39.71060181,22.97999954
2011-07-28,100.01519775,207939900,51.10601044,63.17383575,39.77180099,23.73999977
2011-07-29,99.33161926,307038400,50.93913269,64.42388153,39.81116486,25.25000000
2011-08-01,98.90917969,325790900,50.70201492,65.07414246,39.89957428,23.65999985
2011-08-02,96.38233948,346653800,49.41973495,67.02807617,39.40689468,24.79000092
2011-08-03,96.90460968,370830800,49.89400482,67.16007996,39.38490295,23.37999916
2011-08-04,92.36542511,520721800,47.57538223,69.54970551,38.24992371,31.65999985
2011-08-05,92.22718048,655619200,47.27679062,67.54295349,38.21035004,32.00000000
2011-08-08,86.22105408,702263900,44.43122101,69.67512512,36.58267212,48.00000000
2011-08-09,90.23027039,717828700,46.57418442,69.88633728,37.70005798,35.06000137
2011-08-10,86.24409485,662607400,44.66837311,71.96575165,37.06219101,42.99000168
2011-08-11,90.11507416,487979700,46.63566589,68.33508301,37.73524475,39.00000000
2011-08-12,90.72182465,313731600,47.04844284,69.68832397,37.55929947,36.36000061
2011-08-15,92.64194489,258810600,47.74225235,68.98201752,38.17076111,31.87000084
2011-08-16,91.85086060,294095200,47.33826828,70.12401581,37.92881775,32.84999847
2011-08-17,91.91227722,238201100,47.05720901,71.35182953,38.34671402,31.57999992
2011-08-18,87.94915009,512956300,44.74739075,72.81725311,37.88041687,42.66999817
2011-08-19,86.51290131,428281300,43.93940353,73.40481567,37.55045700,43.04999924
2011-08-22,86.58203888,275090600,44.09748459,73.21992493,37.59448624,42.43999863
2011-08-23,89.43152618,331136600,45.91547394,72.20996094,37.87599945,36.27000046
2011-08-24,90.69110107,246869700,46.27556229,70.15700531,37.70443726,35.90000153
2011-08-25,89.30860901,312365400,45.52026367,70.91610718,37.40089798,39.75999832
2011-08-26,90.60661316,314495900,46.66201019,71.61586761,37.77920532,35.59000015
2011-08-29,93.21028137,190977200,47.96181870,70.62568665,38.16196060,32.27999878
2011-08-30,93.45605469,241315700,48.27799988,71.76104736,38.23234940,32.88999939
2011-08-31,93.87079620,301828400,48.35703659,70.65211487,38.72502899,31.62000084
2011-09-01,92.88770294,254585900,47.91793060,72.14975739,38.69978333,31.81999969
2011-09-02,90.51445770,255517200,46.79374695,74.49359894,38.51825714,33.91999817
2011-09-06,89.85390472,285130500,46.80253220,75.26826477,38.06225586,37.00000000
2011-09-07,92.38847351,209803200,47.98816681,73.83150482,38.24818802,33.38000107
2011-09-08,91.42841339,250568200,47.76861954,74.49359894,38.36774445,34.31999969
2011-09-09,89.03209686,380195100,46.70593262,75.28810883,38.02240753,38.52000046
2011-09-12,89.60811615,305793500,47.30313873,75.36759186,37.69476700,38.59000015
2011-09-13,90.42994690,272514700,47.93549347,74.29499817,37.98253250,36.90999985
2011-09-14,91.68186188,319389500,48.62053680,74.92398834,38.23491287,34.59999847
2011-09-15,93.26408386,326777200,49.34070206,73.77855682,38.49171448,31.96999931
2011-09-16,93.81601715,284528300,49.79297256,74.31487274,38.46957016,30.97999954
2011-09-19,92.88188934,241517000,49.81055832,75.73173523,38.41201401,32.72999954
2011-09-20,92.77382660,218932200,49.59058380,76.04959106,38.47400665,32.86000061
2011-09-21,90.04084778,316251300,48.72829437,78.56562805,38.14195251,37.31999969
2011-09-22,87.13033295,513911300,47.14449692,81.51857758,37.62395096,41.34999847
2011-09-23,87.65528870,307242500,47.64602661,80.00243378,37.72575760,41.25000000
2011-09-26,89.73976898,260673700,48.20037460,78.71788025,37.86746597,39.02000046
2011-09-27,90.74342346,311753900,48.70190048,77.51277924,37.91175079,37.70999908
2011-09-28,88.89054108,286696800,47.98038864,77.48635864,37.48668671,41.08000183
2011-09-29,89.59308624,298108900,47.40846252,78.02271271,37.41583633,38.84000015
2011-09-30,87.35422516,288392300,46.18542480,79.98254395,36.67205048,42.95999908
2011-10-03,84.86832428,365136800,44.99757004,82.18360138,36.22998428,45.45000076
2011-10-04,86.72888947,459177500,45.92145157,81.14147186,36.11855316,40.81999969
2011-10-05,88.33471680,284108000,47.10051346,80.55735016,36.55974960,37.81000137
2011-10-06,89.93278503,257800800,47.89240646,79.07047272,37.12568283,36.27000046
2011-10-07,89.33061981,312657900,47.57562637,78.48635101,37.15690231,36.20000076
2011-10-10,92.31832123,230666300,49.22103500,77.37778473,37.95460510,33.02000046
2011-10-11,92.41095734,209088000,49.55539322,77.11893463,37.53569031,32.86000061
2011-10-12,93.22158813,281544900,49.80175781,75.99711609,38.40913010,31.26000023
2011-10-13,93.03629303,212538800,50.25930405,76.75385284,38.24870682,30.70000076
2011-10-14,94.62667847,211397600,51.19198227,75.63867950,38.51607895,28.23999977
2011-10-17,92.82013702,202311600,50.40008926,76.94633484,38.29327393,33.38999939
2011-10-18,94.63438416,318857900,51.02480698,76.46842957,38.49824524,31.55999947
2011-10-19,93.51494598,226601300,50.03933716,76.44185638,38.37347794,34.43999863
2011-10-20,93.92413330,262075600,49.79297256,75.89754486,38.71217346,34.77999878
2011-10-21,95.70750427,278999400,50.41768646,75.09433746,39.18008041,31.31999969
2011-10-24,96.88099670,203215600,51.46475601,75.22048950,40.24067688,29.26000023
2011-10-25,94.99723816,268596800,50.45287704,77.13219452,39.52764893,32.22000122
2011-10-26,95.96225739,289053800,50.39130020,75.78468323,39.69701385,29.86000061
2011-10-27,99.30509186,393220200,51.78150940,73.21578979,40.28078842,25.45999908
2011-10-28,99.28195190,225906500,51.86071014,73.98578644,40.16043854,24.53000069
2011-10-31,96.88870239,228146700,50.98961639,76.91978455,39.78614044,29.95999908
2011-11-01,94.18662262,416565800,49.66098022,79.49462891,39.07607269,34.77000046
2011-11-02,95.72294617,244717600,50.08333588,78.50299835,39.44813538,32.74000168
2011-11-03,97.46771240,291174800,51.12158585,77.42489624,39.83814621,30.50000000
2011-11-04,96.87324524,249401600,50.85763168,77.51808167,39.79777145,30.15999985
2011-11-07,97.47544098,196617200,51.21839142,78.01053619,39.66332626,29.85000038
2011-11-08,98.72611237,224426300,51.80792236,77.01230621,39.75293732,27.47999954
2011-11-09,95.08217621,337982000,49.98653030,78.60954285,38.91019058,36.15999985
2011-11-10,95.97771454,231866500,49.96014786,77.43821716,38.95055389,32.81000137
2011-11-11,97.78424835,189924400,50.90161133,76.96569061,39.46605682,30.04000092
2011-11-14,96.85781097,159258300,50.58487701,78.20355225,39.20160294,31.12999916
2011-11-15,97.33648682,184709400,51.14798737,78.09702301,39.09849548,31.21999931
2011-11-16,95.79243469,235782500,50.30329514,78.80913544,38.71746445,33.50999832
2011-11-17,94.27155304,331219600,49.12425995,79.44142151,38.52916336,34.50999832
2011-11-18,94.17121124,215580400,48.74589920,79.42138672,38.50226974,32.00000000
2011-11-21,92.38007355,229611600,47.81320953,79.89394379,38.06745529,32.90999985
2011-11-22,92.01723480,216494900,47.97159576,80.78570557,37.77608871,31.96999931
2011-11-23,89.98680878,224329100,46.88933563,81.57769012,37.09468842,33.97999954
2011-11-25,89.81695557,99557000,46.52858353,80.39304352,37.09468842,34.47000122
2011-11-28,92.41869354,210686000,48.14756393,80.35316467,37.92398453,32.13000107
2011-11-29,92.68117523,199241500,47.84840775,79.69429016,38.17055511,30.63999939
2011-11-30,96.49497223,324439500,49.61698914,78.44979858,38.82055283,27.79999924
2011-12-01,96.47952271,176954800,49.96014786,78.05616760,38.99153519,27.40999985
2011-12-02,96.39460754,221109700,49.81935883,79.15026093,39.21259689,27.52000046
2011-12-05,97.44454193,225263900,50.36489487,78.99018860,39.43363571,27.84000015
2011-12-06,97.47544098,178842100,50.22411728,78.23627472,39.60960007,28.12999916
2011-12-07,97.83825684,237802500,50.22411728,78.51647949,39.48328018,28.67000008
2011-12-08,95.69203186,240862800,49.37942886,79.49724579,39.22610855,30.59000015
2011-12-09,97.31328583,209111400,50.17132187,77.86268616,39.56448746,26.37999916
2011-12-12,95.89279175,215826100,49.60818481,78.72994232,39.35240936,25.67000008
2011-12-13,94.99723816,245159800,49.06264114,79.46383667,39.20356369,25.40999985
2011-12-14,93.98592377,238618800,48.29715729,80.96494293,39.13587952,26.04000092
2011-12-15,94.32559967,199109200,48.16518021,80.66475677,39.27576065,25.11000061
2011-12-16,94.46541595,220481400,48.41314316,81.60540009,39.46070480,24.29000092
2011-12-19,93.45540619,183903000,47.93661118,82.63946533,39.41111374,24.92000008
2011-12-20,96.28340912,225418100,49.35740662,80.57796478,39.90283585,23.21999931
2011-12-21,96.46985626,194230900,48.65142059,79.45718384,40.01560211,21.43000031
2011-12-22,97.32450104,119465400,49.06619263,79.79074097,40.16900635,21.15999985
2011-12-23,98.19464111,92187200,49.48979950,78.90341187,40.35395050,20.72999954
2011-12-27,98.27231598,86075700,49.67438889,79.27816772,40.51506042,21.90999985
2011-12-28,96.98264313,119107100,49.10025787,80.74401855,40.32442474,23.52000046
2011-12-29,97.98487854,123507200,49.45356369,80.89125824,40.56497955,22.64999962
2011-12-30,97.50318146,95599000,49.31225586,81.15227509,40.58771133,23.39999962
2012-01-03,99.05700684,193697900,50.25732422,79.93415833,40.71932602,22.96999931
2012-01-04,99.21239471,127186500,50.46931076,78.98377991,40.65122604,22.21999931
2012-01-05,99.47653961,173895000,50.88445282,78.84322357,40.47423553,21.47999954
2012-01-06,99.22015381,148050000,51.06109238,79.46563721,40.34715271,20.62999916
2012-01-09,99.46099091,99530200,50.89326859,79.32505798,40.40162659,21.06999969
2012-01-10,100.32341766,115282000,51.26423645,79.19120789,40.54230499,20.69000053
2012-01-11,100.37777710,111540700,51.37022018,80.22196198,40.50145340,21.04999924
2012-01-12,100.61862183,118983700,51.57337952,80.10817719,40.44699860,20.46999931
2012-01-13,100.09808350,179836200,51.38790131,80.90463257,40.40162659,20.90999985
2012-01-17,100.48653412,132209200,51.85602188,81.27949524,40.48330307,22.20000076
2012-01-18,101.59751892,163395200,52.54497147,80.29557800,40.59674072,20.88999939
2012-01-19,102.13360596,126328900,52.87176895,79.19120789,40.65576172,19.87000084
2012-01-20,102.51428986,138230200,52.79227448,78.29438019,40.65576172,18.28000069
2012-01-23,102.25015259,129295800,52.80993652,77.79907990,40.79643631,18.67000008
2012-01-24,102.13360596,103083300,52.71278381,77.93965912,40.90084076,18.90999985
2012-01-25,102.98823547,198613200,53.37522507,77.75227356,41.25940323,18.30999947
2012-01-26,102.45989227,184880500,53.18974304,78.78295135,41.35922241,18.56999969
2012-01-27,102.41327667,135259100,53.34873962,79.03058624,41.20945740,18.53000069
2012-01-30,102.06367493,147311800,53.39289474,79.96092987,41.07783508,19.39999962
2012-01-31,102.02487183,157212000,53.46355820,80.88452911,41.18223572,19.44000053
2012-02-01,102.91828156,166234500,53.89635468,79.95805359,41.25843811,18.54999924
2012-02-02,103.08146667,113090400,54.06418610,79.92450714,41.28585434,17.97999954
2012-02-03,104.52650452,160598500,54.80609131,78.20695496,41.40451813,17.10000038
2012-02-06,104.45658112,107694500,54.76192856,78.98524475,41.41362381,17.76000023
2012-02-07,104.72072601,135528100,54.87675858,78.00574493,41.49576187,17.64999962
2012-02-08,105.03152466,139361400,55.16825104,78.06610870,41.53225708,18.15999985
2012-02-09,105.16358948,148602900,55.56570053,77.48245239,41.55051422,18.62999916
2012-02-10,104.38668823,167907500,55.17706680,78.48878479,41.18999481,20.79000092
2012-02-13,105.16358948,115841900,55.68937302,78.58941650,41.30866623,19.04000092
2012-02-14,105.03152466,165329500,55.83068848,79.00537872,41.30866623,19.54000092
2012-02-15,104.54203033,195195100,55.44205856,78.86445618,41.17629623,21.13999939
2012-02-16,105.69968414,186567800,56.20164108,78.23383331,41.34973145,19.21999931
2012-02-17,105.97933197,129869400,56.02500916,78.21372986,41.33604813,17.78000069
2012-02-21,106.02597809,134042300,56.18398285,77.34822845,41.49119568,18.19000053
2012-02-22,105.68408203,124455300,55.92783737,78.32102203,41.62357712,18.19000053
2012-02-23,106.15026855,137704300,56.29881668,78.32102203,41.77419662,16.79999924
2012-02-24,106.38334656,105539100,56.49314117,78.83090973,41.90198517,17.30999947
2012-02-27,106.56205750,145728900,56.57262421,79.52864838,41.91109467,18.19000053
2012-02-28,106.87281799,129355900,57.14673233,79.26699829,41.99327850,17.95999908
2012-02-29,106.45325470,185934700,56.89058685,78.78398132,42.04800797,18.43000031
2012-03-01,107.00487518,145023500,57.34104538,78.04228210,42.12009048,17.26000023
2012-03-02,106.67858124,120638300,57.29690552,78.77521515,41.94564438,17.29000092
2012-03-05,106.24351501,140765000,56.70511627,78.14987183,41.71154022,18.04999924
2012-03-06,104.68967438,202129900,56.14866638,79.09800720,41.15604019,20.87000084
2012-03-07,105.41994476,143692200,56.58143616,78.61384583,41.27082062,19.06999969
2012-03-08,106.46878052,116968900,57.19091034,77.82711029,41.59216309,17.95000076
2012-03-09,106.88058472,122836800,57.42937851,77.98179626,41.63805389,17.11000061
2012-03-12,106.88829803,104003500,57.45587158,77.96829987,41.63805389,15.64000034
2012-03-13,108.81511688,184090500,58.52463150,76.59653473,41.94105911,14.80000019
2012-03-14,108.69855499,145163600,58.72776413,74.66664886,41.83547974,15.31000042
2012-03-15,109.32787323,165118500,58.89558411,74.78099060,41.69316483,15.42000008
2012-03-16,109.47921753,152893500,58.85400009,74.92895508,41.54166794,14.47000027
2012-03-19,109.90843201,125291100,59.26982498,74.03457642,41.69775391,15.03999996
2012-03-20,109.58847809,121729700,59.37601089,74.33045197,41.66563034,15.57999992
2012-03-21,109.40905762,122388400,59.38486099,75.17101288,41.53249359,15.13000011
2012-03-22,108.62088013,135216700,59.26099014,75.41310120,41.63348389,15.56999969
2012-03-23,108.97204590,120521000,59.22560883,76.12582397,41.54625320,14.81999969
2012-03-26,110.50146484,120164000,60.26076889,75.73583221,41.79876328,14.26000023
2012-03-27,110.15810394,119868500,60.34924316,76.28048706,41.87219238,15.59000015
2012-03-28,109.61186981,148562100,60.11035919,76.17293549,41.73445892,15.47000027
2012-03-29,109.42465210,164963700,59.88031387,76.74446106,41.72988892,15.47999954
2012-03-30,109.87724304,135486800,59.76530075,75.44673157,41.64723969,15.50000000
2012-04-02,110.68093109,151741100,60.38462448,75.86469269,41.71882248,15.64000034
2012-04-03,110.22834778,155806700,60.36695099,74.55007172,41.68188095,15.65999985
2012-04-04,109.13591003,146896000,59.54411697,75.57476807,41.52947235,16.44000053
2012-04-05,109.08126831,137439400,59.91570282,76.12084198,41.42787933,16.70000076
2012-04-09,107.85616302,127555900,59.46448898,77.90067291,41.21541977,18.80999947
2012-04-10,106.04582214,235360300,58.50895309,78.78388977,41.01219940,20.38999939
2012-04-11,106.90419769,154133000,58.79207993,77.83999634,41.26160812,20.02000046
2012-04-12,108.30094910,154321500,59.46448898,77.51637268,41.63110733,17.20000076
2012-04-13,107.01342010,169246700,58.56203079,78.77032471,41.49711609,19.54999924
2012-04-16,106.94317627,147825300,57.90731049,78.65574646,41.56179428,19.54999924
2012-04-17,108.52725220,147877600,59.08405304,78.60858154,41.74195480,18.45999908
2012-04-18,108.16053009,123884200,58.93362808,78.83781433,41.72807312,18.63999939
2012-04-19,107.46604156,198666700,58.27006531,78.91197205,41.64954758,18.36000061
2012-04-20,107.64546967,143199600,58.11079788,78.92542267,41.71421432,17.44000053
2012-04-23,106.74032593,171844900,57.57995605,79.49849701,41.62647247,18.96999931
2012-04-24,107.14610291,137484200,57.27029037,78.93889618,41.72345734,18.10000038
2012-04-25,108.61306763,150252200,58.79207993,78.53437805,42.02825546,16.81999969
2012-04-26,109.36999512,136291600,59.13712311,79.00631714,42.05598068,16.23999977
2012-04-27,109.54946136,130725000,59.49102783,79.07374573,42.03750992,16.31999969
2012-04-30,109.14367676,115092200,59.06634521,79.09397125,42.12062836,17.14999962
2012-05-01,109.82260895,138832200,59.16368484,78.68378448,42.15270615,16.60000038
2012-05-02,109.49486542,121081000,59.33177567,79.23792267,42.31526566,16.87999916
2012-05-03,108.65987396,143759700,58.70357513,79.21766663,42.28740311,17.55999947
2012-05-04,106.90419769,193927300,57.24375153,79.83937073,42.20380402,19.15999985
2012-05-07,106.98223877,127765900,57.29683304,79.85289764,42.27344513,18.94000053
2012-05-08,106.55307770,213377700,57.08447647,80.27861023,42.26412964,19.04999924
2012-05-09,105.92097473,220752500,56.90753555,80.33270264,42.11553955,20.07999992
2012-05-10,106.13948059,150600000,56.79250717,80.09618378,42.06909561,18.82999992
2012-05-11,105.81953430,153032400,56.78367233,80.75847626,42.17589951,19.88999939
2012-05-14,104.64902496,163910000,56.25281143,81.88707733,41.86474991,21.87000084
2012-05-15,104.04821777,207629300,56.06700897,82.21823120,41.66038513,21.96999931
2012-05-16,103.65026855,207265500,55.68656921,82.45476532,41.25165939,22.27000046
2012-05-17,102.11301422,247992900,54.50984573,83.91453552,40.68041611,24.48999977
2012-05-18,101.23903656,319615900,53.80202866,83.93474579,40.68041611,25.10000038
2012-05-21,102.97913361,177861100,55.30613327,83.75904846,41.10304260,22.01000023
2012-05-22,103.15861511,197531200,55.24419785,82.82643127,41.09840775,22.47999954
2012-05-23,103.21327972,204958400,55.35036087,83.40084076,41.05659866,22.32999992
2012-05-24,103.41613007,167357600,54.98761368,83.08322906,41.06591034,21.54000092
2012-05-25,103.08059692,135465600,54.91683578,83.39406586,40.93586731,21.76000023
2012-05-29,104.32910156,152883500,55.61580276,83.13726044,41.38634872,21.03000069
2012-05-30,102.81530762,162370400,55.14688492,85.24578857,41.20056534,24.13999939
2012-05-31,102.58900452,196186000,54.90799332,86.23247528,40.76398468,24.05999947
2012-06-01,100.00614929,253240900,53.44813919,88.27963257,40.40977097,26.65999985
2012-06-04,99.95929718,202545800,53.85512924,87.58217621,40.44249725,26.12000084
2012-06-05,100.71622467,164149400,54.07632446,86.41059875,40.69951248,24.68000031
2012-06-06,102.97913361,184202800,55.31496429,84.68368530,41.13412476,22.15999985
2012-06-07,103.04157257,184772700,55.09378052,84.81240082,41.28834915,21.71999931
2012-06-08,103.86090851,143915400,55.62462616,84.79206085,41.44724655,21.22999954
2012-06-11,102.54217529,169756100,54.68680573,85.17807007,41.17621613,23.55999947
2012-06-12,103.72045135,181931800,55.35036087,84.39929199,41.46593475,22.09000015
2012-06-13,103.05718994,172223900,54.96993637,85.23225403,41.34441757,24.27000046
2012-06-14,104.14965820,230615500,55.17341995,85.12390137,41.65286255,21.68000031
2012-06-15,105.21480560,169444500,55.85890198,85.59798431,41.72763443,21.11000061
2012-06-18,105.41873169,131360900,56.38210678,86.05844116,41.74165344,18.31999969
2012-06-19,106.43843079,137382600,56.96738815,84.93428802,42.03606415,18.37999916
2012-06-20,106.26584625,206451800,57.01173401,85.35414886,42.19965744,17.23999977
2012-06-21,103.88140106,205272200,55.59287262,85.80783844,41.85380554,20.07999992
2012-06-22,104.68144226,130029200,56.17814255,84.66339111,42.13887024,18.11000061
2012-06-25,103.00289154,146375700,55.09627533,85.89593506,42.07345963,20.37999916
2012-06-26,103.52059174,141634000,55.44210434,85.55731964,42.01271439,19.71999931
2012-06-27,104.45399475,108088000,55.77911377,85.69273376,42.26505280,19.45000076
2012-06-28,104.15590668,169242100,55.15834427,85.90264893,42.26039505,19.70999908
2012-06-29,106.75215912,212250900,56.89644241,84.78530884,42.66228867,17.07999992
2012-07-02,107.07375336,129524500,57.06494141,85.66007233,42.70834732,16.79999924
2012-07-03,107.77971649,80450000,57.54379272,85.00180817,42.86344910,16.65999985
2012-07-05,107.29339600,126177500,57.57928467,85.43615723,42.86815262,17.50000000
2012-07-06,106.27370453,151192100,56.86096191,86.23015594,42.81177139,17.10000038
2012-07-09,106.14034271,103780500,56.75457001,86.99028015,42.82582855,17.97999954
2012-07-10,105.21480560,167884800,56.19586563,87.16675568,42.63785553,18.71999931
2012-07-11,105.23050690,141733400,55.88550949,87.27528381,42.77415848,17.95000076
2012-07-12,104.72068787,143583200,55.36229324,87.89283752,42.68014526,18.32999992
2012-07-13,106.47763824,129642600,56.20474625,87.66210938,42.81177139,16.73999977
2012-07-16,106.22661591,97525200,56.04513550,88.06934357,42.64723969,17.11000061
2012-07-17,106.95606995,138860300,56.33777237,87.37711334,42.84934235,16.47999954
2012-07-18,107.74830627,113349700,57.10040283,87.42461395,43.02795410,16.15999985
2012-07-19,108.03067780,129847300,57.73003006,87.20066071,43.13606262,15.44999981
2012-07-20,107.04237366,142904500,56.96738815,88.26615906,42.93395233,16.27000046
2012-07-23,105.95998383,145210900,56.27569199,88.76156616,42.86344910,18.62000084
2012-07-24,105.05013275,173301200,55.83229065,89.46058655,42.60023880,20.46999931
2012-07-25,105.07365417,129122300,55.45985031,89.69129181,42.51095200,19.34000015
2012-07-26,106.80706024,156526500,56.19586563,88.87013245,42.94807053,17.53000069
2012-07-27,108.77577972,236768900,57.52607346,87.19386292,43.20183563,16.70000076
2012-07-30,108.77577972,106782000,57.48172760,87.84533691,43.20183563,18.03000069
2012-07-31,108.01502228,120575900,57.46400833,88.02183533,43.09846115,18.93000031
2012-08-01,107.92089081,138293800,57.29549408,87.58182526,43.33240128,18.95999908
2012-08-02,107.17571259,199556600,57.09153748,88.07824707,43.15754700,17.56999969
2012-08-03,109.30133057,157825000,58.17341614,86.65688324,43.33712006,15.64000034
2012-08-06,109.51314545,86326200,58.61680984,86.69091034,43.30875015,15.94999981
2012-08-07,110.06220245,109545100,59.10457230,85.57553864,43.22368622,15.98999977
2012-08-08,110.19557953,89754700,59.07794571,85.11987305,43.25205231,15.31999969
2012-08-09,110.28968048,90291700,59.25529480,85.05864716,43.25678253,15.27999973
2012-08-10,110.47005463,99792700,59.29077911,85.48714447,43.21896362,14.73999977
2012-08-13,110.41516876,79426900,59.43267441,85.34429932,43.24259567,13.69999981
2012-08-14,110.43081665,102379400,59.45926666,84.18817139,43.30875015,14.85000038
2012-08-15,110.55632782,71085900,59.61002731,83.00479126,43.10080338,14.63000011
2012-08-16,111.37208557,112014200,60.31945419,82.29752350,43.26151657,14.28999996
2012-08-17,111.52109528,90813700,60.58548737,82.69876862,43.26151657,13.44999981
2012-08-20,111.52893066,78255700,60.67415237,82.86873627,43.31348038,14.02000046
2012-08-21,111.19166565,105581100,60.43473434,83.23603821,43.40798187,15.02000046
2012-08-22,111.23880768,133243500,60.68305588,84.60979462,43.36545944,15.10999966
2012-08-23,110.32884979,111466400,60.18643570,84.96347046,43.35601807,15.96000004
2012-08-24,110.99559784,99481200,60.55889130,84.88188934,43.54980469,15.18000031
2012-08-27,111.01912689,68785900,60.65642929,85.37828827,43.51669693,16.35000038
2012-08-28,110.90931702,75689600,60.65642929,85.58233643,43.47889709,16.48999977
2012-08-29,110.99559784,65421300,60.65642929,85.20829773,43.54033279,17.05999947
2012-08-30,110.19557953,96589900,60.04454422,85.65036011,43.52142334,17.82999992
2012-08-31,110.72103882,151970400,60.44360733,86.86086273,43.63484573,17.46999931
2012-09-04,110.61910248,120226200,60.38151169,86.77368927,43.63389587,17.97999954
2012-09-05,110.52497101,100660300,60.31945419,86.36471558,43.63864517,17.73999977
2012-09-06,112.76823425,158272500,61.65850449,84.92668152,43.89525986,15.60000038
2012-09-07,113.20751190,107272100,61.56982040,84.53141785,43.97129059,14.38000011
2012-09-10,112.56431580,86458500,60.78058243,84.73587036,43.90002441,16.28000069
2012-09-11,112.87805176,88760000,60.68305588,84.20429230,44.19940948,16.40999985
2012-09-12,113.25457764,87640900,60.86039734,83.15470123,44.33244705,15.80000019
2012-09-13,114.98014832,225470200,61.68511581,82.82757568,44.61758041,14.05000019
2012-09-14,115.48999786,169777000,62.23492050,80.62614441,44.61284637,14.51000023
2012-09-17,115.09780121,119427800,62.26152802,81.59394836,44.57480621,14.59000015
2012-09-18,115.00367737,98326600,62.31472397,82.00286865,44.59380722,14.18000031
2012-09-19,115.06642151,128318300,62.43000412,82.54131317,44.53678131,13.88000011
2012-09-20,115.07429504,154009800,62.36794281,82.74580383,44.32771301,14.06999969
2012-09-21,115.02621460,108737500,62.38572693,82.84125519,44.26592255,13.97999954
2012-09-24,114.85269165,95682000,62.02110672,83.48863983,44.20890808,14.14999962
2012-09-25,113.63047791,133165200,61.14957809,84.31333160,43.81446075,15.43000031
2012-09-26,112.99174500,146502200,60.65155029,85.21977997,43.59585953,16.80999947
2012-09-27,114.05632019,111830300,61.48749161,84.61320496,44.07109451,14.84000015
2012-09-28,113.52792358,150696100,60.98060608,84.66087341,43.86199570,15.72999954
2012-10-01,113.82753754,135911200,60.89167786,84.97508240,43.78795242,16.31999969
2012-10-02,113.94586945,113422200,61.06953812,84.85892487,43.89785385,15.71000004
2012-10-03,114.41109467,121283100,61.46082306,84.88627625,44.00773621,15.43000031
2012-10-04,115.23123169,124311600,61.67426682,83.82765961,44.19403458,14.55000019
2012-10-05,115.23912048,124842100,61.34523010,82.74175262,44.17013168,14.32999992
2012-10-08,114.84484100,78415400,60.78496170,83.43840790,44.10803223,15.10999966
2012-10-09,113.70934296,148872900,59.81558609,83.28814697,43.98381424,16.37000084
2012-10-10,112.98383331,124247500,59.51324844,83.87545013,43.87870407,16.29000092
2012-10-11,113.04691315,123601500,59.32647324,84.45598602,44.11756134,15.59000015
2012-10-12,112.67630768,124181900,59.29980469,84.66772461,44.19403458,16.13999939
2012-10-15,113.61465454,107689100,59.73555756,84.47646332,44.39466476,15.27000046
2012-10-16,114.76594543,108815500,60.58041382,83.30862427,44.55706024,15.22000027
2012-10-17,115.28638458,128834100,60.54484177,82.53682709,44.65739059,15.06999969
2012-10-18,114.98677063,148108500,59.84227753,82.03147125,44.63352203,15.02999973
2012-10-19,113.07058716,185645200,58.41045761,83.14471436,44.40898132,17.05999947
2012-10-22,113.08632660,125578600,58.71281815,82.61200714,44.41855240,16.62000084
2012-10-23,111.51713562,192056300,58.15255737,83.79353333,44.25134277,18.82999992
2012-10-24,111.20172119,120179400,57.94803238,82.96716309,44.21312332,18.32999992
2012-10-25,111.52503204,134457400,57.94803238,82.54367828,44.28476334,18.12000084
2012-10-26,111.46188354,146023500,58.11699295,83.75940704,44.17967987,17.80999947
2012-10-31,111.46188354,103438500,57.76126480,84.25115204,44.23220444,18.60000038
2012-11-01,112.62901306,100995600,58.57944107,83.56130981,44.20834351,16.69000053
2012-11-02,111.62754822,137702200,57.95691681,83.49991608,44.14624023,17.59000015
2012-11-05,111.85621643,98378500,58.33932114,83.97108459,44.07457733,18.42000008
2012-11-06,112.73152924,107068100,58.44605255,83.17887878,44.14145279,17.57999992
2012-11-07,110.17661285,264304500,57.06760406,84.68823242,43.87870407,19.07999992
2012-11-08,108.85182190,181517300,56.16939163,85.94486237,43.73540878,18.48999977
2012-11-09,108.94647980,201055300,56.40950775,86.04051208,43.65896606,18.61000061
2012-11-12,109.03316498,97677500,56.40060425,86.18395233,43.67329788,16.68000031
2012-11-13,108.65465546,123018300,56.00930786,86.47077179,43.57298660,16.64999962
2012-11-14,107.18795776,191505000,55.35121536,86.55270386,43.33410263,17.92000008
2012-11-15,107.00661469,178128400,55.16445160,86.38200378,43.31502533,17.98999977
2012-11-16,107.53492737,239483900,55.40457153,86.30686951,43.43921280,16.40999985
2012-11-19,109.71133423,151495800,56.72076797,85.82193756,43.98860931,15.23999977
2012-11-20,109.75864410,119807400,56.73854828,84.96144867,43.99336624,15.07999992
2012-11-21,109.96367645,81710800,56.85415268,84.91360474,43.97902679,15.31000042
2012-11-23,111.46188354,65409200,57.71680450,84.83167267,44.12715530,15.14000034
2012-11-26,111.22534180,100124400,57.96581650,85.23461151,44.13670349,15.50000000
2012-11-27,110.65761566,128646200,57.77014923,85.56924438,44.17967987,15.92000008
2012-11-28,111.54874420,177086500,58.26816940,85.44631958,44.18921280,15.51000023
2012-11-29,112.06912231,151085900,58.61501694,85.45994568,44.38507462,15.06000042
2012-11-30,112.09272766,136568300,58.51717758,85.22774506,44.45199966,15.86999989
2012-12-03,111.54076385,124656300,58.40159225,85.30644989,44.67721939,16.63999939
2012-12-04,111.38308716,127512200,58.36600494,85.79915619,44.67721939,17.12000084
2012-12-05,111.58024597,147300500,57.71680450,85.75809479,44.74925232,16.45999908
2012-12-06,111.95871735,103220600,58.09032440,85.94284058,44.83089828,16.57999992
2012-12-07,112.29776764,108726400,57.74349976,85.14906311,44.76366806,15.89999962
2012-12-10,112.34511566,98840700,57.91246414,85.52542114,44.80205154,16.04999924
2012-12-11,113.11000824,152570400,58.66837311,84.87532806,44.84531403,15.56999969
2012-12-12,113.16521454,145880100,58.54385757,83.88988495,44.97978592,15.94999981
2012-12-13,112.47129059,135715000,58.08142471,83.95155334,44.82129669,16.55999947
2012-12-14,112.05332947,137701700,57.53004837,84.58103943,44.78768921,17.00000000
2012-12-17,113.37020874,143238200,58.29486847,83.31511688,44.96056366,16.34000015
2012-12-18,114.63191223,177762800,59.18418121,82.46659851,44.98455048,15.56999969
2012-12-19,113.78028870,150895400,58.92628479,82.74030304,44.93654251,17.36000061
2012-12-20,114.43475342,168487000,58.92628479,82.75396729,45.09503555,17.67000008
2012-12-21,113.39607239,245883800,58.30654144,83.65727234,44.96535492,17.84000015
2012-12-24,113.04666901,53874600,58.19028091,83.50671387,44.80205154,17.84000015
2012-12-26,112.57009888,106947700,57.68054962,83.80710602,44.91072845,19.47999954
2012-12-27,112.41924286,167920600,57.59112930,84.08827209,45.00246811,19.46999931
2012-12-28,111.20419312,148806700,57.03667831,84.56835175,44.88174438,22.71999931
2012-12-31,113.09424591,243935200,58.24393845,83.10758209,45.07489014,18.02000046
2013-01-02,115.99291229,192059000,60.09508896,81.99652100,45.49980927,14.68000031
2013-01-03,115.73075867,144761800,59.78209686,80.88550568,45.35978317,14.56000042
2013-01-04,116.23910522,116817700,59.58535004,81.20100403,45.38877106,13.82999992
2013-01-07,115.92141724,110002500,59.60324097,81.23525238,45.42738724,13.78999996
2013-01-08,115.58791351,121265100,59.48699570,81.77025604,45.39357376,13.61999989
2013-01-09,115.88169861,90745600,59.71054459,81.69481659,45.48052216,13.81000042
2013-01-10,116.80286407,130735400,60.06825256,81.46843719,45.55776596,13.48999977
2013-01-11,116.79499054,113917300,60.14873505,82.19544220,45.63984680,13.35999966
2013-01-14,116.71556091,89567200,59.88047791,81.96907043,45.57706070,13.52000046
2013-01-15,116.79499054,93172600,59.58535004,82.34630585,45.58672714,13.55000019
2013-01-16,116.77908325,104849500,59.82680130,82.51772308,45.50950241,13.42000008
2013-01-17,117.53352356,133833500,60.11299133,81.69481659,45.67363739,13.56999969
2013-01-18,117.79564667,169906000,59.97883224,82.32575226,45.73641205,12.46000004
2013-01-22,118.43093872,111797300,60.07720184,82.48349762,45.76538467,12.43000031
2013-01-23,118.62154388,104596100,60.44386673,82.36002350,45.71224976,12.46000004
2013-01-24,118.65325165,146426400,59.61217499,82.07201385,45.81364822,12.68999958
2013-01-25,119.32035065,147211600,59.91624069,80.94720459,45.79918671,12.89000034
2013-01-28,119.17740631,113357700,60.05038452,80.65235138,45.77503586,13.56999969
2013-01-29,119.64595795,105694400,60.05931473,80.20658875,45.69778061,13.31000042
2013-01-30,119.17740631,137447700,59.93411255,80.06941986,45.36944199,14.31999969
2013-01-31,118.88355255,108975800,59.79998016,80.46034241,45.22938538,14.27999973
2013-02-01,120.10660553,131173000,60.50646973,79.41556549,45.37940598,12.89999962
2013-02-04,118.75650787,159073600,59.45121765,80.43280029,45.19007492,14.67000008
2013-02-05,119.95569611,113912400,60.32759857,79.71799469,45.29202271,13.72000027
2013-02-06,120.04302216,138762800,60.13084030,80.37093353,45.22406769,13.40999985
2013-02-07,119.88419342,162490000,60.18452454,80.19222260,45.13670731,13.50000000
2013-02-08,120.55130005,103133700,60.80157089,80.50157166,45.14640045,13.02000046
2013-02-11,120.52744293,73775000,60.81944656,80.43969727,45.14153671,12.93999958
2013-02-12,120.72600555,65392700,60.56905746,80.24034882,45.29689789,12.64000034
2013-02-13,120.82927704,82322600,60.78368378,79.58740997,45.36483765,12.97999954
2013-02-14,120.94043732,80834300,60.76579285,80.30908203,45.34542847,12.65999985
2013-02-15,120.79754639,215226500,60.58694458,80.07543182,45.35030365,12.46000004
2013-02-19,121.70281219,95105400,61.02511978,79.67675781,45.39398956,12.31000042
2013-02-20,120.18604279,160574800,60.08613968,79.91729736,45.35030365,14.68000031
2013-02-21,119.45532990,183257000,59.44227982,80.38474274,45.39881897,15.22000027
2013-02-22,120.62279510,106356600,60.04142380,80.43969727,45.51045990,14.17000008
2013-02-25,118.32769775,245824800,59.29918289,82.02059937,45.36970139,18.98999977
2013-02-26,119.13771057,186596200,59.52274323,81.54633331,45.59300995,16.87000084
2013-02-27,120.63863373,150781900,60.13084030,81.30574036,45.67064667,14.72999954
2013-02-28,120.40038300,126866000,60.00564957,81.45695496,45.65125656,15.51000023
2013-03-01,120.79754639,170634800,60.25605392,81.90054321,45.74201965,15.35999966
2013-03-04,121.44075775,99010200,60.52433395,81.46659851,45.74693298,14.01000023
2013-03-05,122.52872467,121431900,61.41860580,81.23240662,45.83964920,13.47999954
2013-03-06,122.69551849,94469900,61.26658249,80.49537659,45.81036377,13.52999973
2013-03-07,122.91779327,86101400,61.42757034,79.87545013,45.87868118,13.06000042
2013-03-08,123.44197083,123477800,61.49909973,79.04196930,45.93238449,12.59000015
2013-03-11,123.91053009,83746800,61.67794418,79.11774445,45.90311432,11.56000042
2013-03-12,123.63258362,105755800,61.45439148,79.68946075,45.88360214,12.27000046
2013-03-13,123.80727386,92550900,61.37392044,79.60681915,45.89334869,11.82999992
2013-03-14,124.46643829,126329900,61.57957840,79.36573029,46.06904602,11.30000019
2013-03-15,124.30207062,138601100,61.40837097,79.73767090,46.06417465,11.30000019
2013-03-18,123.61605835,126704300,61.27393723,80.34384155,46.07394028,13.35999966
2013-03-19,123.32891846,167567300,61.15739822,80.88798523,45.99584198,14.39000034
2013-03-20,124.19043732,113759300,61.58763504,79.98567963,46.14712524,12.67000008
2013-03-21,123.12953186,128605000,60.88849258,80.75711823,46.06417465,13.98999977
2013-03-22,124.11864471,111163600,61.48009872,80.81908417,46.03001404,13.56999969
2013-03-25,123.60009766,151322300,61.25599670,80.74337006,45.96165466,13.73999977
2013-03-26,124.58926392,86856600,61.58763504,80.83977509,46.04463196,12.77000046
2013-03-27,124.58926392,99950600,61.66833496,81.52861786,45.96657181,13.14999962
2013-03-28,124.97221375,102932800,61.82068634,81.11532593,46.04952621,12.69999981
2013-04-01,124.47762299,99194100,61.39941406,81.72623444,46.13196182,13.57999992
2013-04-02,125.09184265,101504300,61.88342285,81.39492035,46.09760284,12.77999973
2013-04-03,123.82348633,154167400,61.31874466,82.12659454,46.09760284,14.21000004
2013-04-04,124.32602692,131885000,61.33666611,83.10684204,46.08288574,13.89000034
2013-04-05,123.76763153,159666000,60.82576752,84.78433228,46.12703705,13.92000008
2013-04-08,124.60521698,86571200,61.14842987,84.13538361,46.17612839,13.18999958
2013-04-09,125.03598022,101922200,61.56076050,83.92828369,46.32329178,12.84000015
2013-04-10,126.56745148,135711100,62.76186752,82.77548981,46.47047043,12.35999966
2013-04-11,126.98231506,110142500,62.73496628,82.93428040,46.47047043,12.23999977
2013-04-12,126.67119598,116359900,62.69015503,84.16995239,46.48518753,12.06000042
2013-04-15,123.73576355,217259000,61.45320129,84.90167236,46.19082260,17.27000046
2013-04-16,125.56243134,147507800,62.26886368,84.20449829,46.50971985,13.96000004
2013-04-17,123.72776031,226834800,61.04985046,84.76364899,46.43613434,16.51000023
2013-04-18,122.95402527,167583200,60.20727539,84.97071075,46.36256790,17.55999947
2013-04-19,124.02293396,149687600,61.03190613,84.79122925,46.33800507,14.97000027
2013-04-22,124.57328033,106553500,61.65934753,84.85337830,46.44595718,14.39000034
2013-04-23,125.85755920,166141300,62.25093842,84.55652618,46.62746429,13.47999954
2013-04-24,125.93732452,96781200,62.22406006,84.77051544,46.71086502,13.60999966
2013-04-25,126.44787598,131060600,62.55569458,84.40467072,46.83842850,13.61999989
2013-04-26,126.22448730,95918800,62.35849762,85.17779541,46.78937149,13.60999966
2013-04-29,127.07006073,88572800,62.93213272,84.86713409,46.87767029,13.71000004
2013-04-30,127.37311554,116010700,63.38927078,84.91548920,47.02487183,13.52000046
2013-05-01,126.25639343,138874200,63.09349823,85.78784180,46.93515015,14.48999977
2013-05-02,127.42899323,96407600,63.89124680,85.67715454,47.23585510,13.59000015
2013-05-03,128.72128296,144202300,64.64422607,83.65712738,47.30981445,12.85000038
2013-05-06,129.04833984,66882100,64.89514160,83.44955444,47.33941650,12.65999985
2013-05-07,129.70240784,90359200,64.85933685,83.12449646,47.30487823,12.82999992
2013-05-08,130.29264832,97419200,65.17303467,83.25585175,47.47251892,12.65999985
2013-05-09,129.92570496,106738600,65.08339691,83.04142761,47.33448410,13.13000011
2013-05-10,130.34851074,103203000,65.47779083,82.14900970,47.08796310,12.59000015
2013-05-13,130.45216370,81843200,65.55843353,81.51950836,46.89567184,12.55000019
2013-05-14,131.80020142,119000900,65.89907074,80.63405609,46.94498062,12.77000046
2013-05-15,132.51016235,120718500,66.03348541,81.17360687,46.94992447,12.81000042
2013-05-16,131.88801575,109913600,65.96179962,82.01760101,47.06330872,13.06999969
2013-05-17,133.16432190,129801000,66.59818268,80.97995758,47.06330872,12.44999981
2013-05-20,133.15631104,85071200,66.49960327,80.88311005,47.11260223,13.02000046
2013-05-21,133.34776306,95804200,66.57130432,81.51950836,47.20133591,13.36999989
2013-05-22,132.35865784,244031800,65.98869324,80.30892944,46.91048431,13.81999969
2013-05-23,131.97575378,211064400,65.83631134,80.68942261,46.78227615,14.06999969
2013-05-24,131.86408997,151573900,65.80045319,80.80004120,46.69356918,13.98999977
2013-05-28,132.65377808,143679800,66.23070526,78.75241089,46.52098846,14.47999954
2013-05-29,131.79228210,160363400,65.91698456,79.63789368,46.33363342,14.82999992
2013-05-30,132.27885437,107793800,66.26653290,79.44415283,46.42731094,14.52999973
2013-05-31,130.38041687,176850100,65.65705872,79.17440033,45.81105804,16.29999924
2013-06-03,131.09829712,168390700,65.77355957,79.59387207,45.77091599,16.28000069
2013-06-04,130.46815491,157631500,65.43296051,78.85884857,45.77091599,16.27000046
2013-06-05,128.64146423,211737800,64.58142090,79.94757843,45.37446976,17.50000000
2013-06-06,129.80604553,200225500,64.89514160,79.89904022,45.73125839,16.62999916
2013-06-07,131.45733643,188337800,65.78251648,78.47055054,45.76100159,15.14000034
2013-06-10,131.45733643,105667100,65.80941010,78.09605408,45.66683960,15.43999958
2013-06-11,130.10122681,159505400,65.15507507,79.02528381,45.38438034,17.06999969
2013-06-12,129.02438354,177361500,64.40216827,77.89498138,45.41908264,18.59000015
2013-06-13,130.98666382,163587800,65.21782684,79.11547089,45.93941498,16.40999985
2013-06-14,130.16503906,141197500,64.78757477,78.92821503,45.99393463,17.14999962
2013-06-17,131.17012024,136295600,65.41503906,78.51215363,45.98895645,16.79999924
2013-06-18,132.20707703,114695600,65.95284271,78.55373383,46.10293961,16.61000061
2013-06-19,130.38041687,206149500,65.21782684,77.74239349,45.41410828,16.63999939
2013-06-20,127.14977264,321255900,63.66718292,76.46650696,44.96807861,20.48999977
2013-06-21,127.55799103,271956800,63.32907867,75.16972351,44.67567062,18.89999962
2013-06-24,125.94615173,222329000,62.69965363,75.48179626,44.12564087,20.11000061
2013-06-25,127.15700531,162262200,63.15824127,74.80911255,44.75500488,18.46999931
2013-06-26,128.41598511,134848000,63.72470474,75.29455566,45.12668228,17.20999908
2013-06-27,129.16976929,129483700,63.99448395,76.06427765,45.34474182,16.86000061
2013-06-28,128.64054871,160402900,64.08435059,76.58439636,45.03744125,16.86000061
2013-07-01,129.39430237,131954800,64.48003387,76.73867798,45.28158569,16.37000084
2013-07-02,129.27406311,154863700,64.50697327,76.68996429,45.14209366,16.44000053
2013-07-03,129.33018494,75216400,64.76776886,76.46065521,45.24671173,16.20000076
2013-07-05,130.72552490,122416900,65.26233673,73.85424042,44.76346588,14.89000034
2013-07-08,131.47122192,108092500,65.32524872,74.57015991,45.38121414,14.77999973
2013-07-09,132.41748047,119298000,65.72089386,74.64664459,45.40614319,14.35000038
2013-07-10,132.46559143,121410100,66.09854126,74.06281281,45.58549881,14.21000004
2013-07-11,134.26991272,135592200,67.41133118,74.93154907,46.15842056,14.01000023
2013-07-12,134.32598877,104212700,67.70806122,74.86898804,46.11355972,13.84000015
2013-07-15,134.83920288,69450600,67.86092377,75.26516724,46.30789948,13.78999996
2013-07-16,134.33403015,88702100,67.77101898,75.52233124,46.19331741,14.42000008
2013-07-17,134.67884827,92873900,67.94187164,75.66137695,46.53210831,13.77999973
2013-07-18,135.41661072,103620100,67.77101898,74.71609497,46.81106949,13.77000046
2013-07-19,135.65718079,103831700,67.06964111,75.89763641,46.78120422,12.53999996
2013-07-22,135.92184448,79428600,67.26748657,76.00882721,46.81603622,12.28999996
2013-07-23,135.63310242,80829700,66.77293396,75.68913269,46.70146179,12.65999985
2013-07-24,135.13591003,112914000,66.98873901,74.73003387,46.30789948,13.18000031
2013-07-25,135.46473694,111088600,67.41133118,74.70219421,46.20323181,12.97000027
2013-07-26,135.60902405,107814600,67.77101898,75.16091919,46.22321701,12.72000027
2013-07-29,135.19209290,79695000,67.64511871,74.61187744,46.12355042,13.39000034
2013-07-30,135.19209290,85209600,68.00479889,74.58404541,46.18832016,13.39000034
2013-07-31,135.28826904,142388700,68.13066864,74.85511780,46.32282639,13.44999981
2013-08-01,136.85202026,110438400,68.82306671,73.41276550,45.88378143,12.93999958
2013-08-02,137.08451843,91116700,69.20972443,74.22103119,46.16413116,11.97999954
2013-08-05,136.88410950,54072700,69.25463104,73.64971161,45.92882919,11.84000015
2013-08-06,136.10627747,87495000,68.84101105,73.86569977,45.88378143,12.72000027
2013-08-07,135.66516113,84854700,68.71512604,74.41616821,45.73858261,12.97999954
2013-08-08,136.16235352,102181300,69.05682373,74.61821747,45.83871841,12.72999954
2013-08-09,135.76943970,91757700,68.77807617,74.73668671,45.84370422,13.40999985
2013-08-12,135.60902405,68593300,68.93993378,74.22796631,45.80365372,12.81000042
2013-08-13,136.00993347,80806000,69.32658386,73.15498352,45.80365372,12.31000042
2013-08-14,135.31233215,79829200,69.06581879,73.26646423,45.71354675,13.03999996
2013-08-15,133.41990662,152931800,67.89687347,72.27703094,45.47824478,14.72999954
2013-08-16,132.97874451,130868200,67.86992645,72.02619934,45.32303238,14.36999989
2013-08-19,132.12879944,96437600,67.75302887,71.39908600,45.02266693,15.10000038
2013-08-20,132.77833557,89294400,68.04975128,71.94955444,45.43820190,14.90999985
2013-08-21,131.96040344,159530500,67.81594849,71.16215515,45.27299500,15.93999958
2013-08-22,133.16329956,101471400,68.48136139,71.88683319,45.51829910,14.76000023
2013-08-23,133.61225891,90888900,68.93993378,72.66723633,45.70856094,13.97999954
2013-08-26,133.11511230,89702100,68.97586823,73.02954865,45.71354675,14.98999977
2013-08-27,130.97402954,158619400,67.56419373,73.94929504,45.41819382,16.77000046
2013-08-28,131.43914795,108113000,67.82495117,73.35009003,45.58837891,16.48999977
2013-08-29,131.64765930,119200500,68.30150604,73.93539429,45.77364349,16.80999947
2013-08-30,131.23065186,134928900,67.86092377,73.85174561,45.73359680,17.01000023
2013-09-03,131.82409668,142375100,68.24759674,72.81011963,45.49198151,16.61000061
2013-09-04,132.91465759,97389400,68.97586823,72.64945221,45.66314316,15.88000011
2013-09-05,133.08302307,63090500,69.09278870,71.63636780,45.43159866,15.77000046
2013-09-06,133.14720154,159756500,69.17374420,71.99272919,45.58257675,15.85000038
2013-09-09,134.42219543,87559300,69.98300171,72.02770996,45.69834518,15.63000011
2013-09-10,135.41661072,105847200,70.32469177,71.52465057,45.85939407,14.52999973
2013-09-11,135.84158325,94545900,70.18978882,72.16040039,45.91979218,13.81999969
2013-09-12,135.48071289,83209000,70.14483643,72.06259155,45.86445999,14.28999996
2013-09-13,135.78544617,72727800,70.18978882,72.34205627,45.82919693,14.15999985
2013-09-16,136.57131958,106299200,70.00094604,71.85996246,46.08085251,14.38000011
2013-09-17,137.18080139,82523300,70.46855927,72.45380402,46.23182297,14.52999973
2013-09-18,138.76852417,203460600,71.31375885,73.34807587,46.67470551,13.59000015
2013-09-19,138.53602600,146616900,71.48460388,72.91489410,46.53882980,13.15999985
2013-09-20,137.56744385,132867100,71.23928833,73.29917908,46.48348236,13.11999989
2013-09-23,136.93081665,104616500,71.09500885,73.83707428,46.47841644,14.31000042
2013-09-24,136.60847473,106333100,71.09500885,74.63349915,46.37777710,14.07999992
2013-09-25,136.21360779,117306500,70.85149384,74.78720093,46.29724503,14.01000023
2013-09-26,136.73741150,77146900,71.40164948,74.26325226,46.27207565,14.06000042
2013-09-27,136.10891724,99141800,71.31143951,74.44488525,46.22175980,15.46000004
2013-09-30,135.38362122,143937000,71.14009094,74.33309174,46.09090805,16.60000038
2013-10-01,136.45541382,127160000,71.86161041,74.10757446,46.29065704,15.53999996
2013-10-02,136.32643127,113350000,71.83454895,74.21964264,46.31090927,16.60000038
2013-10-03,135.06939697,176698000,70.99581146,74.10048676,46.34123611,17.67000008
2013-10-04,136.09278870,96878000,71.60906219,74.04452515,46.42214584,16.73999977
2013-10-07,134.91627502,96295000,71.01383209,74.34572601,46.30079269,19.40999985
2013-10-08,133.34494019,178015000,69.64297485,74.36671448,46.28055191,20.34000015
2013-10-09,133.44165039,168973000,69.42652893,73.77133179,46.32101440,19.60000038
2013-10-10,136.31842041,195955000,70.89659119,73.89038086,46.53342438,16.47999954
2013-10-11,137.19674683,105040000,71.45574188,73.86940765,46.61942291,15.72000027
2013-10-14,137.74464417,112106000,71.96080780,73.27404785,46.69019699,16.06999969
2013-10-15,136.74545288,155485000,71.68122864,73.22501373,46.67500687,18.65999985
2013-10-16,138.65524292,161676000,72.49289703,74.14260864,46.92288589,14.71000004
2013-10-17,139.58190918,129389000,72.90777588,74.81497192,47.15044022,13.47999954
2013-10-18,140.52468872,138316000,74.08924103,74.97612000,47.24655533,13.03999996
2013-10-21,140.53276062,104104000,74.25159454,74.73796082,47.14031982,13.15999985
2013-10-22,141.34664917,126663000,74.35980988,75.57149506,47.28194046,13.32999992
2013-10-23,140.66979980,105484000,73.90884399,75.86566925,47.32237625,13.42000008
2013-10-24,141.13710022,70350000,74.23352051,75.57149506,47.33754349,13.19999981
2013-10-25,141.78179932,93625000,74.76564789,75.85168457,47.35273743,13.09000015
2013-10-28,142.00735474,84979000,74.78365326,75.59252930,47.34262848,13.31000042
2013-10-29,142.76487732,87401000,74.90993500,75.69055176,47.41848755,13.40999985
2013-10-30,142.05570984,140002000,74.83782196,75.23528290,47.22631073,13.64999962
2013-10-31,141.65280151,133795000,74.66644287,75.39637756,47.25160980,13.75000000
2013-11-01,141.99122620,142805000,74.68447113,74.58029938,47.17029190,13.27999973
2013-11-04,142.49087524,85677000,74.79271698,74.65056610,47.25160980,12.93000031
2013-11-05,142.03967285,85825000,74.87385559,73.75852203,47.12452698,13.27000046
2013-11-06,142.76487732,87348000,74.85580444,73.79364014,47.26173019,12.67000008
2013-11-07,140.95983887,157000000,73.44889832,74.41873169,47.29224396,13.90999985
2013-11-08,142.86152649,136713000,74.44098663,72.62779236,47.21092987,12.89999962
2013-11-11,142.88577271,62614000,74.32373810,72.35385132,47.03304672,12.52999973
2013-11-12,142.59565735,83990000,74.44098663,72.69097137,46.96702576,12.81999969
2013-11-13,143.73989868,103844000,75.34286499,72.95788574,47.14485168,12.52000046
2013-11-14,144.45704651,103435000,75.57733154,73.40742493,47.28207779,12.36999989
2013-11-15,145.08557129,102818000,75.72161865,73.55484772,47.35323715,12.18999958
2013-11-18,144.57794189,104796000,74.98208618,73.99734497,47.21600342,13.10000038
2013-11-19,144.26361084,93891000,74.76564789,73.43550873,47.19569397,13.39000034
2013-11-20,143.81234741,124909000,74.58528137,72.18537140,47.14996338,13.39999962
2013-11-21,144.97274780,92841000,75.34286499,72.30471802,47.31253815,12.65999985
2013-11-22,145.69802856,81296000,75.74869537,72.97898102,47.34816360,12.26000023
2013-11-25,145.55294800,79486000,75.92906189,73.18962860,47.41929626,12.78999996
2013-11-26,145.59320068,86994000,76.32589722,73.46356201,47.45489120,12.81000042
2013-11-27,145.94778442,58800000,76.85800171,73.33711243,47.42437363,12.97999954
2013-11-29,145.85105896,55870900,77.31796265,73.35823059,47.47520065,13.69999981
2013-12-02,145.47230530,99726000,77.09249115,72.78764343,47.49048615,14.22999954
2013-12-03,144.84384155,116563000,77.02931976,73.05528259,47.44453812,14.55000019
2013-12-04,144.82766724,123033000,77.10150909,72.35794830,47.32199860,14.69999981
2013-12-05,144.19107056,106934000,77.00230408,72.15368652,47.28626251,15.07999992
2013-12-06,145.80274963,127728000,77.56147766,72.49883270,47.41901398,13.78999996
2013-12-09,146.17338562,70124000,77.87710571,72.66788483,47.59262848,13.48999977
2013-12-10,145.64962769,80976000,77.82300568,73.18915558,47.59262848,13.90999985
2013-12-11,144.01383972,130591000,76.82192230,72.62567139,47.44966125,15.42000008
2013-12-12,143.53842163,115565000,76.62351227,72.35091400,47.36286163,15.53999996
2013-12-13,143.52232361,107808000,76.52429962,72.70312500,47.43944168,15.76000023
2013-12-16,144.41673279,96195000,76.94816589,72.43546295,47.48031998,16.03000069
2013-12-17,143.95748901,89886000,76.79487610,72.75952148,47.48539734,16.20999908
2013-12-18,146.41511536,234906000,77.68771362,72.39318848,47.56712723,13.80000019
2013-12-19,146.24589539,136531200,77.47128296,72.32270050,47.51603317,14.14999962
2013-12-20,147.09667969,197087000,78.26022339,73.43574524,47.54666901,13.78999996
2013-12-23,147.88249207,85598000,79.08351898,73.02007294,47.58242416,13.03999996
2013-12-24,148.20657349,45368800,79.11969757,72.43546295,47.55692291,12.47999954
2013-12-26,148.95999146,63365000,79.38210297,72.15625763,47.60156250,12.32999992
2013-12-27,148.95193481,61814000,79.18305969,71.95129395,47.59640121,12.46000004
2013-12-30,148.92767334,56857000,79.06543732,72.44602966,47.63745880,13.56000042
2013-12-31,149.63255310,86119900,79.58115387,71.98666382,47.66827393,13.72000027
2014-01-02,148.19847107,119636900,78.95686340,72.20574951,47.75035858,14.22999954
2014-01-03,148.17419434,81390600,78.38689423,72.20574951,47.73501205,13.76000023
2014-01-06,147.74475098,108028200,78.09735107,72.50962830,47.83764648,13.55000019
2014-01-07,148.65217590,86144200,78.82115936,72.69339752,47.83764648,12.92000008
2014-01-08,148.68455505,96582300,78.99303436,72.49552155,47.80685806,12.86999989
2014-01-09,148.78179932,90683400,78.73065948,72.91957855,47.87866974,12.89000034
2014-01-10,149.18692017,102026400,78.98400879,73.78880310,48.02238846,12.14000034
2014-01-13,147.20196533,149892000,77.81686401,74.15631866,47.97108078,13.27999973
2014-01-14,148.80612183,105016100,79.30066681,73.81710052,48.04292679,12.27999973
2014-01-15,149.60820007,98525800,79.95208740,73.73935699,48.14044571,12.27999973
2014-01-16,149.41374207,72290600,79.96112823,74.23407745,48.11990738,12.52999973
2014-01-17,148.78179932,107848700,79.50875854,74.54502106,48.13016129,12.43999958
2014-01-21,149.21931458,88621200,80.11496735,74.60155487,48.19176483,12.86999989
2014-01-22,149.31655884,61270900,80.32302856,74.41780853,48.11990738,12.84000015
2014-01-23,148.09315491,132496900,80.05156708,75.47084045,48.05832291,13.77000046
2014-01-24,144.93341064,208677100,78.47734070,75.95845795,47.74013138,18.13999939
2014-01-27,144.22052002,180843100,77.71737671,75.42842865,47.72470856,17.42000008
2014-01-28,145.07933044,110463200,77.67211914,75.61215973,47.93512344,15.80000019
2014-01-29,143.68574524,216597300,76.83977509,76.23407745,47.79141998,17.35000038
2014-01-30,145.20890808,118938100,78.26022339,76.01496887,47.87356567,17.29000092
2014-01-31,144.35818481,194677900,78.05211639,76.52383423,47.85817337,18.40999985
2014-02-03,141.10943604,254837100,76.26071930,77.45623779,47.71476364,21.44000053
2014-02-04,142.09780884,165012400,76.82170105,76.63436127,47.77152634,19.11000061
2014-02-05,141.91955566,164230500,76.62264252,75.92581177,47.77152634,19.95000076
2014-02-06,143.79110718,132877600,77.59976959,75.59986877,47.94171524,17.22999954
2014-02-07,145.57348633,170787200,78.98400879,75.66368103,48.18412781,15.28999996
2014-02-10,145.84085083,92218800,79.43635559,75.87624359,48.21506500,15.26000023
2014-02-11,147.43687439,117814100,80.34114838,75.43689728,48.29761124,14.51000023
2014-02-12,147.50985718,94717700,80.49491882,75.04728699,48.22023773,14.30000019
2014-02-13,148.27140808,100542200,81.09204865,75.47235107,48.35949707,14.14000034
2014-02-14,149.08966064,96498400,81.25490570,75.51486969,48.43688583,13.56999969
2014-02-18,149.26799011,80460900,81.65296936,75.68495941,48.50392914,13.86999989
2014-02-19,148.27944946,126524300,81.09204865,75.36609650,48.38011932,15.50000000
2014-02-20,149.15444946,104998100,81.47206116,75.18189240,48.52970886,14.78999996
2014-02-21,148.98435974,118116400,81.36347961,75.57863617,48.57095337,14.68000031
2014-02-24,149.81077576,114063900,81.79776764,75.38733673,48.67925262,14.22999954
2014-02-25,149.75407410,117085000,81.70725250,76.06047821,48.73601151,13.67000008
2014-02-26,149.76213074,98677200,81.63494110,76.46435547,48.81854248,14.35000038
2014-02-27,150.54801941,93880800,82.16454315,76.88232422,48.91139221,14.03999996
2014-02-28,150.92878723,150842000,82.07370758,76.92484283,48.96295547,14.00000000
2014-03-03,149.86744690,167748500,81.46501160,77.43836212,48.91785049,16.00000000
2014-03-04,151.97389221,167545900,82.50070190,76.27353668,49.09408188,14.10000038
2014-03-05,152.11164856,88376900,82.72782898,76.43688965,49.00596237,13.89000034
2014-03-06,152.46000671,82516500,82.65515900,75.68405151,48.93341446,14.21000004
2014-03-07,152.52484131,114513500,82.24634552,75.20819855,48.74682617,14.10999966
2014-03-10,152.44381714,74939200,82.31900024,75.31472778,48.75200653,14.19999981
2014-03-11,151.69035339,99009100,81.96466827,75.51358795,48.70015717,14.80000019
2014-03-12,151.73085022,104824400,82.27358246,76.03915405,48.78312683,14.47000027
2014-03-13,150.02944946,155014300,81.11069489,77.06192017,48.65352249,16.21999931
2014-03-14,149.60820007,153919600,80.55650330,77.07614136,48.61723328,17.81999969
2014-03-17,150.96119690,98359500,81.26512909,76.50083160,48.68463135,15.64000034
2014-03-18,152.03872681,101804600,82.24634552,76.77784729,48.82975006,14.52000046
2014-03-19,151.22851562,176267300,81.80113983,76.18125916,48.58097839,15.11999989
2014-03-20,152.11164856,117241000,82.02825928,76.04625702,48.74682617,14.52000046
2014-03-21,151.52168274,163128000,81.04121399,76.87015533,48.71571732,15.00000000
2014-03-24,150.89500427,121411000,80.33094025,77.41705322,48.73125076,15.09000015
2014-03-25,151.61120605,103852000,80.59506989,77.12582397,48.82975006,14.02000046
2014-03-26,150.52072144,119843000,79.55699158,77.72957611,48.84011078,14.93000031
2014-03-27,150.20339966,142383000,79.11077881,78.12021637,48.76756287,14.61999989
2014-03-28,150.94390869,101642000,79.26560211,77.67983246,48.85049057,14.40999985
2014-03-31,152.18083191,99745000,79.83014679,77.48806763,48.92304993,13.88000011
2014-04-01,153.18989563,89193000,81.23242950,76.82588959,49.01418686,13.10000038
2014-04-02,153.70256042,78774000,81.44190216,76.38437653,48.96211243,13.09000015
2014-04-03,153.49908447,77435000,80.79536438,76.71907806,48.98295593,13.36999989
2014-04-04,151.68441772,169381000,78.64641571,77.23173523,49.09751129,13.96000004
2014-04-07,150.00808716,140803000,77.89971924,77.69454956,48.99334335,15.56999969
2014-04-08,150.62654114,112660000,78.61907959,77.87970734,49.10791016,14.89000034
2014-04-09,152.24588013,100254000,79.96673584,77.49519348,49.18602371,13.81999969
2014-04-10,149.04783630,172959000,77.48996735,78.21440125,49.04542923,15.89000034
2014-04-11,147.70516968,167251000,76.58850098,78.84812927,48.83711624,17.03000069
2014-04-14,148.86885071,132382000,77.18946838,78.64163971,48.99334335,16.11000061
2014-04-15,149.89414978,157093000,77.44442749,79.13300323,49.04542923,15.60999966
2014-04-16,151.46470642,105197000,78.47340393,79.23265076,49.07145691,14.18000031
2014-04-17,151.67628479,105255000,78.49159241,78.36392212,49.01418686,13.35999966
2014-04-21,152.20524597,68329000,79.07437897,78.29986572,49.01418686,13.25000000
2014-04-22,152.89694214,85790000,79.70266724,78.56328583,49.06626511,13.18999958
2014-04-23,152.53883362,73869000,79.00151825,79.01187897,49.08190155,13.27000046
2014-04-24,152.84806824,88170000,79.75730896,79.16142273,49.09230804,13.31999969
2014-04-25,151.59486389,100380000,78.48251343,79.27539825,49.07667160,14.06000042
2014-04-28,152.07504272,135121000,78.73744202,78.89083862,49.06626511,13.97000027
2014-04-29,152.78298950,84098000,79.36576080,78.78407288,49.13916397,13.71000004
2014-04-30,153.23869324,101508000,79.57518005,79.11164093,49.12876511,13.40999985
2014-05-01,153.25498962,93019000,79.81195068,79.96031189,49.07802582,13.25000000
2014-05-02,153.03524780,98122000,79.66622162,80.45281982,49.19309616,12.90999985
2014-05-05,153.32824707,75883000,80.08510590,79.96743011,49.17214966,13.28999996
2014-05-06,151.99362183,85454000,79.04705811,80.28868866,49.18264008,13.80000019
2014-05-07,152.88873291,106500000,78.81941223,80.00315094,49.25587463,13.39999962
2014-05-08,152.72601318,93618000,78.74655914,79.66052246,49.24540710,13.43000031
2014-05-09,152.95391846,83679000,79.03795624,79.40355682,49.29247284,12.92000008
2014-05-12,154.44311523,86940000,80.34006500,79.08232117,49.34476852,12.22999954
2014-05-13,154.58143616,66454000,80.39469910,79.76760864,49.42326736,12.13000011
2014-05-14,153.84898376,72367000,79.97583771,80.63127899,49.44941711,12.17000008
2014-05-15,152.49818420,154956000,79.34757996,81.27373505,49.40233612,13.17000008
2014-05-16,153.02709961,97458000,79.86657715,81.04537201,49.50173569,12.43999958
2014-05-19,153.58863831,63839000,80.42200470,80.44570160,49.57496262,12.42000008
2014-05-20,152.62023926,111644000,80.13065338,80.62417603,49.51219559,12.96000004
2014-05-21,153.90599060,89093000,80.89550781,80.13169861,49.50695801,11.90999985
2014-05-22,154.28031921,61549000,81.25064087,80.01741791,49.54356003,12.02999973
2014-05-23,154.89878845,61092800,81.84251404,80.44570160,49.55926132,11.35999966
2014-05-27,155.85081482,72010000,82.86235809,80.91685486,49.60634232,11.51000023
2014-05-28,155.73690796,66723000,82.60742188,81.91616058,49.62204361,11.68000031
2014-05-29,156.54254150,64377000,83.13555145,81.48069763,49.66915131,11.56999969
2014-05-30,156.79481506,76316000,83.14466858,81.44505310,49.72145462,11.39999962
2014-06-02,156.97381592,64656000,83.06269836,80.83957672,49.56324768,11.57999992
2014-06-03,156.89247131,65047000,83.02626038,79.84484100,49.56848526,11.86999989
2014-06-04,157.20988464,55529000,83.33588409,79.82337952,49.56848526,12.07999992
2014-06-05,158.23518372,92103000,84.03702545,79.85914612,49.68938065,11.68000031
2014-06-06,158.99195862,78696000,84.51959229,79.85914612,49.83124924,10.72999954
2014-06-09,159.15470886,65119000,84.45587158,79.74468231,49.88901520,11.14999962
2014-06-10,159.17102051,57129000,84.60158539,79.45127106,49.86280060,10.98999977
2014-06-11,158.61761475,68772000,84.58334351,79.59437561,49.86800003,11.60000038
2014-06-12,157.49462891,106350000,83.81848145,80.30290222,49.83653641,12.56000042
2014-06-13,157.97483826,82017000,84.06430817,80.25994873,49.89434433,12.18000031
2014-06-16,158.10499573,87424000,84.13718414,80.46027374,49.86800003,12.64999962
2014-06-17,158.54441833,84834000,84.18271637,79.82337952,49.83124924,12.06000042
2014-06-18,159.70808411,105267000,84.65619659,80.43881226,50.05721664,10.60999966
2014-06-19,159.88714600,85929000,84.60158539,79.40827179,50.04670334,10.61999989
2014-06-20,160.21163940,100587000,84.70109558,80.00946808,50.09397888,10.85000038
2014-06-23,160.16267395,70611000,84.71935272,79.75895691,50.08871841,10.97999954
2014-06-24,159.19783020,96237000,84.63719177,80.56764984,50.04670334,12.13000011
2014-06-25,159.91735840,82782000,85.17584991,80.77519226,50.12025833,11.59000015
2014-06-26,159.80291748,84312000,85.22151184,81.16161346,50.06768799,11.63000011
2014-06-27,160.11357117,71445100,85.59585571,81.03999329,50.06768799,11.26000023
2014-06-30,160.03184509,70201200,85.74192047,81.24037170,50.02567673,11.56999969
2014-07-01,161.10296631,90470000,86.68234253,80.56013489,50.03887177,11.14999962
2014-07-02,161.26646423,52475000,86.82839966,79.69916534,50.07054520,10.81999969
2014-07-03,162.05961609,52938800,87.37624359,79.41221619,49.99664688,10.31999969
2014-07-07,161.49548340,61696000,87.11147308,79.99339294,49.95972061,11.32999992
2014-07-08,160.45701599,108143000,86.06150055,80.89022064,49.97025681,11.97999954
2014-07-09,161.17657471,72992000,86.70059204,80.95476532,49.93330002,11.64999962
2014-07-10,160.53875732,99040000,86.42668915,80.97635651,49.78027344,12.59000015
2014-07-11,160.75958252,64243000,86.98364258,81.49290466,49.86472702,12.07999992
2014-07-14,161.56901550,58658000,87.50405121,81.14132690,49.84889221,11.81999969
2014-07-15,161.26646423,111307000,87.20276642,80.97635651,49.76968765,11.96000004
2014-07-16,161.86335754,79986400,87.54970551,81.40685272,49.69052124,11.00000000
2014-07-17,160.02365112,145398000,86.39015961,82.43281555,49.34218597,14.53999996
2014-07-18,161.65893555,124330000,87.75971222,82.16736603,49.54803467,12.06000042
2014-07-21,161.35641479,67592000,87.65013123,82.57630920,49.46358109,12.81000042
2014-07-22,162.05961609,67678000,88.20709991,82.74852753,49.53222656,12.23999977
2014-07-23,162.41940308,65612000,88.77317810,82.64094543,49.62721634,11.52000046
2014-07-24,162.42756653,56888000,88.67272186,82.02385712,49.71694183,11.84000015
2014-07-25,161.66716003,76837000,88.32577515,82.99245453,49.63249588,12.68999958
2014-07-28,161.73258972,69259000,88.35317230,82.87767029,49.48471069,12.56000042
2014-07-29,161.03755188,80466000,88.19792938,83.17900085,49.41610336,13.27999973
2014-07-30,161.06205750,104222000,88.54492188,82.02385712,49.21026993,13.32999992
2014-07-31,157.88134766,183479000,86.75537872,81.77991486,48.80916977,16.95000076
2014-08-01,157.39895630,189261000,86.43580627,82.41297913,48.80438232,17.03000069
2014-08-04,158.53552246,91340000,87.02929688,82.19712830,49.10131454,15.11999989
2014-08-05,156.99832153,152690000,86.36277771,82.46337128,49.00585556,16.87000084
2014-08-06,157.04736328,94818000,86.29885864,82.51371002,49.12252426,16.37000084
2014-08-07,156.19702148,135733000,86.02497101,83.28344727,49.15434647,16.65999985
2014-08-08,158.00404358,117014000,86.64582825,83.10357666,49.30811310,15.77000046
2014-08-11,158.46194458,74544000,87.15711975,83.09639740,49.54142761,14.22999954
2014-08-12,158.24113464,73632000,87.12060547,82.55687714,49.53082275,14.13000011
2014-08-13,159.31231689,69047000,88.04276276,83.09639740,49.67397690,12.89999962
2014-08-14,160.06457520,57371000,88.49923706,83.76542664,49.76943207,12.42000008
2014-08-15,160.03184509,139951000,88.92838287,84.67903137,49.87019730,13.14999962
2014-08-18,161.37278748,75424000,89.61312866,83.83738708,50.01335526,12.31999969
2014-08-19,162.21498108,59135000,90.11531830,83.57837677,49.99743271,12.21000004
2014-08-20,162.64833069,72763000,90.11531830,83.44170380,50.03456116,11.77999973
2014-08-21,163.12255859,67791000,90.29788208,83.90930176,50.03456116,11.76000023
2014-08-22,162.86909485,76107000,90.43486023,84.37689209,49.91262054,11.47000027
2014-08-25,163.69488525,63855000,90.75443268,84.69344330,50.01866531,11.69999981
2014-08-26,163.80122375,47298000,90.84572601,84.42008209,50.05579376,11.63000011
2014-08-27,163.73580933,47874000,90.86396027,85.13944244,50.00803757,11.77999973
2014-08-28,163.64588928,58330000,90.76354218,85.58547211,49.93379211,12.05000019
2014-08-29,164.11195374,65907000,91.10134125,85.64303589,49.97092056,12.09000015
2014-09-02,164.03013611,72426000,91.36614990,84.16564178,50.02954102,12.25000000
2014-09-03,163.94026184,57462000,90.82746887,84.63432312,49.90166855,12.35999966
2014-09-04,163.70312500,85236000,90.74530029,83.60325623,49.73654175,12.64000034
2014-09-05,164.43904114,102177000,91.20181274,83.44458771,49.67792130,12.09000015
2014-09-08,164.01379395,64146000,91.37526703,83.48063660,49.63001633,12.65999985
2014-09-09,162.97535706,88591000,90.61745453,83.41580963,49.40096283,13.50000000
2014-09-10,163.58868408,67251000,91.36614990,82.88943481,49.42226791,12.88000011
2014-09-11,163.77668762,66774400,91.29311371,82.61542511,49.42226791,12.80000019
2014-09-12,162.82005310,117409300,90.82746887,81.75017548,49.36368942,13.31000042
2014-09-15,162.69737244,76401000,89.95096588,81.87279510,49.27309418,14.11999989
2014-09-16,163.92385864,116201000,90.73618317,81.54106903,49.37433624,12.72999954
2014-09-17,164.14460754,151266000,90.87310028,81.33201599,49.53412628,12.64999962
2014-09-18,165.01951599,94990000,91.55788422,81.59154510,49.55011749,12.02999973
2014-09-19,164.87083435,121649000,91.50115967,82.62987518,49.62471390,12.10999966
2014-09-22,163.59754944,125553000,90.64997864,82.73078918,49.53412628,13.68999958
2014-09-23,162.66101074,111393000,90.40292358,83.24272156,49.28377533,14.93000031
2014-09-24,163.93435669,107276000,91.37301636,82.78125763,49.13459778,13.27000046
2014-09-25,161.28918457,150300000,89.45108032,83.76184845,48.79900742,15.64000034
2014-09-26,162.57070923,103547000,90.40292358,83.63928986,48.76707077,14.85000038
2014-09-29,162.27499390,95112000,90.28392029,84.30985260,48.66585922,15.97999954
2014-09-30,161.84779358,131302000,90.41205597,83.83399200,48.98014450,16.30999947
2014-10-01,159.65441895,177798000,88.96606445,85.45955658,49.03419495,16.70999908
2014-10-02,159.67910767,157285000,88.96606445,84.71505737,49.13046646,16.15999985
2014-10-03,161.43704224,121569000,89.84464264,85.07649994,49.29629898,14.55000019
2014-10-06,161.24812317,104778000,89.65243530,85.12702942,49.34977722,15.46000004
2014-10-07,158.75903320,147913000,88.38031769,86.27637482,49.16257095,17.20000076
2014-10-08,161.53564453,186461000,90.10086823,86.29805756,49.39793777,15.10999966
2014-10-09,158.33180237,210705000,88.64571381,85.92218781,48.87368011,18.76000023
2014-10-10,156.52458191,221909000,86.43093872,86.77516937,48.47781754,21.23999977
2014-10-13,153.95339966,230939000,85.07647705,87.30278015,48.23711777,24.63999939
2014-10-14,154.19160461,215847000,85.08563232,87.87384796,48.39756775,22.79000092
2014-10-15,153.14833069,380715000,84.53650665,88.56770325,48.40829849,25.27000046
2014-10-16,153.01689148,270391000,84.00567627,88.00393677,48.68111801,25.20000076
2014-10-17,154.82414246,214625000,85.11307526,87.51236725,49.09302902,21.98999977
2014-10-20,156.32748413,130011000,86.38521576,87.83045959,49.44610596,18.56999969
2014-10-21,159.42440796,154949000,88.65487671,87.12933350,49.84728241,16.07999992
2014-10-22,158.29077148,151822000,88.19727325,87.22328949,49.52098846,17.87000084
2014-10-23,160.13088989,154944000,89.52433014,86.44985962,49.49958038,16.53000069
2014-10-24,161.36309814,117927000,90.25646973,86.53656769,49.63867950,16.11000061
2014-10-27,161.14134216,82954000,90.32054138,86.69561005,49.43537140,16.04000092
2014-10-28,162.98971558,106736000,91.68419647,86.15353394,49.51564026,14.39000034
2014-10-29,162.74327087,142557000,91.34555054,86.34868622,49.47819138,15.14999962
2014-10-30,163.78646851,113330000,91.53774261,86.42095947,49.45676422,14.52000046
2014-10-31,165.65945435,146903000,92.80070496,86.19687653,49.49958038,14.02999973
2014-11-03,165.74980164,93600000,93.07527161,86.19687653,49.60381317,14.72999954
2014-11-04,165.17483521,93343000,92.76410675,86.46495056,49.44798660,14.89000034
2014-11-05,166.21803284,91709000,92.77326202,86.34181213,49.43724823,14.17000008
2014-11-06,166.88346863,107089000,93.06610107,85.78388977,49.56620789,13.67000008
2014-11-07,167.03950500,89540000,92.98377228,86.76926422,49.61457062,13.11999989
2014-11-10,167.56530762,66319000,93.31320953,85.97226715,49.63605499,12.67000008
2014-11-11,167.72961426,54499400,93.60609436,86.03024292,49.74890137,12.92000008
2014-11-12,167.54893494,90120300,93.77085114,85.95776367,49.58769608,13.02000046
2014-11-13,167.73779297,85357900,94.17350769,86.16068268,49.38353348,13.78999996
2014-11-14,167.77886963,80417500,94.46640778,86.58094788,49.13636017,13.31000042
2014-11-17,167.88562012,80441000,94.18267059,86.36353302,49.13098907,13.98999977
2014-11-18,168.85499573,76068100,94.88738251,86.60263062,49.03428650,13.85999966
2014-11-19,168.58393860,82373000,94.45721436,86.05194855,49.02349854,13.96000004
2014-11-20,168.87963867,72840300,94.87824249,86.50122833,49.02890778,13.57999992
2014-11-21,169.78329468,142327300,95.06123352,87.02286530,49.29755402,12.89999962
2014-11-24,170.25975037,65880800,95.80255127,87.09535980,49.29218674,12.61999989
2014-11-25,170.13653564,79108300,95.94901276,87.81994629,49.37277985,12.25000000
2014-11-26,170.57186890,62167800,96.57132721,88.05902100,49.43724823,12.06999969
2014-11-28,170.21047974,57890100,97.01979065,88.75464630,48.96443939,13.32999992
2014-12-01,169.02749634,103968400,95.92153931,88.23690033,48.47161102,14.15999985
2014-12-02,170.12011719,74507200,96.30590820,87.37992859,48.73611450,12.85000038
2014-12-03,170.77725220,68952000,96.47979736,87.72126007,48.81707764,12.50000000
2014-12-04,170.58834839,91316600,96.43402100,88.45472717,48.78466415,12.38000011
2014-12-05,170.86761475,91025500,96.44318390,87.93910217,48.74689865,11.89000034
2014-12-08,169.72579956,108588200,95.75679779,89.01393127,48.49860001,14.21000004
2014-12-09,169.61080933,125180100,96.05878448,89.47142029,48.47161102,15.35000038
2014-12-10,166.89170837,159856400,94.54872131,90.12507629,47.91563797,18.53000069
2014-12-11,167.73779297,159012800,94.99718475,90.49543762,47.74292755,20.07999992
2014-12-12,165.02694702,202330200,93.96298981,91.72280121,47.09519958,21.07999992
2014-12-15,163.89321899,189965800,92.99289703,91.53394318,47.06821823,20.42000008
2014-12-16,162.57891846,259543800,91.50115967,92.66682434,46.90089417,23.56999969
2014-12-17,165.76623535,253910100,93.16680908,91.83170319,47.85629272,19.44000053
2014-12-18,169.86547852,257633900,95.40901947,90.19771576,48.23950577,16.80999947
2014-12-19,170.58822632,245084600,95.82881927,91.41049957,48.70372772,16.48999977
2014-12-22,171.37290955,148318900,96.06768036,91.53394318,48.58500290,15.25000000
2014-12-23,171.60420227,122167900,95.72776794,89.71837616,48.75767899,14.80000019
2014-12-24,171.62069702,42963400,95.81044006,90.20671844,48.92354965,14.36999989
2014-12-26,172.17419434,57326700,96.49021912,90.54149628,48.77177811,14.50000000
2014-12-29,172.40544128,79643900,96.47184753,91.21834564,48.79890823,15.06000042
2014-12-30,171.48028564,73540800,95.82881927,91.46574402,48.70132065,15.92000008
2014-12-31,169.77873230,130333800,94.84589386,91.64039612,48.57122040,19.20000076
2015-01-02,169.68786621,121465900,94.56114960,92.65927887,48.57122040,17.79000092
2015-01-05,166.62333679,169632600,93.17403412,94.11479950,48.12128448,19.92000008
2015-01-06,165.05393982,209151400,91.92477417,95.81047058,47.93698502,21.12000084
2015-01-07,167.11068726,125346700,93.10976410,95.62129974,48.23512268,19.30999947
2015-01-08,170.07603455,147217800,94.89186096,94.35494995,48.59831238,17.01000023
2015-01-09,168.71318054,158567300,94.26720428,95.38842773,48.84226990,17.54999924
2015-01-12,167.39149475,144396100,93.28427124,95.93424988,48.78264236,19.60000038
2015-01-13,166.92071533,214553300,93.25672150,95.93424988,48.78264236,20.55999947
2015-01-14,165.91293335,192991100,92.74230957,96.66204071,48.66879654,21.47999954
2015-01-15,164.39312744,176613900,91.53891754,98.18301392,48.37063599,22.38999939
2015-01-16,166.54899597,211879600,92.61373901,96.93130493,48.55495834,20.95000076
2015-01-20,166.90419006,130991100,93.34860229,98.21937561,48.46824265,19.88999939
2015-01-21,167.74673462,122942700,93.82625580,97.08408356,48.72843170,18.85000038
2015-01-22,170.24133301,174356000,95.56244659,96.73475647,48.79349518,16.39999962
2015-01-23,169.30784607,117516800,95.77372742,98.08110046,48.79349518,16.65999985
2015-01-26,169.70437622,92009700,95.66346741,97.78278351,49.01572418,15.52000046
2015-01-27,167.46589661,134044600,93.18325043,97.93561554,48.97779846,17.21999931
2015-01-28,165.31826782,168514300,92.70554352,99.53671265,48.87478638,20.44000053
2015-01-29,166.84637451,173585400,93.59662628,98.88170624,49.04826355,18.76000023
2015-01-30,164.74827576,197729700,92.87090302,100.63561249,48.91274643,20.96999931
2015-02-02,166.78854370,163107000,93.67929077,100.25566864,49.10052872,19.43000031
2015-02-03,169.20051575,124212900,94.57952118,98.13361359,49.37809372,17.32999992
2015-02-04,168.55622864,134306700,94.49684143,98.30135345,49.17124176,18.32999992
2015-02-05,170.25775146,97953200,95.31443024,97.22206116,49.45975876,16.85000038
2015-02-06,169.78692627,125672000,94.73567963,95.50109100,49.49782944,17.29000092
2015-02-09,169.02706909,87219000,94.43254089,95.34793854,49.37809372,18.54999924
2015-02-10,170.82775879,96164200,95.90231323,94.58946991,49.54681015,17.22999954
2015-02-11,170.92684937,91087800,96.25139618,94.76449585,49.53052521,16.95999908
2015-02-12,172.57064819,97545900,97.37206268,94.45092773,49.52508545,15.34000015
2015-02-13,173.28100586,93670400,98.20801544,93.48106384,49.59583282,14.68999958
2015-02-17,173.55358887,76968200,98.29987335,92.07360840,49.56316757,15.80000019
2015-02-18,173.57009888,80652900,98.43765259,92.62055969,49.73189163,15.44999981
2015-02-19,173.44619751,91462500,98.92450714,92.00799561,49.61759949,15.28999996
2015-02-20,174.48701477,140896400,99.58592224,92.27783966,49.75367355,14.30000019
2015-02-23,174.46220398,74411100,99.68694305,93.33522034,49.79175568,14.56000042
2015-02-24,174.95780945,72472300,99.76043701,94.56034851,49.84075546,13.68999958
2015-02-25,174.80911255,73061700,99.51242065,94.96865845,50.00405884,13.84000015
2015-02-26,174.60261536,72697900,100.01766205,93.67064667,49.99314880,13.90999985
2015-02-27,174.00790405,108076000,99.57673645,94.45821381,50.00405884,13.34000015
2015-03-02,175.10644531,87491400,100.47695923,92.69878387,49.99475098,13.03999996
2015-03-03,174.38787842,110325800,100.00846863,92.36268616,49.85263824,13.85999966
2015-03-04,173.65272522,114497200,99.62265778,92.39196777,49.75968170,14.22999954
2015-03-05,173.84274292,76873000,99.79719543,92.27503204,49.85263824,14.03999996
2015-03-06,171.39767456,188128000,98.66730499,90.23648071,49.53557205,15.19999981
2015-03-09,172.10804749,89818900,98.95206451,91.06941986,49.43172455,15.06000042
2015-03-10,169.31614685,157121300,97.11490631,92.26769257,49.24042130,16.69000053
2015-03-11,168.91964722,110145700,96.55451965,92.93992615,49.37703323,16.87000084
2015-03-12,171.06724548,93993500,97.18833160,92.87419891,49.47546005,15.42000008
2015-03-13,170.01826477,162410900,96.76580811,92.58918762,49.30599594,16.00000000
2015-03-16,172.28976440,136099200,98.01509857,93.48060608,49.25678635,15.60999966
2015-03-17,171.77766418,94510400,98.17125702,94.25511169,49.01080322,15.65999985
2015-03-18,173.84274292,228808500,99.13581848,96.07444000,49.44809723,13.97000027
2015-03-19,173.04969788,117917300,99.28279114,95.58489227,49.05453110,14.06999969
2015-03-20,174.57716370,177715100,99.92545319,96.08903503,49.43719482,13.02000046
2015-03-23,174.23698425,71784500,99.73208618,95.97216034,49.47546005,13.40999985
2015-03-24,173.25801086,77805300,99.37297821,96.90010071,49.55195999,13.61999989
2015-03-25,170.71908569,159521700,97.09881592,96.08174896,49.42076492,15.43999958
2015-03-26,170.31253052,153067200,96.76737976,94.58390808,49.41535187,15.80000019
2015-03-27,170.70251465,118939000,97.15406799,95.76023865,49.45359039,15.06999969
2015-03-30,172.78504944,96180400,98.26815033,95.28533936,49.59023285,14.51000023
2015-03-31,171.27500916,126768700,97.22772217,95.48988342,49.53011703,15.28999996
2015-04-01,170.66934204,137303600,96.72136688,96.74414825,49.63224030,15.10999966
2015-04-02,171.28332520,86900900,96.78579712,95.71909332,49.67066956,14.67000008
2015-04-06,172.43656921,114368200,97.57759857,95.18455505,49.79698181,14.73999977
2015-04-07,171.98019409,81236300,97.41191101,95.98267365,50.06053543,14.77999973
2015-04-08,172.56103516,89351900,98.18530273,96.01196289,50.04953003,13.97999954
2015-04-09,173.32435608,85548900,98.80216217,94.76725006,50.00011063,13.09000015
2015-04-10,174.27018738,72722900,99.20726776,94.90630341,50.11544800,12.57999992
2015-04-13,173.48200989,74436600,98.95867157,95.03818512,50.02209473,13.93999958
2015-04-14,173.81390381,75099900,98.67325592,95.71177673,50.04405212,13.67000008
2015-04-15,174.59379578,99529300,99.29015350,95.63121796,50.24172592,12.84000015
2015-04-16,174.54403687,68934900,99.15204620,95.15525818,50.13740540,12.60000038
2015-04-17,172.53611755,191113200,97.60524750,96.24631500,49.98364258,13.89000034
2015-04-20,174.11257935,92189500,99.06919098,95.39691925,50.09347916,13.30000019
2015-04-21,173.90515137,72559800,99.49268341,94.96492767,50.12641144,13.25000000
2015-04-22,174.75970459,78264600,100.03591919,93.51517487,50.07699966,12.71000004
2015-04-23,175.19944763,102585900,100.41339874,93.91788483,50.06053543,12.47999954
2015-04-24,175.60600281,61327400,101.77609253,94.50363922,50.14287186,12.28999996
2015-04-27,174.87590027,79358100,101.51828766,94.50363922,50.15937042,13.11999989
2015-04-28,175.43183899,86863500,101.31570435,93.20037079,50.08247757,12.40999985
2015-04-29,174.70994568,125684900,100.68039703,92.05813599,49.98915863,13.39000034
2015-04-30,172.95935059,161304900,99.09678650,92.21926117,49.96172714,14.55000019
2015-05-01,174.83444214,103399700,100.40422058,90.97780609,50.07312393,12.69999981
2015-05-04,175.33221436,70927200,100.56993866,90.11937714,50.06208038,12.85000038
2015-05-05,173.32435608,113326200,98.93104553,89.99466705,49.99586487,14.31000042
2015-05-06,172.61076355,135060200,98.24973297,88.45391083,49.84696198,15.14999962
2015-05-07,173.29948425,88244900,98.83897400,89.64249420,49.84146881,15.13000011
2015-05-08,175.58114624,155877300,100.07275391,89.88462067,50.23305511,12.85999966
2015-05-11,174.74313354,75708100,99.68603516,87.69823456,49.91867065,13.85000038
2015-05-12,174.22041321,119727600,99.23490143,87.92565155,49.91315079,13.85999966
2015-05-13,174.25364685,94667900,99.43745422,87.22129822,49.84146881,13.76000023
2015-05-14,176.07070923,95934000,100.89218903,87.45612335,50.08412170,12.73999977
2015-05-15,176.26152039,76510100,100.89218903,89.20959473,50.19445801,12.38000011
2015-05-18,176.80906677,74549700,101.33415222,87.71286011,50.11169815,12.72999954
2015-05-19,176.75102234,72114600,101.22365570,86.93518066,50.03450012,12.85000038
2015-05-20,176.62654114,76857500,101.28810883,87.08188629,49.97382736,12.88000011
2015-05-21,177.14100647,64764600,101.81292725,88.29981995,50.04552460,12.10999966
2015-05-22,176.71783447,57433500,101.71160889,88.33655548,50.08412170,12.13000011
2015-05-26,174.81782532,124308600,100.54229736,89.84790802,49.97933578,14.06000042
2015-05-27,176.47721863,93214000,102.16275024,90.05335236,50.08964920,13.27000046
2015-05-28,176.27809143,74974600,101.93260193,89.83325958,50.06760025,13.31000042
2015-05-29,175.18286133,124919600,101.32492828,90.03133392,50.13930130,13.84000015
2015-06-01,175.53967285,93338800,101.66558838,89.06375122,50.22349930,13.97000027
2015-06-02,175.36541748,91531000,101.34333038,87.82114410,50.12928772,14.23999977
2015-06-03,175.83004761,87820900,101.64718628,86.40940094,49.85786819,13.65999985
2015-06-04,174.34489441,151882800,100.87374115,87.53434753,49.69720459,14.71000004
2015-06-05,174.04617310,121704700,100.63439941,86.46824646,49.54764175,14.21000004
2015-06-08,172.97589111,89063300,99.61238861,86.37262726,49.54764175,15.28999996
2015-06-09,172.95097351,105034700,99.44667053,85.68885803,49.46456146,14.47000027
2015-06-10,175.02523804,134551300,100.80929565,84.93881989,49.53101730,13.22000027
2015-06-11,175.58943176,73876400,100.95663452,86.72553253,49.63072586,12.85000038
2015-06-12,174.24533081,135382400,100.12801361,86.72553253,49.44792938,13.77999973
2015-06-15,173.49861145,124384200,99.63079834,86.86523438,49.21524429,15.39000034
2015-06-16,174.44454956,85308200,100.17404938,87.54910278,49.49224854,14.81000042
2015-06-17,174.72654724,126708600,100.45025635,86.87263489,49.44792938,14.50000000
2015-06-18,176.54357910,165867900,101.91419983,86.44613647,49.63072586,13.18999958
2015-06-19,175.75988770,130478700,101.41033936,87.55641174,49.65844345,13.96000004
2015-06-22,176.66030884,70696000,102.15778351,85.76970673,49.75815201,12.73999977
2015-06-23,176.78540039,68476800,102.24087524,85.25499725,49.72489929,12.10999966
2015-06-24,175.50141907,92307300,101.71487427,85.99031830,49.59195709,13.26000023
2015-06-25,174.96781921,97107400,101.51181030,85.68885803,49.44240189,14.01000023
2015-06-26,174.93447876,104174800,100.83815765,84.72563171,49.29834366,14.02000046
2015-06-29,171.26605225,202621300,98.45724487,86.96817017,48.96043777,18.85000038
2015-06-30,171.62454224,182925100,98.80792236,86.36524963,49.19308853,18.22999954
2015-07-01,173.00022888,135979900,99.59235382,85.19956207,49.20142746,16.09000015
2015-07-02,172.84178162,104373700,99.62004089,85.47956085,49.38506317,16.79000092
2015-07-06,172.34988403,117975400,99.38928223,87.06388092,49.22367859,17.01000023
2015-07-07,173.43380737,173820200,99.63845825,87.88184357,49.26264191,16.09000015
2015-07-08,170.52404785,164020100,97.90352631,88.64079285,49.01780319,19.65999985
2015-07-09,170.83250427,144113100,97.84817505,86.89439392,49.12907410,19.96999931
2015-07-10,172.98352051,129456900,99.34317780,85.51638794,49.41288376,16.82999992
2015-07-13,174.89276123,106069400,101.08733368,85.25111389,49.45741272,13.89999962
2015-07-14,175.65150452,81709600,101.75176239,85.53110504,49.40735626,13.36999989
2015-07-15,175.59310913,97914100,101.86251831,86.43748474,49.40735626,13.22999954
2015-07-16,177.00215149,106683300,103.30212402,87.03437042,49.48524857,12.10999966
2015-07-17,177.15219116,89030000,104.82480621,87.48387146,49.35168839,11.94999981
2015-07-20,177.24389648,70446800,105.18473816,87.11547089,49.12353134,12.25000000
2015-07-21,176.54364014,77965000,105.12012482,87.58707428,49.03451920,12.22000027
2015-07-22,176.22676086,88667900,103.92967224,88.13232422,48.71733856,12.11999989
2015-07-23,175.23460388,90509100,103.54205322,89.23029327,48.68951797,12.64000034
2015-07-24,173.41703796,117755000,102.52695465,89.45140839,48.55038452,13.73999977
2015-07-27,172.40826416,132361100,101.67790985,89.93040466,48.34452438,15.60000038
2015-07-28,174.52589417,123544800,102.55462646,89.27452087,48.60601044,13.43999958
2015-07-29,175.72653198,105791300,102.94224548,88.94291687,48.88984299,12.50000000
2015-07-30,175.76821899,91304400,103.43135071,89.62827301,49.03451920,12.13000011
2015-07-31,175.50141907,103266900,103.31134796,90.29142761,48.95103455,12.11999989
2015-08-03,174.90946960,113965700,102.98837280,91.24188995,48.85936737,12.56000042
2015-08-04,174.56767273,81820800,102.79459381,90.51814270,48.88730240,13.00000000
2015-08-05,175.14289856,85786800,103.58819580,89.83872986,48.82022476,12.51000023
2015-08-06,173.70889282,116030800,101.92710114,90.63631439,48.61903763,13.77000046
2015-08-07,173.37538147,117858000,101.79792023,91.82534027,48.46807480,13.39000034
2015-08-10,175.55975342,80270700,102.96069336,90.68804169,48.60781860,12.22999954
2015-08-11,173.97572327,126081400,101.64099884,92.12808990,48.38425446,13.71000004
2015-08-12,174.18411255,172123700,101.99171448,91.62587738,48.31715012,13.60999966
2015-08-13,173.96737671,89383300,101.82559204,91.33051300,48.25570297,13.48999977
2015-08-14,174.60099792,72786500,101.98249054,91.54470062,48.28361893,12.82999992
2015-08-17,175.57647705,79072600,102.83147430,91.95822906,48.28361893,13.02000046
2015-08-18,175.06787109,71692700,102.30548096,91.23455811,48.22216034,13.78999996
2015-08-19,173.68386841,172946000,101.63181305,92.13546753,48.17744446,15.25000000
2015-08-20,170.05711365,194327900,98.81715393,93.06597900,47.94264984,19.13999939
2015-08-21,164.93797302,346588500,94.49829865,93.34664917,47.76939774,28.03000069
2015-08-24,157.99299622,507244300,90.86233521,93.31711578,47.37810516,40.74000168
2015-08-25,156.13372803,369833100,90.52088928,91.81796265,47.47312927,36.02000046
2015-08-26,162.12828064,339257000,95.07965851,90.04552460,47.87000275,30.31999969
2015-08-27,166.13854980,274143900,97.48828125,90.09722137,48.22774506,26.10000038
2015-08-28,166.14692688,160414400,97.46979523,90.36306763,48.27248383,26.04999924
2015-08-31,164.80461121,163298800,96.26088715,89.66891479,48.20536423,28.43000031
2015-09-01,159.88557434,256000400,93.25244904,90.31502533,48.04983521,31.39999962
2015-09-02,162.92033386,160269300,95.88253784,89.53793335,48.24636078,26.09000015
2015-09-03,163.03706360,152087800,95.41188812,89.97456360,48.31373978,25.61000061
2015-09-04,160.56921387,207081000,94.27681732,90.79607391,48.26319122,27.79999924
2015-09-08,164.60446167,116025700,96.93458557,89.45648956,48.52710724,24.89999962
2015-09-09,162.40342712,149347700,95.84564972,89.88574219,48.46532822,26.22999954
2015-09-10,163.28720093,158611100,96.88841248,89.27886963,48.58324051,24.37000084
2015-09-11,164.02923584,119691200,97.42366028,89.84134674,48.56639099,23.20000076
2015-09-14,163.42060852,79452000,97.12837219,89.98196411,48.48218155,24.25000000
2015-09-15,165.46324158,113806200,98.27267456,88.25751495,48.47095871,22.54000092
2015-09-16,166.89720154,99581600,98.82637024,87.92444611,48.29685974,21.35000038
2015-09-17,166.52207947,276046600,98.86329651,88.99760437,48.33618546,21.13999939
2015-09-18,163.80085754,223657500,97.45716858,90.36680603,48.20143509,22.28000069
2015-09-21,164.64729309,105726200,97.76245117,88.89395905,48.11161423,20.13999939
2015-09-22,162.51022339,153890900,96.30081940,90.12998962,47.76349640,22.44000053
2015-09-23,162.25042725,92790600,96.37483215,90.12260437,47.67926407,22.12999916
2015-09-24,161.66378784,159378800,96.02330017,90.73685455,47.44347763,23.46999931
2015-09-25,161.62191772,155054800,95.20923615,89.95238495,47.20203781,23.62000084
2015-09-28,157.56559753,178515900,92.49874115,91.49176025,46.47776031,27.62999916
2015-09-29,157.65782166,159045600,92.01770782,91.75081635,46.47212982,26.82999992
2015-09-30,160.59948730,163452000,94.13614655,91.43256378,46.76408768,24.50000000
2015-10-01,161.01847839,131079000,94.56169891,91.82271576,46.46396637,22.54999924
2015-10-02,163.42375183,211003300,96.21759033,92.37893677,46.50911331,20.94000053
2015-10-05,166.33180237,126320800,97.59591675,91.12549591,47.06763077,19.54000092
2015-10-06,165.76194763,110274500,97.13342285,91.51858521,47.32714081,19.39999962
2015-10-07,167.11965942,124307300,97.71620941,91.21453094,47.81229019,18.39999962
2015-10-08,168.62817383,153055200,98.10472870,90.45062256,48.00976181,17.42000008
2015-10-09,168.72871399,107069200,98.54878235,90.68795776,48.01536560,17.07999992
2015-10-12,168.88793945,56395600,98.78929138,91.37767792,47.92514038,16.17000008
2015-10-13,167.82362366,88038700,98.15097046,91.53340912,47.81229019,17.67000008
2015-10-14,167.01902771,99106200,97.99370575,92.33441925,47.77846909,18.03000069
2015-10-15,169.58354187,134142200,99.60335541,91.88198090,47.89127731,16.04999924
2015-10-16,170.35459900,114580100,100.01966095,91.91169739,48.11130905,15.05000019
2015-10-19,170.43835449,76523900,100.59318542,91.65948486,48.24106598,14.97999954
2015-10-20,170.22048950,78448500,100.07514954,91.09589386,48.28619003,15.75000000
2015-10-21,169.16450500,102038000,99.46459198,92.00066376,48.23541641,16.70000076
2015-10-22,172.02232361,174911700,101.49051666,92.15642548,48.25236130,14.44999981
2015-10-23,173.90795898,144442300,104.33052063,91.37022400,48.42160034,14.46000004
2015-10-26,173.48060608,69033000,104.39528656,91.97840118,48.37084579,15.28999996
2015-10-27,173.14532471,77905800,104.60806274,92.20834351,48.21286774,15.43000031
2015-10-28,175.11477661,135906700,105.47761536,91.83750916,48.34262848,14.32999992
2015-10-29,175.01426697,90525500,105.31109619,90.37649536,48.21848297,14.60999966
2015-10-30,174.25994873,131076900,104.83932495,91.05876923,48.27490616,15.06999969
2015-11-02,176.32165527,86270800,106.02341461,90.64033508,48.42454529,14.14999962
2015-11-03,176.83287048,95246100,106.39347839,89.89707184,48.47555923,14.53999996
2015-11-04,176.29649353,96224500,106.40267944,90.00114441,48.33384705,15.51000023
2015-11-05,176.12049866,78408700,106.11591339,89.76330566,48.14683533,15.05000019
2015-11-06,176.02832031,110471500,106.18994904,88.44773865,47.91444016,14.32999992
2015-11-09,174.38568115,131008700,105.06134033,87.94973755,47.71605682,16.52000046
2015-11-10,174.78794861,75874600,104.79306030,88.20984650,47.60841751,15.28999996
2015-11-11,174.10075378,67846000,104.66358948,88.02407837,47.49502182,16.05999947
2015-11-12,171.67033386,121315200,103.64598083,88.44773865,47.17765045,18.37000084
2015-11-13,169.74276733,153577100,101.61080170,88.95316315,47.04161453,20.07999992
2015-11-16,172.32406616,117645200,103.07239532,88.87137604,47.26269150,18.15999985
2015-11-17,172.19828796,121123700,103.13716125,89.01999664,47.29666519,18.84000015
2015-11-18,174.93043518,121342500,105.11685181,89.20581055,47.38735962,16.85000038
2015-11-19,174.77955627,88220500,105.19083405,89.80043030,46.96229553,16.98999977
2015-11-20,175.41653442,94011500,105.90317535,89.52542877,46.95095062,15.47000027
2015-11-23,175.21548462,64931200,105.59787750,89.80043030,46.91127396,15.61999989
2015-11-24,175.45001221,98874400,105.50537109,89.79302216,46.97360611,15.93000031
2015-11-25,175.42488098,51980100,105.59787750,90.00114441,47.02462769,15.18999958
2015-11-27,175.62605286,37317800,105.74588776,89.91196442,47.09829330,15.11999989
2015-11-30,174.89694214,112822700,105.47761536,90.26866150,47.06996155,16.12999916
2015-12-01,176.56469727,97858400,106.53221130,91.48799896,47.40483475,14.67000008
2015-12-02,174.76290894,108441300,105.87538147,91.51780701,47.30803680,15.90999985
2015-12-03,172.31565857,166224200,104.08075714,89.02996826,47.18273163,18.11000061
2015-12-04,175.67634583,192913900,106.51372528,89.81208038,47.07452011,14.81000042
2015-12-07,174.61198425,102027100,106.03269958,90.68354034,46.74421310,15.84000015
2015-12-08,173.43867493,103372400,106.04190826,90.72826385,46.16335297,17.60000038
2015-12-09,172.08943176,162401500,104.43226624,90.63145447,46.40252304,19.61000061
2015-12-10,172.53352356,116128900,104.90409851,90.75058746,46.20889282,19.34000015
2015-12-11,169.18966675,211173300,102.48960876,92.18070221,45.28632355,24.38999939
2015-12-14,170.04450989,182385200,103.26667023,90.98894501,44.89334869,22.72999954
2015-12-15,171.82954407,154069600,103.89572906,90.45268250,45.62800217,20.95000076
2015-12-16,174.34379578,197017000,105.44062042,90.25904083,45.97541809,17.86000061
2015-12-17,171.68716431,173092500,103.90497589,91.27947235,45.46284103,18.94000053
2015-12-18,168.62850952,251393500,101.91185760,91.78592682,45.29200363,20.70000076
2015-12-21,170.01953125,99094300,103.04388428,91.76358032,45.14965057,18.70000076
2015-12-22,171.56233215,111026200,103.72123718,91.10066986,45.69633865,16.60000038
2015-12-23,173.68682861,110987200,104.49140930,90.41542053,45.98678207,15.56999969
2015-12-24,173.40020752,48539600,104.47283936,90.93339539,46.08069229,15.73999977
2015-12-28,173.00399780,65899900,104.41717529,91.20214844,45.80586624,16.90999985
2015-12-29,174.85025024,92640700,106.05957794,89.68695831,46.06923294,16.07999992
2015-12-30,173.61091614,63317700,105.10382843,89.59736633,46.10356903,17.29000092
2015-12-31,171.87425232,114877900,103.79548645,90.00038910,46.13219452,18.20999908
2016-01-04,169.47158813,222353500,101.60563660,90.64977264,45.85739899,20.70000076
2016-01-05,169.75817871,110845800,101.42932129,90.28404999,45.94327927,19.34000015
2016-01-06,167.61685181,152112600,100.45505524,91.50070953,45.94327927,20.59000015
2016-01-07,163.59545898,213436100,97.30943298,91.66490936,45.64556503,24.98999977
2016-01-08,161.79974365,209817200,96.51145172,92.07537079,45.52534866,27.01000023
2016-01-11,161.95993042,187941300,96.80838013,91.06774902,45.45666885,24.29999924
2016-01-12,163.26664734,172330500,97.93113708,92.38142395,45.50244904,22.46999931
2016-01-13,159.19470215,221168900,94.55353546,93.29201508,44.99864197,25.21999931
2016-01-14,161.80812073,240795600,96.56710815,92.41870880,45.19901657,23.95000076
2016-01-15,158.33477783,324846400,93.56997681,93.85929871,44.60360718,27.02000046
2016-01-19,158.54550171,195244400,93.77410889,93.56819916,44.44903946,26.04999924
2016-01-20,156.51373291,286547800,93.48646545,94.55348206,44.15135956,27.59000015
2016-01-21,157.39051819,195772900,93.57925415,93.91155243,44.44903946,26.69000053
2016-01-22,160.61944580,168319600,96.28874969,93.55329132,45.13034439,22.34000015
2016-01-25,158.19142151,130371700,94.85974884,94.06082916,44.68377304,24.14999962
2016-01-26,160.34965515,141036800,95.71342468,94.10557556,45.08453369,22.50000000
2016-01-27,158.60449219,185681700,93.32870483,94.08320618,45.01584244,23.11000061
2016-01-28,159.43074036,143798800,94.64634705,94.21755981,45.24481201,22.42000008
2016-01-29,163.31721497,210529300,96.62277985,95.01620483,45.39370346,20.20000076
2016-02-01,163.25819397,136061600,96.88261414,94.72526550,45.12382889,19.97999954
2016-02-02,160.31599426,182564900,94.78552246,96.48268890,44.80167389,21.97999954
2016-02-03,161.27702332,205054900,94.33086395,95.68253326,45.02027893,21.64999962
2016-02-04,161.52992249,139531800,94.32157898,96.14617920,44.87646103,21.84000015
2016-02-05,158.45280457,180788300,91.04608154,96.25835419,44.53125000,23.37999916
2016-02-08,156.31985474,191526700,89.65422058,98.32978058,44.01343536,26.00000000
2016-02-09,156.32826233,184513100,89.37585449,98.43444061,43.84659195,26.54000092
2016-02-10,156.19335938,148214100,89.71917725,99.30193329,43.78328323,26.29000092
2016-02-11,154.16162109,219058900,89.58927155,99.99741364,43.48986053,28.13999939
2016-02-12,157.33992004,127632400,90.95324707,98.33724213,44.14002609,25.39999962
2016-02-16,159.99559021,120250700,93.00393677,97.29779816,44.18028641,24.11000061
2016-02-17,162.60906982,136009500,95.11032867,96.69952393,44.54275894,22.30999947
2016-02-18,161.94302368,102343000,94.02464294,97.88855743,44.58300781,21.63999939
2016-02-19,161.86717224,114793000,94.30301666,97.97079468,44.66931915,20.53000069
2016-02-22,164.21090698,103640300,95.83406067,97.91852570,45.05482483,19.37999916
2016-02-23,162.13691711,111455300,94.25662231,98.31475830,44.96274948,20.97999954
2016-02-24,162.87887573,150812200,95.15667725,98.12041473,45.03752136,20.71999931
2016-02-25,164.85159302,110728300,96.09387970,98.47177887,45.27919388,19.11000061
2016-02-26,164.47218323,129833700,95.97327423,97.52207184,45.58410263,19.80999947
2016-02-29,163.18235779,125918100,95.11032867,97.94838715,46.07316971,20.54999924
2016-03-01,167.01823425,141799700,98.16310120,96.22364044,46.80132294,17.70000076
2016-03-02,167.76855469,102415000,98.20021820,96.62072754,46.48319626,17.09000015
2016-03-03,168.42616272,95172200,98.01464844,96.97288513,46.63936234,16.70000076
2016-03-04,168.97418213,129293600,98.05174255,96.35104370,46.77240372,16.86000061
2016-03-07,169.10902405,100219000,97.44860840,96.32099152,46.83023453,17.35000038
2016-03-08,167.26269531,123974900,96.64133453,97.38496399,46.50054932,18.67000008
2016-03-09,168.08892822,94801200,97.26302338,96.79307556,46.61624527,18.34000015
2016-03-10,168.22383118,156838700,97.11458588,96.39597321,46.94012451,18.04999924
2016-03-11,170.93847656,137964500,98.81263733,95.42199707,47.50691223,16.50000000
2016-03-14,170.71926880,73612000,98.97965240,95.72166443,47.37388992,16.92000008
2016-03-15,170.44107056,93169100,98.94255066,95.81152344,46.93436050,16.84000015
2016-03-16,171.42739868,129303200,99.82404327,96.09630585,47.24666214,14.98999977
2016-03-17,172.51502991,134278500,99.76835632,96.49334717,47.54738235,14.43999958
2016-03-18,173.19290161,138372400,99.92474365,96.69566345,47.65726852,14.02000046
2016-03-21,173.43859863,72926700,100.31562042,95.95388794,47.60525513,13.78999996
2016-03-22,173.34541321,97471900,100.62273407,95.93144226,47.47801208,14.17000008
2016-03-23,172.20143127,81052500,99.79443359,97.01784515,47.25823593,14.93999958
2016-03-24,172.12519836,84360900,99.82234955,97.05530548,47.05000687,14.73999977
2016-03-28,172.22686768,62408200,99.68273163,97.18264771,46.83599091,15.23999977
2016-03-29,173.82002258,92922900,101.28349304,98.20164490,47.01530075,13.81999969
2016-03-30,174.58267212,86365300,101.77673340,97.16769409,47.18304062,13.56000042
2016-03-31,174.15895081,94584100,101.62783813,97.85703278,47.24666214,13.94999981
2016-04-01,175.34536743,114423500,102.70740509,98.11225128,47.28092194,13.10000038
2016-04-04,174.77751160,63497000,102.31651306,98.17225647,47.16469574,14.11999989
2016-04-05,173.03189087,99662200,101.33003235,99.24591064,46.99042130,15.42000008
2016-04-06,174.92161560,91839800,102.99591064,98.52518463,47.38551331,14.09000015
2016-04-07,172.82853699,113859000,101.51615143,99.74146271,47.15308762,16.15999985
2016-04-08,173.29460144,95040600,101.44169617,99.11079407,47.36808777,15.35999966
2016-04-11,172.88784790,83757500,101.06942749,98.98316193,47.43201065,16.26000023
2016-04-12,174.49792480,115350600,101.91632843,98.29991150,47.71092606,14.85000038
2016-04-13,176.26051331,96336400,103.21925354,98.64531708,48.02468872,13.84000015
2016-04-14,176.26895142,65212900,103.22857666,98.17225647,48.00725174,13.72000027
2016-04-15,176.07405090,75761600,102.96796417,99.01317596,47.93174362,13.61999989
2016-04-18,177.31130981,82531000,103.51709747,98.58522034,48.20480347,13.35000038
2016-04-19,177.87059021,88316100,102.88423157,98.27737427,48.40818024,13.23999977
2016-04-20,178.04005432,81100300,102.96796417,97.19625854,48.50117874,13.27999973
2016-04-21,177.08248901,85695000,102.97727966,96.61820221,48.35007858,13.94999981
2016-04-22,177.08248901,99251700,101.42310333,96.37043762,48.46049118,13.22000027
2016-04-25,176.77737427,66166500,101.42310333,95.97252655,48.27454376,14.07999992
2016-04-26,177.04013062,75864200,100.92983246,95.53707123,48.43725586,13.96000004
2016-04-27,177.40452576,77329400,100.12014008,96.49053955,48.72197723,13.77000046
2016-04-28,175.79441833,97216200,98.91030884,96.88846588,48.64062881,15.22000027
2016-04-29,174.84536743,142424100,98.38913727,97.13619995,48.72197723,15.69999981
2016-05-02,176.23510742,62188000,99.31977081,96.15822601,48.74065781,14.68000031
2016-05-03,174.70127869,106422100,98.39848328,97.36941528,48.42544174,15.60000038
2016-05-04,173.72682190,92243800,97.76557159,97.90352631,48.24447250,16.04999924
2016-05-05,173.69290161,67619200,97.73767853,98.55804443,48.20361328,15.90999985
2016-05-06,174.32843018,89315000,98.25886536,98.13677216,48.17444229,14.72000027
2016-05-09,174.47247314,74374900,98.53806305,98.44521332,48.08688736,14.56999969
2016-05-10,176.64187622,77472200,99.88751221,98.45272064,48.49550629,13.63000011
2016-05-11,174.98942566,81727000,98.98475647,99.00943756,48.46045303,14.68999958
2016-05-12,175.04022217,89586300,98.54734039,98.55804443,48.53632355,14.40999985
2016-05-13,173.51490784,96474600,98.18440247,99.51347351,48.32038116,15.03999996
2016-05-16,175.22671509,77486800,99.41287231,98.65585327,48.58888626,14.68000031
2016-05-17,173.59120178,114924900,98.16580200,98.82140350,48.48965454,15.56999969
2016-05-18,173.64202881,120062100,98.51944733,97.41457367,48.49550629,15.94999981
2016-05-19,173.04037476,115430500,98.00757599,97.83585358,48.36122513,16.32999992
2016-05-20,174.13351440,104990400,99.08714294,97.91109467,48.53051758,15.19999981
2016-05-23,173.89625549,58682600,98.95687103,98.12922668,48.54219437,15.81999969
2016-05-24,176.15040588,93537800,100.93914795,97.69288635,48.83404541,14.42000008
2016-05-25,177.34521484,76621400,101.66505432,97.32425690,48.90995026,13.89999962
2016-05-26,177.39607239,55280700,101.96286011,97.82831573,48.76984787,13.43000031
2016-05-27,178.15869141,64211200,102.49333954,97.68539429,48.85156250,13.11999989
2016-05-31,177.81973267,109879400,102.68876648,97.91863251,48.80487442,14.18999958
2016-06-01,178.18412781,69936200,102.69809723,98.31591797,48.88227844,14.19999981
2016-06-02,178.72647095,63044700,102.91214752,99.02453613,48.89403534,13.63000011
2016-06-03,178.19259644,101757100,102.42819977,100.43421173,48.98199463,13.47000027
2016-06-06,179.09934998,64887000,102.80048370,99.68785095,49.19900513,13.64999962
2016-06-07,179.37898254,60974800,102.53985596,99.92913055,49.41606140,14.05000019
2016-06-08,179.96366882,66170900,102.71671295,100.46430969,49.60372543,14.07999992
2016-06-09,179.71797180,73786900,102.54918671,101.11264801,49.41016769,14.64000034
2016-06-10,178.01464844,113829200,101.38585663,101.60261536,49.16970062,17.03000069
2016-06-13,176.64187622,117751200,100.53895569,102.05493164,48.84123230,20.96999931
2016-06-14,176.29437256,125059300,100.53895569,101.97953796,48.67699432,20.50000000
2016-06-15,176.04866028,109124500,100.25046539,102.37152100,48.70045471,20.13999939
2016-06-16,176.57408142,149533100,100.54826355,102.86905670,48.72979736,19.37000084
2016-06-17,175.91651917,117055700,99.36968994,102.22830200,48.75911713,19.40999985
2016-06-20,177.04937744,82789600,99.99490356,101.13523102,49.04653931,18.37000084
2016-06-21,177.55198669,72461700,100.31217957,100.66783905,49.23419952,18.47999954
2016-06-22,177.26234436,95560500,100.06955719,100.83367920,49.28112030,21.17000008
2016-06-23,179.57073975,102731400,101.49723816,99.68030548,49.64479065,17.25000000
2016-06-24,173.12254333,333444400,97.31683350,102.35646057,48.82949066,25.76000023
2016-06-27,170.02188110,230775800,95.38524628,104.91204834,48.12563324,23.85000038
2016-06-28,173.08842468,159382400,97.47545624,105.13059998,48.72979736,18.75000000
2016-06-29,176.03572083,137328600,99.20175934,104.32399750,49.34565353,16.63999939
2016-06-30,178.43782043,165021900,100.34950256,104.70843506,49.67998886,15.63000011
2016-07-01,178.81256104,106055300,100.85342407,106.16226196,49.77840424,14.77000046
2016-07-05,177.52638245,109803700,100.23748779,107.49143982,49.49553680,15.57999992
2016-07-06,178.59117126,96021500,101.05869293,107.66518402,49.71356201,14.96000004
2016-07-07,178.48042297,85593800,101.35728455,107.65760040,49.77840424,14.76000023
2016-07-08,181.13809204,133971000,102.92497253,108.45062256,50.43840790,13.19999981
2016-07-11,181.77691650,73633900,103.51287079,107.49900818,50.46787643,13.53999996
2016-07-12,183.09722900,101275600,104.03539276,105.73177338,50.60929489,13.55000019
2016-07-13,183.07173157,87324100,103.78347015,106.97790527,50.46196747,13.03999996
2016-07-14,184.09385681,91230900,104.49263000,105.42207336,50.56217575,12.81999969
2016-07-15,183.84683228,107155400,104.32466125,104.51588440,50.46196747,12.67000008
2016-07-18,184.34091187,58725900,105.01520538,104.41771698,50.63286209,12.43999958
2016-07-19,184.15354919,54345700,104.63262939,105.00675964,50.49732208,11.97000027
2016-07-20,184.92015076,58159500,105.85504150,104.43276215,50.62698364,11.77000046
2016-07-21,184.22161865,67777300,105.61238861,104.64427948,50.55629349,12.73999977
2016-07-22,185.04792786,62787500,106.05098724,104.82552338,50.78016281,12.02000046
2016-07-25,184.54527283,55873100,106.06033325,104.75000000,50.53857803,12.86999989
2016-07-26,184.63052368,70080500,106.18162537,104.91612244,50.34413528,13.05000019
2016-07-27,184.43461609,84083900,106.91880035,106.22264099,50.49732208,12.82999992
2016-07-28,184.64756775,65035700,107.29203033,106.02634430,50.28518677,12.72000027
2016-07-29,184.94566345,79519400,107.52534485,106.90995789,50.33234024,11.86999989
2016-08-01,184.79237366,73311400,108.09454346,105.75080872,50.04998398,12.43999958
2016-08-02,183.60833740,92295500,107.27338409,104.66125488,49.97892380,13.36999989
2016-08-03,184.14497375,53993600,107.62797546,104.72182465,50.20386124,12.85999966
2016-08-04,184.34091187,46585500,107.93590546,105.50869751,50.52352142,12.42000008
2016-08-05,185.84858704,71892200,108.97168732,104.41166687,50.63601685,11.39000034
2016-08-08,185.73791504,39906500,108.85040283,104.60836029,50.84317017,11.50000000
2016-08-09,185.84858704,51251700,109.10235596,105.63733673,51.02074814,11.65999985
2016-08-10,185.38862610,57941100,108.82241821,106.04594421,50.92606735,12.05000019
2016-08-11,186.24900818,72504300,109.28897095,105.10012054,51.05040359,11.68000031
2016-08-12,186.08711243,61313500,109.36360168,105.98536682,51.09183121,11.55000019
2016-08-15,186.62377930,49813500,109.83016205,104.98663330,51.24574280,11.81000042
2016-08-16,185.66119385,53213600,109.22363281,104.70671844,51.13914871,12.64000034
2016-08-17,186.01046753,75134300,109.41957855,105.33467865,51.21020508,12.18999958
2016-08-18,186.42785645,52989300,109.44760132,105.50112152,51.41147614,11.43000031
2016-08-19,186.15525818,75443000,109.41957855,104.94879913,51.25756454,11.34000015
2016-08-22,186.14674377,61368800,109.50356293,105.83403015,51.17467880,12.27000046
2016-08-23,186.52157593,53399200,109.69956207,105.94750977,51.34633636,12.38000011
2016-08-24,185.56753540,71728900,108.99034882,105.69783783,51.20428848,13.44999981
2016-08-25,185.43972778,69224800,108.81307983,105.29685211,51.29900360,13.63000011
2016-08-26,185.09046936,122506300,108.97168732,104.68395233,51.23979950,13.64999962
2016-08-29,186.00190735,70502200,109.12098694,106.08367920,51.49434280,12.93999958
2016-08-30,185.69525146,58114500,108.76638794,105.67516327,51.52395248,13.11999989
2016-08-31,185.16716003,85269500,108.65444946,105.82642365,51.32266235,13.42000008
2016-09-01,185.17572021,97844200,108.93437195,105.94321442,51.42433929,13.47999954
2016-09-02,186.01046753,79293900,109.28897095,105.07913208,51.66211700,11.97999954
2016-09-06,186.57266235,56702100,109.97015381,105.84465790,51.72156906,12.02000046
2016-09-07,186.55560303,76554900,110.03546906,105.76887512,51.57888794,11.93999958
2016-09-08,186.12971497,74102900,109.39160156,104.44233704,51.48379898,12.51000023
2016-09-09,181.67471313,221589100,106.63884735,102.72175598,50.99037552,17.50000000
2016-09-12,184.28131104,168110900,108.55175018,102.77482605,51.16870880,15.15999985
2016-09-13,181.63215637,182828800,107.58129883,101.60750580,50.77633667,17.85000038
2016-09-14,181.56404114,134185500,108.09454346,101.75915527,50.76441193,18.13999939
2016-09-15,183.37835693,134427900,109.77420044,101.31951904,51.06168747,16.29999924
2016-09-16,182.66952515,155236400,109.72182465,102.13814545,51.07357407,15.36999989
2016-09-19,182.70376587,80250500,109.24471283,101.80464172,51.10330582,15.52999973
2016-09-20,182.71232605,69665300,109.45050812,102.16085815,51.04385376,15.92000008
2016-09-21,184.76696777,110284400,110.52632904,102.98703766,51.46596146,13.30000019
2016-09-22,185.93124390,76678700,111.40564728,103.80567932,51.63834000,12.02000046
2016-09-23,184.91252136,73630900,110.69469452,103.70716095,51.57888794,12.28999996
2016-09-26,183.41427612,89827300,109.76857758,104.36661530,51.35297012,14.50000000
2016-09-27,184.55296326,78494800,110.85372162,105.13217926,51.50163269,13.10000038
2016-09-28,185.46902466,87411000,111.04082489,104.90476227,51.84642792,12.39000034
2016-09-29,183.79095459,128070600,110.23631287,105.17007446,51.65023804,14.02000046
2016-09-30,185.17787170,117202900,111.05956268,104.23018646,51.87617493,13.28999996
2016-10-03,184.73271179,83512100,110.90051270,103.88615417,51.84392166,13.56999969
2016-10-04,183.79095459,119948100,110.73212433,102.67125702,51.75436020,13.63000011
2016-10-05,184.60427856,72816000,111.12502289,102.19287109,51.89166641,12.98999977
2016-10-06,184.73271179,62927400,111.06887817,101.62335968,51.92151260,12.84000015
2016-10-07,184.09921265,89788300,110.82565308,101.69169617,52.04097748,13.47999954
2016-10-10,185.05804443,51855000,111.52726746,101.09184265,52.19026947,13.38000011
2016-10-11,182.72080994,130367400,109.93695068,100.86400604,51.89765549,15.35999966
2016-10-12,182.96057129,73866100,109.84340668,100.96269226,51.87971497,15.90999985
2016-10-13,182.36131287,101357000,109.45050812,101.34239197,51.74837112,16.69000053
2016-10-14,182.45539856,93346200,109.58149719,99.92237091,51.86780167,16.12000084
2016-10-17,181.82194519,58275700,109.28211975,100.56024933,51.79611206,16.20999908
2016-10-18,182.96057129,76869700,110.25502777,100.88671875,52.00512695,15.27999973
2016-10-19,183.44854736,66519200,110.24569702,100.97030640,52.15441132,14.40999985
2016-10-20,183.10612488,73639800,110.11473083,101.07657623,52.16041183,13.75000000
2016-10-21,183.19172668,89089100,110.52632904,101.22849274,52.17232513,13.34000015
2016-10-24,183.97076416,60146600,111.85469055,100.78803253,52.20221710,13.02000046
2016-10-25,183.35438538,66542300,111.49920654,101.05383301,52.17232513,13.46000004
2016-10-26,182.98626709,75705500,110.74144745,100.37040710,51.96332932,14.23999977
2016-10-27,182.49826050,77220200,110.23631287,99.27693176,51.77224731,15.35999966
2016-10-28,181.95887756,140623200,109.54406738,99.05673218,51.52146912,16.19000053
2016-10-31,181.96745300,61272500,109.44118500,99.66421509,51.36619568,17.05999947
2016-11-01,180.64904785,122781800,108.61795044,99.67183685,51.16585541,18.55999947
2016-11-02,179.56178284,103330800,107.74794769,100.10551453,50.93793106,19.31999969
2016-11-03,178.73985291,88939300,106.69087219,99.33708191,50.94992065,22.07999992
2016-11-04,178.54298401,109122100,106.31668091,100.22718048,50.97389603,22.51000023
2016-11-07,182.48115540,109794900,108.84247589,99.37508392,51.68766785,18.70999908
2016-11-08,183.30302429,106772100,109.55341339,98.97188568,51.57376099,18.73999977
2016-11-09,185.24636841,258429000,110.05857849,94.77230072,51.21386337,14.38000011
2016-11-10,185.70863342,172113300,108.28117371,93.37242889,50.54201508,14.73999977
2016-11-11,185.28062439,100552700,108.32793427,92.84747314,50.06816101,14.17000008
2016-11-14,185.42616272,94580000,107.23342896,92.29212189,50.44004822,14.47999954
2016-11-15,186.87300110,91652600,108.72085571,92.74857330,51.10588074,13.36999989
2016-11-16,186.52204895,65617700,109.36633301,93.58545685,50.90193558,13.72000027
2016-11-17,187.48086548,69797200,110.16148376,92.20841980,50.76394653,13.35000038
2016-11-18,187.06138611,86265800,109.74986267,91.94213867,50.76394653,12.85000038
2016-11-21,188.47393799,72402600,110.89115143,92.17036438,51.17185593,12.42000008
2016-11-22,188.84205627,67429000,111.22792816,92.13993835,51.54975510,12.40999985
2016-11-23,188.94479370,56620200,110.77889252,91.78238678,51.35778809,12.43000031
2016-11-25,189.64683533,37872300,111.13437653,91.91927338,51.42377472,12.34000015
2016-11-28,188.75646973,76572500,110.88178253,92.59648895,51.41781235,13.14999962
2016-11-29,189.12457275,69886700,111.26531982,92.98444366,51.35180283,12.89999962
2016-11-30,188.67085266,113291800,109.91826630,91.47805786,51.37578964,13.32999992
2016-12-01,187.97741699,79040500,108.01921844,90.51222992,51.13542175,14.06999969
2016-12-02,188.07156372,74840300,108.23436737,91.17544556,51.44269562,14.11999989
2016-12-05,189.20162964,67837800,109.07631683,91.07631683,51.57521439,12.14000034
2016-12-06,189.80091858,59877400,109.33827209,91.00767517,51.83432007,11.78999996
2016-12-07,192.28369141,110738100,110.72274780,91.78526306,52.09337616,12.22000027
2016-12-08,192.75456238,99714400,110.91921997,90.70280457,52.08736038,12.64000034
2016-12-09,193.91880798,88005800,111.78919220,89.57447815,52.11148453,11.75000000
2016-12-12,193.69624329,102016100,111.28402710,89.74222565,52.03915024,12.64000034
2016-12-13,194.98898315,110477500,112.68727112,90.06238556,52.16569519,12.72000027
2016-12-14,193.37950134,142501800,112.45339203,89.05612946,51.77406311,13.18999958
2016-12-15,194.17565918,124972600,112.63114929,89.50587463,51.79816818,12.78999996
2016-12-16,193.79592896,156420200,112.21358490,89.30006409,51.84633636,12.19999981
2016-12-19,194.21789551,90341100,112.67334747,90.26062012,51.97891998,11.71000004
2016-12-20,194.96708679,89838800,113.10494995,89.81083679,52.05121994,11.44999981
2016-12-21,194.42457581,67909000,113.02047729,90.20722198,52.14159012,11.27000046
2016-12-22,194.08874512,56219100,112.70150757,90.04595947,52.25403214,11.43000031
2016-12-23,194.37287903,36697800,112.77658081,90.22940826,52.35077286,11.43999958
2016-12-27,194.85516357,42672500,113.35825348,89.93896484,52.30241013,11.98999977
2016-12-28,193.24479675,64095000,112.47630310,90.59628296,52.22985077,12.94999981
2016-12-29,193.20173645,48696100,112.31683350,90.91734314,52.30241013,13.36999989
2016-12-30,192.49549866,108998300,111.16278076,91.05489349,52.32054138,14.03999996
2017-01-03,193.96817017,91366500,112.15731812,91.44466400,52.53817368,12.85000038
2017-01-04,195.12210083,78744400,112.76715851,91.79627991,52.82226181,11.85000038
2017-01-05,194.96708679,78379000,113.40514374,93.23325348,52.74366760,11.67000008
2017-01-06,195.66462708,71559900,114.39971161,92.37718201,52.73160172,11.31999969
2017-01-09,195.01879883,46939700,114.77499390,93.11860657,52.71950150,11.56000042
2017-01-10,195.01879883,63771900,115.02834320,93.05739594,52.72556686,11.48999977
2017-01-11,195.56988525,74650000,115.33795929,93.37081146,52.75579834,11.26000023
2017-01-12,195.07908630,72113200,115.15968323,93.16440582,52.76785278,11.53999996
2017-01-13,195.52687073,62717900,115.55375671,92.72109222,52.78601074,11.22999954
2017-01-17,194.83792114,61240800,115.20660400,93.69182587,52.73160172,11.86999989
2017-01-18,195.26849365,54793300,115.44116211,92.49182129,52.77994537,12.47999954
2017-01-19,194.54510498,66608800,115.38487244,91.85743713,52.61067581,12.77999973
2017-01-20,195.25988770,129168600,115.63818359,91.67400360,52.71343994,11.53999996
2017-01-23,194.75173950,75061600,115.73200989,92.59120178,52.71343994,11.77000046
2017-01-24,196.00048828,95555300,116.51074219,91.95675659,52.74973297,11.06999969
2017-01-25,197.69692993,84437700,117.68357086,90.80265808,52.93709946,10.81000042
2017-01-26,197.49028015,59970700,117.80553436,91.10841370,52.91292953,10.63000011
2017-01-27,197.18023682,59711100,118.03073883,91.43704987,52.96131516,10.57999992
2017-01-30,195.95738220,79737300,117.11123657,91.16188812,52.85247803,11.88000011
2017-01-31,195.94021606,75880800,116.87666321,91.79627991,52.79808044,11.98999977
2017-02-01,196.01771545,79117700,117.68357086,91.22871399,52.99357986,11.81000042
2017-02-02,196.14689636,69657600,117.58034515,91.19039154,53.02395630,11.93000031
2017-02-03,197.49890137,80563200,117.91812134,91.15212250,53.11502838,10.97000027
2017-02-06,197.14585876,57790100,118.05885315,91.70359802,53.07857513,11.36999989
2017-02-07,197.15444946,57931200,118.49043274,92.37767792,52.99965668,11.28999996
2017-02-08,197.41281128,51566200,118.68747711,93.63387299,53.03609848,11.44999981
2017-02-09,198.58399963,65955200,119.11907196,92.55383301,53.10896683,10.88000011
2017-02-10,199.36758423,66015900,119.51313019,92.50022125,53.14536667,10.85000038
2017-02-13,200.45269775,55182100,120.18869019,92.20916748,53.22435379,11.06999969
2017-02-14,201.25355530,71109000,120.59208679,91.54276276,53.26074982,10.73999977
2017-02-15,202.30418396,86785800,121.30516052,91.12145233,53.27896881,11.97000027
2017-02-16,202.13197327,84722400,121.26763153,91.61932373,53.23648834,11.76000023
2017-02-17,202.45060730,77204100,121.79306030,92.16317749,53.29110336,11.48999977
2017-02-21,203.65620422,88946100,122.39353943,92.00232697,53.46717072,11.56999969
2017-02-22,203.47535706,62115200,122.44044495,92.15549469,53.49145889,11.73999977
2017-02-23,203.61315918,74615900,121.98069000,92.43132019,53.54004288,11.71000004
2017-02-24,203.87150574,82381600,122.21526337,93.45766449,53.58257675,11.47000027
2017-02-27,204.19013977,56515400,122.36539459,92.90618134,53.64933777,12.09000015
2017-02-28,203.63903809,96961900,121.99009705,93.25089264,53.60682678,12.92000008
2017-03-01,206.48944092,149158200,123.32238770,91.68832397,53.80441666,12.53999996
2017-03-02,205.18910217,70246000,122.70314026,91.35832214,53.63366318,11.81000042
2017-03-03,205.31829834,81974300,122.92836761,91.59625244,53.65805054,10.96000004
2017-03-06,204.70684814,55391500,122.65623474,91.15879822,53.48731613,11.23999977
2017-03-07,204.09544373,65103700,122.44982910,90.88251495,53.13971710,11.44999981
2017-03-08,203.71652222,78168800,122.66562653,90.39133453,52.78603745,11.85999966
2017-03-09,203.97482300,90683900,122.75945282,89.66989899,52.64579391,12.30000019
2017-03-10,204.68960571,81991700,123.27547455,89.98453522,52.62745285,11.65999985
2017-03-13,204.79293823,57256800,123.48189545,89.41667175,52.67016220,11.35000038
2017-03-14,204.00930786,59880800,123.18164825,89.84644318,52.51161957,12.30000019
2017-03-15,205.77465820,96081800,123.94165802,90.94391632,53.23726273,11.63000011
2017-03-16,205.36996460,78344000,123.85716248,90.48341370,53.08482361,11.21000004
2017-03-17,205.00926208,89002100,123.81396484,91.05136871,53.10312653,11.27999973
2017-03-20,204.78439331,52537000,123.92678070,91.44275665,52.99945831,11.34000015
2017-03-21,202.15507507,131809300,122.04640961,92.20257568,52.62136459,12.47000027
2017-03-22,202.63075256,97569200,122.87372589,92.57089996,52.74945831,12.81000042
2017-03-23,202.41453552,100410300,122.56348419,92.44041443,52.76771545,13.11999989
2017-03-24,202.26754761,112504900,122.81733704,92.77044678,52.95069885,12.96000004
2017-03-27,202.05993652,87454500,123.01477814,93.19257355,52.89578629,12.50000000
2017-03-28,203.53027344,93483900,123.76691437,92.57089996,53.18851089,11.52999973
2017-03-29,203.72055054,61950400,124.34043884,93.12346649,53.29827881,11.42000008
2017-03-30,204.36918640,56737900,124.54727173,92.37137604,53.54829788,11.53999996
2017-03-31,203.89356995,73733100,124.46269226,92.64000702,53.52999878,12.36999989
2017-04-03,203.53890991,85546500,124.38750458,93.57443237,53.50122070,12.38000011
2017-04-04,203.66864014,56466200,124.58491516,93.06684875,53.51959991,11.78999996
2017-04-05,203.06318665,108800600,124.07720184,93.35137939,53.47672653,12.89000034
2017-04-06,203.63409424,69135800,124.14301300,93.21295166,53.54406738,12.39000034
2017-04-07,203.42648315,74412300,124.07720184,92.83609772,53.51959991,12.86999989
2017-04-10,203.54756165,67615300,124.12421417,93.26681519,53.59309769,14.05000019
2017-04-11,203.30540466,88045300,123.58826447,94.15125275,53.48893738,15.06999969
2017-04-12,202.41453552,81864400,123.09000397,94.66650391,53.52572250,15.77000046
2017-04-13,201.09989929,92880400,122.60106659,94.95879364,53.41548157,15.96000004
2017-04-17,202.88159180,68405400,123.61647797,94.66650391,53.57468796,14.65999985
2017-04-18,202.27613831,83225800,123.42847443,95.90474701,53.56246567,14.42000008
2017-04-19,201.90425110,68699900,123.62590027,95.38177490,53.51343536,14.93000031
2017-04-20,203.54756165,92572200,124.66007233,95.01266479,53.69106674,14.14999962
2017-04-21,202.89891052,110389800,124.63187408,95.01266479,53.64817810,14.63000011
2017-04-24,205.13035583,119209900,126.13625336,94.54345703,53.89927673,10.84000015
2017-04-25,206.32392883,76698300,127.04823303,93.40523529,53.99727249,10.76000023
2017-04-26,206.19419861,84702500,126.86954498,93.92056274,53.94828415,10.85000038
2017-04-27,206.36717224,57410300,127.63114166,93.88976288,53.98501587,10.35999966
2017-04-28,205.91743469,63532800,127.85677338,94.09739685,53.96668625,10.81999969
2017-05-01,206.43638611,66882500,128.99440002,93.31516266,53.99435043,10.10999966
2017-05-02,206.51420593,57375700,129.21063232,93.79297638,54.01279068,10.59000015
2017-05-03,206.26336670,73137700,128.79698181,93.85465240,54.06197357,10.68000031
2017-05-04,206.50552368,61462700,128.84396362,93.39223480,53.77291107,10.46000004
2017-05-05,207.31855774,62001300,129.31402588,93.47700500,53.86518478,10.56999969
2017-05-08,207.28396606,48385700,129.59606934,92.96834564,53.92668533,9.77000046
2017-05-09,207.09371948,51363200,130.04740906,92.96061707,53.88978195,9.96000004
2017-05-10,207.46563721,54293800,130.12257385,92.85273743,54.12349701,10.21000004
2017-05-11,207.04182434,62358300,130.01916504,92.85273743,54.12965012,10.60000038
2017-05-12,206.69583130,53912700,130.31065369,93.55406952,54.11120605,10.39999962
2017-05-15,207.83753967,61918900,130.72434998,93.29972076,54.23419189,10.42000008
2017-05-16,207.64723206,51241800,131.26963806,93.64659882,54.31412888,10.64999962
2017-05-17,203.96273804,172174100,127.93194580,95.01066589,54.07429504,15.59000015
2017-05-18,204.78439331,107047700,129.05081177,95.11856842,54.13579941,14.65999985
2017-05-19,206.11631775,115011400,129.59606934,95.34207916,54.23419189,12.03999996
2017-05-22,207.16290283,61010600,130.68672180,95.08003998,54.40025330,10.93000031
2017-05-23,207.62130737,48341700,130.81838989,94.44037628,54.39408875,10.72000027
2017-05-24,208.10565186,46927700,131.42010498,94.97212219,54.48635864,10.02000046
2017-05-25,209.10026550,64071700,132.53894043,95.00296021,54.44329071,9.98999977
2017-05-26,209.05705261,46629900,132.77398682,95.16481018,54.47406387,9.81000042
2017-05-30,208.87542725,35201900,132.88676453,95.63494873,54.52940750,10.38000011
2017-05-31,208.82348633,91796000,132.83978271,95.87381744,54.52325439,10.40999985
2017-06-01,210.48411560,68962000,133.35688782,95.88389587,54.68200302,9.89000034
2017-06-02,211.18476868,88666100,134.88000488,97.01918793,54.71290970,9.75000000
2017-06-05,211.02905273,44698800,134.85180664,96.41680145,54.66350174,10.06999969
2017-06-06,210.35444641,50375400,134.31593323,96.94197845,54.57698441,10.44999981
2017-06-07,210.74357605,54144300,134.84237671,96.47857666,54.46583176,10.39000034
2017-06-08,210.84736633,65950700,134.98344421,96.22372437,54.50907516,10.15999985
2017-06-09,210.52738953,132256400,131.60815430,96.07696533,54.55230331,10.69999981
2017-06-12,210.48411560,86108100,130.90295410,96.04608154,54.64498520,11.46000004
2017-06-13,211.51339722,60067000,131.96545410,96.06154633,54.74377060,10.42000008
2017-06-14,211.24530029,78602300,131.39189148,97.54438782,54.74995804,10.64000034
2017-06-15,210.83872986,66464900,130.80897522,97.38993073,54.53995895,10.89999962
2017-06-16,210.88481140,84553100,130.24142456,97.58299255,54.44728470,10.38000011
2017-06-19,212.64045715,65123800,132.41921997,97.44400024,54.61406708,10.36999989
2017-06-20,211.20637512,56906400,131.38220215,98.31669617,54.42260361,10.85999966
2017-06-21,211.15423584,55977600,132.68316650,98.51747894,54.10755539,10.75000000
2017-06-22,211.05867004,44148100,132.64547729,98.73372650,54.25585175,10.47999954
2017-06-23,211.31069946,66986800,133.15452576,98.68740845,54.47819901,10.02000046
2017-06-26,211.44973755,56700500,132.53233337,99.05812836,54.55230331,9.89999962
2017-06-27,209.74624634,82247700,130.12828064,98.00006866,54.37934875,11.06000042
2017-06-28,211.62358093,70042600,132.00437927,97.67568970,54.60171890,10.02999973
2017-06-29,209.76365662,106949700,129.71347046,96.85702515,54.46583176,11.43999958
2017-06-30,210.15475464,86820700,129.76068115,96.63307190,54.59551620,11.18000031
2017-07-03,210.51106262,39153800,128.39364624,96.32193756,54.56888580,11.22000027
2017-07-05,210.99786377,54427600,129.65690613,96.34517670,54.52542114,11.06999969
2017-07-06,209.06829834,65400800,128.48785400,95.54798126,54.38896942,12.53999996
2017-07-07,210.42416382,57972300,129.87374878,94.97527313,54.33932877,11.18999958
2017-07-10,210.65010071,36663300,130.72221375,95.11463165,54.40138626,11.10999966
2017-07-11,210.49368286,50354600,131.08992004,95.27718353,54.36415863,10.89000034
2017-07-12,212.07550049,59610400,132.64547729,95.93498230,54.71773529,10.30000019
2017-07-13,212.43185425,39471600,132.93772888,95.33132935,54.76117325,9.89999962
2017-07-14,213.42265320,60262700,133.98414612,95.44739532,54.91624069,9.51000023
2017-07-17,213.39662170,33531900,134.05014038,95.71054077,54.93483734,9.81999969
2017-07-18,213.50956726,42742500,134.94577026,96.54636383,54.95968628,9.89000034
2017-07-19,214.66552734,51034300,135.73768616,96.58505249,55.05273056,9.78999996
2017-07-20,214.76107788,47135200,135.91676331,96.86366272,55.08370972,9.57999992
2017-07-21,214.56987000,82340800,135.86024475,97.27382660,55.04032516,9.35999966
2017-07-24,214.51777649,46622300,136.48246765,96.89458466,55.08370972,9.43000031
2017-07-25,215.03926086,54915600,136.13359070,95.63314819,55.10853195,9.43000031
2017-07-26,215.04795837,47575400,136.57676697,95.78794098,55.18917847,9.60000038
2017-07-27,214.84805298,70766600,135.71885681,95.31584167,55.14576340,10.10999966
2017-07-28,214.59600830,50088400,135.60569763,95.88081360,55.15195465,10.28999996
2017-07-31,214.47431946,65838700,135.03057861,95.99687958,55.15195465,10.26000023
2017-08-01,214.95233154,55050400,135.34169006,96.67088318,55.20675659,10.09000015
2017-08-02,215.05659485,47211200,135.70941162,96.72517395,55.21921158,10.27999973
2017-08-03,214.63943481,40856000,135.18145752,97.72572327,55.11333084,10.43999958
2017-08-04,215.03056335,60191800,135.42657471,96.89581299,55.12580109,10.02999973
2017-08-07,215.43029785,31995000,136.28451538,97.00440216,55.10088348,9.93000031
2017-08-08,214.90016174,61719400,136.04879761,96.65534973,54.86420822,10.96000004
2017-08-09,214.89149475,62632600,135.86965942,97.18274689,54.65238953,11.10999966
2017-08-10,211.85826111,120479500,132.95655823,98.01268005,54.30359268,16.04000092
2017-08-11,212.17106628,74869900,133.96533203,98.05920410,54.39699936,15.51000023
2017-08-14,214.27433777,73291900,135.69055176,97.55506134,54.68355942,12.32999992
2017-08-15,214.24832153,55242700,135.78482056,97.14398956,54.70224762,12.03999996
2017-08-16,214.62208557,56715500,136.02049255,97.50074005,54.70846939,11.73999977
2017-08-17,211.27593994,128490400,133.23937988,98.22985077,54.40324402,15.55000019
2017-08-18,210.94567871,136748000,133.14515686,98.20656586,54.48422241,14.26000023
2017-08-21,211.11076355,65469700,132.97541809,98.44703674,54.54029083,13.18999958
2017-08-22,213.31835938,63140100,135.00233459,98.06696320,54.76451111,11.35000038
2017-08-23,212.55345154,50203800,134.52149963,98.73396301,54.77076340,12.25000000
2017-08-24,212.05815125,50741700,134.12557983,98.36943054,54.85171890,12.22999954
2017-08-25,212.55345154,64445900,133.84275818,98.74948883,54.95138931,11.27999973
2017-08-28,212.56222534,40565600,134.25755310,98.68742371,54.95761871,11.31999969
2017-08-29,212.80558777,51135700,134.78547668,99.00542450,54.88909912,11.69999981
2017-08-30,213.81379700,62030800,136.36930847,98.97442627,55.03858948,11.22000027
2017-08-31,215.10006714,103803900,137.83055115,99.26913452,55.18808746,10.59000015
2017-09-01,215.40423584,62007000,137.64201355,98.50984955,55.24438477,10.13000011
2017-09-05,213.85720825,91398800,136.40705872,100.07197571,55.11928177,12.22999954
2017-09-06,214.58729553,57916900,136.82185364,99.45800018,55.08174133,11.63000011
2017-09-07,214.56120300,58034700,137.14236450,100.47611237,55.08803940,11.55000019
2017-09-08,214.30918884,63832800,135.95452881,100.25852966,54.91287994,12.11999989
2017-09-11,216.59498596,71364800,137.51951599,99.06163788,55.08803940,10.72999954
2017-09-12,217.32505798,56896000,137.84945679,98.54090118,55.15681076,10.57999992
2017-09-13,217.42930603,59228000,138.03802490,98.15233612,55.17557526,10.50000000
2017-09-14,217.35981750,95446300,137.22729492,98.55647278,55.25065994,10.43999958
2017-09-15,217.65238953,95432400,137.69862366,98.59529877,55.30066681,10.17000008
2017-09-18,218.11534119,46235200,137.51811218,98.02796173,55.27565765,10.14999962
2017-09-19,218.33370972,47108100,137.75437927,97.78704071,55.33195877,10.18000031
2017-09-20,218.41230774,59574100,137.32916260,97.85699463,55.32568741,9.77999973
2017-09-21,217.82708740,48211400,136.48825073,97.80259705,55.25687408,9.67000008
2017-09-22,217.87075806,51214000,136.35604858,98.08239746,55.31315613,9.59000015
2017-09-25,217.42533875,57064400,134.91993713,98.69634247,55.34445190,10.21000004
2017-09-26,217.55635071,54082000,135.26950073,98.51755524,55.41326904,10.17000008
2017-09-27,218.40359497,81001400,136.48825073,97.03314209,55.43827057,9.86999989
2017-09-28,218.66560364,44778800,136.44102478,96.74555969,55.43827057,9.55000019
2017-09-29,219.43420410,85578000,137.42369080,96.96319580,55.51958084,9.51000023
2017-10-02,220.38629150,59023000,137.54650879,96.78565979,55.49135208,9.44999981
2017-10-03,220.85795593,66810200,137.83941650,96.87905121,55.59184265,9.51000023
2017-10-04,221.11997986,55953600,137.97167969,96.88687897,55.53531647,9.63000011
2017-10-05,222.43013000,63522800,139.32273865,96.52087402,55.60440445,9.18999958
2017-10-06,222.17683411,80646000,139.51165771,96.24828339,55.52274704,9.64999962
2017-10-09,221.81001282,35803100,139.35113525,96.55202484,55.52902985,10.32999992
2017-10-10,222.39514160,43057400,139.45501709,96.70778656,55.57298279,10.07999992
2017-10-11,222.74458313,47674300,139.87074280,96.89469147,55.51644897,9.85000038
2017-10-12,222.41264343,47065100,139.61564636,97.30744934,55.45365524,9.90999985
2017-10-13,222.68345642,54800400,140.15422058,98.00834656,55.47879791,9.60999966
2017-10-16,222.98042297,38221700,140.63606262,97.93822479,55.51015091,9.90999985
2017-10-17,223.13760376,31561000,140.81553650,98.06282806,55.59184265,10.31000042
2017-10-18,223.35600281,40888300,140.64546204,97.41644287,55.64836121,10.06999969
2017-10-19,223.41711426,61903800,140.12579346,97.58776855,55.65464783,10.05000019
2017-10-20,224.57002258,89176400,140.50378418,96.55202484,55.70487213,9.97000027
2017-10-23,223.69659424,63915300,139.58728027,96.72334290,55.64208984,11.06999969
2017-10-24,224.08964539,66935900,139.82350159,96.12368011,55.64208984,11.15999985
2017-10-25,222.98042297,103715300,139.29438782,95.66420746,55.48503876,11.22999954
2017-10-26,223.26867676,69798000,138.85038757,95.34493256,55.41596603,11.30000019
2017-10-27,225.09411621,85562500,142.89414978,95.97572327,55.56674194,9.80000019
2017-10-30,224.25563049,54285700,143.21542358,96.89469147,55.55413437,10.50000000
2017-10-31,224.60493469,60304800,143.75390625,96.92581177,55.56674194,10.18000031
2017-11-01,224.90197754,54202700,143.70672607,97.35739899,55.51373672,10.19999981
2017-11-02,224.98925781,56449500,143.43272400,97.78661346,55.48217773,9.93000031
2017-11-03,225.74040222,59589700,144.81213379,98.05197144,55.48850250,9.14000034
2017-11-06,226.08984375,49652600,145.30340576,98.41876984,55.49480438,9.39999962
2017-11-07,225.93261719,57502200,145.38850403,98.83238220,55.33711243,9.89000034
2017-11-08,226.31697083,50469600,145.97424316,98.61386871,55.09117508,9.77999973
2017-11-09,225.49594116,95085500,145.20895386,98.33290863,54.81996918,10.50000000
2017-11-10,225.42601013,59984700,145.19949341,96.85013580,54.93977356,11.28999996
2017-11-13,225.63562012,50228600,145.37902832,97.05303955,54.90196991,11.50000000
2017-11-14,225.11161804,61315200,144.84989929,97.70852661,54.66859055,11.59000015
2017-11-15,223.98483276,80811500,144.16969299,98.76992798,54.66859055,13.13000011
2017-11-16,225.88896179,67777000,146.01206970,97.91146851,55.20471954,11.76000023
2017-11-17,225.22509766,75756800,145.45462036,98.63729858,55.16687393,11.43000031
2017-11-20,225.60943604,48075500,145.34121704,98.59826660,55.17947006,10.64999962
2017-11-21,227.08555603,69176800,146.91906738,98.91041565,55.29297638,9.72999954
2017-11-22,226.88467407,45033400,147.09866333,99.23041534,55.38126755,9.88000011
2017-11-24,227.40876770,27856500,147.63713074,98.95728302,55.41910172,9.67000008
2017-11-27,227.29518127,52274900,147.57101440,98.81677246,55.24882507,9.86999989
2017-11-28,229.60107422,98971700,147.94889832,98.94945526,55.41910172,10.02999973
2017-11-29,229.46130371,77512100,145.36959839,97.97389984,55.34973907,10.69999981
2017-11-30,231.47019958,127894400,146.58839417,97.64615631,55.36235809,11.27999973
2017-12-01,230.98980713,164390900,145.96482849,98.96385193,55.34460831,11.43000031
2017-12-04,230.71034241,94040600,144.28303528,99.01074982,55.32563782,11.68000031
2017-12-05,229.88056946,77994500,144.37754822,99.50339508,55.29396057,11.32999992
2017-12-06,229.92420959,75898600,145.02944946,99.84749603,55.24327469,11.02000046
2017-12-07,230.64921570,77218600,145.52076721,99.06549072,55.26861954,10.15999985
2017-12-08,231.90693665,76563900,146.16319275,99.07331848,55.32563782,9.57999992
2017-12-11,232.60562134,83077500,147.29698181,98.86998749,55.33827209,9.34000015
2017-12-12,233.01622009,85195800,147.09866333,98.83090973,55.31294250,9.92000008
2017-12-13,232.98999023,102905400,147.38204956,99.57383728,55.34460831,10.18000031
2017-12-14,232.03791809,100666700,147.27810669,99.99613190,55.23059845,10.48999977
2017-12-15,233.97024536,144610300,148.95045471,100.37145996,55.23694611,9.42000008
2017-12-18,235.45390320,83653600,150.19926453,99.45650482,55.29396057,9.52999973
2017-12-19,234.54965210,82382900,149.30924988,98.16618347,55.17994690,10.02999973
2017-12-20,234.42675781,76751500,149.14834595,97.07920074,55.22427368,9.72000027
2017-12-21,234.90957642,67032300,149.16725159,97.64500427,55.28215027,9.61999989
2017-12-22,234.84812927,78720900,148.99679565,97.77825928,55.33304596,9.89999962
2017-12-26,234.56721497,45244400,148.19206238,98.06817627,55.41572189,10.25000000
2017-12-27,234.68132019,57751000,148.21095276,99.34553528,55.44118500,10.47000027
2017-12-28,235.16418457,45116100,148.39089966,99.25933838,55.41572189,10.18000031
2017-12-29,234.27745056,96007400,147.47250366,99.41609192,55.49840927,11.03999996
2018-01-02,235.95434570,86655700,150.05725098,98.34246826,55.54928207,9.77000046
2018-01-03,237.44676208,90070400,151.51533508,98.81266785,55.81642151,9.14999962
2018-01-04,238.44754028,80636400,151.78039551,98.79699707,55.91182709,9.22000027
2018-01-05,240.03651428,83524000,153.30476379,98.51490784,55.94996262,9.22000027
2018-01-08,240.47555542,57319200,153.90124512,98.45218658,55.90547180,9.52000046
2018-01-09,241.01979065,57254000,153.91070557,97.13557434,55.73369598,10.07999992
2018-01-10,240.65103149,69574300,153.55088806,97.01807404,55.61287308,9.81999969
2018-01-11,242.40682983,62361500,154.60183716,97.41775513,55.79732513,9.88000011
2018-01-12,243.98710632,90816100,155.73802185,97.58228302,55.70195007,10.15999985
2018-01-16,243.15313721,106555100,155.29299927,97.98981476,55.67013931,11.65999985
2018-01-17,245.47079468,113258800,156.96879578,97.85657501,55.67649841,11.90999985
2018-01-18,245.05818176,100728000,156.99722290,96.94756317,55.61925888,12.22000027
2018-01-19,246.17308044,140920100,157.48953247,96.43819427,55.67649841,11.27000046
2018-01-22,248.17468262,91322400,159.17488098,96.53219604,55.72734833,11.02999973
2018-01-23,248.70143127,97084700,160.49090576,96.94756317,55.89274216,11.10000038
2018-01-24,248.60487366,134816100,159.44941711,96.42247772,55.81005096,11.47000027
2018-01-25,248.71022034,84587300,159.39262390,97.21396637,55.77187729,11.57999992
2018-01-26,251.58978271,107743100,161.83535767,96.85346985,55.81642151,11.07999992
2018-01-29,249.92179871,90118300,161.04953003,96.17955017,55.61925888,13.84000015
2018-01-30,247.35827637,131796400,159.72398376,95.61531067,55.42843246,14.78999996
2018-01-31,247.48115540,108364800,160.38673401,96.17955017,55.52385712,13.53999996
2018-02-01,247.20024109,90102500,159.02340698,94.78561401,55.41907883,13.47000027
2018-02-02,241.81877136,173174800,155.85165405,93.90608215,55.06780624,17.30999947
2018-02-05,231.70523071,294681800,149.70689392,94.79347992,54.76124954,37.31999969
2018-02-06,236.27033997,355026800,153.67398071,94.20450592,55.09334564,29.97999954
2018-02-07,234.98863220,167376100,151.68571472,93.30926514,54.88896179,27.72999954
2018-02-08,226.17446899,246449500,145.28543091,93.20716095,54.40998077,33.45999908
2018-02-09,229.57189941,283565300,147.79441833,92.61820984,54.25669861,29.05999947
2018-02-12,232.94309998,143736000,150.41700745,93.02656555,54.62714005,25.61000061
2018-02-13,233.52249146,81223600,151.19332886,93.44277954,54.45468521,24.96999931
2018-02-14,236.67419434,120735700,154.02426147,92.40618896,54.55047989,19.26000023
2018-02-15,239.69421387,111200300,156.88359070,92.72030640,54.99119568,19.12999916
2018-02-16,239.76434326,160420100,156.18304443,93.22288513,55.21471405,19.45999908
2018-02-20,238.26324463,86369700,156.49543762,92.81454468,55.02312469,20.60000038
2018-02-21,237.07800293,98883700,156.05047607,91.67585754,54.77399826,20.02000046
2018-02-22,237.38525391,110511300,156.03146362,91.95071411,54.81233597,18.71999931
2018-02-23,241.16902161,92766400,159.22218323,92.76741791,55.17637634,16.48999977
2018-02-26,243.96958923,86491400,161.33352661,92.79878235,55.27219391,15.80000019
2018-02-27,240.92326355,99099200,159.33578491,92.66535187,55.12530899,18.59000015
2018-02-28,238.48262024,121907800,158.31329346,93.25427246,55.04227829,19.85000038
2018-03-01,235.01489258,176855100,155.72856140,93.89089966,54.67742157,22.46999931
2018-03-02,236.22647095,139083200,157.15818787,93.12763214,54.98520660,19.59000015
2018-03-05,238.95669556,97307400,158.90032959,92.87581635,54.98520660,18.72999954
2018-03-06,239.56245422,79213200,159.57252502,92.96237183,55.06214142,18.36000061
2018-03-07,239.47474670,87063500,159.94174194,92.86009979,54.92751694,17.76000023
2018-03-08,240.63356018,66901200,160.82228088,93.39514160,54.99158096,16.54000092
2018-03-09,244.82113647,113625300,163.94665527,92.78139496,55.19041443,14.64000034
2018-03-12,244.51394653,71924800,164.81774902,93.31645203,55.10062027,15.77999973
2018-03-13,242.93363953,91968900,162.57383728,93.78858185,54.92751694,16.35000038
2018-03-14,241.68692017,105895100,162.54544067,94.61479950,54.86334991,17.22999954
2018-03-15,241.42358398,83433000,162.40341187,94.61479950,54.90185165,16.59000015
2018-03-16,241.68542480,100343700,161.92056274,94.27644348,55.01725388,15.80000019
2018-03-19,238.41534424,109208400,158.46578979,93.97745514,54.79282761,19.02000046
2018-03-20,238.82084656,59757300,158.98735046,93.59977722,54.90185165,18.20000076
2018-03-21,238.36238098,78709600,158.29508972,93.70205688,54.92109299,17.86000061
2018-03-22,232.40408325,148785900,154.38801575,94.63050842,54.59403610,23.34000015
2018-03-23,227.45045471,183534800,150.31965637,94.55974579,54.45299149,24.87000084
2018-03-26,233.67326355,141956100,155.90527344,94.19777679,54.80566788,21.03000069
2018-03-27,229.69813538,129941400,150.86015320,95.20496368,54.75434494,22.50000000
2018-03-28,229.01939392,146452300,149.12477112,95.45678711,54.72870636,22.87000084
2018-03-29,231.94573975,111601600,151.85595703,95.92104340,54.91466904,19.96999931
2018-04-02,226.93928528,186286300,147.47470093,96.11029053,54.70156479,23.62000084
2018-04-03,229.84800720,119956900,149.13423157,95.36901093,54.85605621,21.10000038
2018-04-04,232.30709839,123715300,151.48611450,95.17192078,54.97840118,20.05999947
2018-04-05,234.14044189,82652600,152.34910583,94.46219635,55.02347183,18.94000053
2018-04-06,228.92242432,179521200,148.53681946,95.49523926,54.90117264,21.48999977
2018-04-09,230.05070496,105442900,149.57997131,95.65294647,55.10719299,21.77000046
2018-04-10,233.70858765,103529000,152.88018799,95.47942352,55.30675888,20.46999931
2018-04-11,232.48342896,91140200,151.99822998,95.81849670,55.32606506,20.23999977
2018-04-12,234.39607239,68890500,153.82849121,95.11670685,55.52566528,18.48999977
2018-04-13,233.70858765,85079200,153.03189087,95.33750916,55.55787277,17.40999985
2018-04-16,235.63008118,63405300,154.19833374,95.36901093,55.64156723,16.55999947
2018-04-17,238.15093994,64682000,157.51747131,95.62924194,55.66730881,15.25000000
2018-04-18,238.32722473,57303900,157.83988953,94.86439514,55.60940933,15.60000038
2018-04-19,237.00508118,77655900,156.38896179,94.09159088,55.43554306,15.96000004
2018-04-20,234.99542236,99953100,153.91384888,93.41343689,55.30031586,16.87999916
2018-04-23,234.96022034,65558000,153.52499390,93.43703461,55.15222931,16.34000015
2018-04-24,231.79586792,112885500,150.27223206,93.01123810,55.04278564,18.02000046
2018-04-25,232.36877441,103840900,150.45239258,92.38826752,55.04921341,17.84000015
2018-04-26,234.73100281,67731900,153.61985779,93.03491974,55.24241257,16.23999977
2018-04-27,234.95137024,57053600,153.71464539,93.75248718,55.21660995,15.40999985
2018-04-30,233.14442444,82182300,152.62414551,93.91809082,55.17799377,15.93000031
2018-05-01,233.55868530,74203400,154.36903381,93.57981110,55.21871567,15.48999977
2018-05-02,231.98982239,86368900,153.45863342,93.47712708,55.19935226,15.97000027
2018-05-03,231.47860718,136311500,153.43959045,93.89593506,55.19288254,15.89999962
2018-05-04,234.47541809,91222100,156.35105896,94.03823853,55.23168182,14.77000046
2018-05-07,235.26872253,55304900,157.65020752,93.88808441,55.28338623,14.75000000
2018-05-08,235.26872253,67499200,157.48901367,93.80114746,55.19935226,14.71000004
2018-05-09,237.54273987,59666100,159.20549011,93.24004364,55.28984070,13.42000008
2018-05-10,239.76390076,72063900,160.85557556,93.99076843,55.45150375,13.22999954
2018-05-11,240.49554443,59871500,160.70382690,94.22787476,55.43210983,12.64999962
2018-05-14,240.61012268,54790600,160.97885132,93.72996521,55.44504166,12.93000031
2018-05-15,238.95306396,87036100,159.19598389,92.66309357,55.17349625,14.63000011
2018-05-16,239.95779419,53942600,160.24865723,92.30744934,55.24458694,13.42000008
2018-05-17,239.75512695,56536400,159.63221741,91.84119415,55.27689743,13.43000031
2018-05-18,239.15577698,64368000,158.80722046,92.63145447,55.21871567,13.42000008
2018-05-21,240.95384216,58025900,159.69862366,92.67885590,55.29632568,13.07999992
2018-05-22,240.28398132,52966400,159.48999023,92.53667450,55.33511734,13.22000027
2018-05-23,240.94500732,64694200,160.83656311,93.20837402,55.38040161,12.57999992
2018-05-24,240.45140076,76043800,160.78924561,93.95130920,55.41271210,12.52999973
2018-05-25,239.87855530,56374800,160.95040894,94.53611755,55.32219315,13.22000027
2018-05-29,237.11965942,115908600,160.23919678,96.60669708,55.08941269,17.02000046
2018-05-30,240.28398132,69678400,161.38665771,95.95867157,55.25753021,14.93999958
2018-05-31,238.81202698,93519900,161.28234863,95.80060577,55.20581436,15.43000031
2018-06-01,241.15658569,71258400,163.81436157,95.29440308,55.33179474,13.46000004
2018-06-04,242.30238342,45385200,165.29376221,94.60527039,55.44871902,12.73999977
2018-06-05,242.47869873,51135000,165.80584717,94.82704163,55.51367950,12.39999962
2018-06-06,244.50593567,62732200,166.77314758,94.05866241,55.65006638,11.64000034
2018-06-07,244.47950745,72969400,165.41702271,94.96961975,55.66954422,12.13000011
2018-06-08,245.20220947,72139700,165.42651367,94.68450165,55.63708878,12.18000031
2018-06-11,245.52839661,58892500,165.87223816,94.51015472,55.74098969,12.35000038
2018-06-12,245.84570312,72329000,166.74468994,94.53395081,55.78646469,12.34000015
2018-06-13,245.06121826,79070600,166.73522949,94.48645020,55.80593491,12.93999958
2018-06-14,245.67825317,77097600,168.42323303,95.27062225,55.96830750,12.11999989
2018-06-15,245.36489868,120041600,167.83529663,95.35778809,55.93584824,11.97999954
2018-06-18,244.86021423,52917600,167.73837280,95.27062225,55.92934799,12.31000042
2018-06-19,243.92166138,97531500,167.26316833,95.82517242,55.85141373,13.35000038
2018-06-20,244.33779907,53785500,168.45115662,94.98545837,55.90987396,12.78999996
2018-06-21,242.80607605,71061400,166.98751831,95.48451996,55.79294205,14.64000034
2018-06-22,243.24884033,54898500,166.61694336,95.47660065,55.79944611,13.77000046
2018-06-25,239.93750000,137854200,162.86306763,95.69049072,55.66954422,17.32999992
2018-06-26,240.46867371,68547400,163.52827454,95.82517242,55.66302490,15.92000008
2018-06-27,238.47654724,105110700,161.30439758,96.72820282,55.54614258,17.90999985
2018-06-28,239.84005737,76650500,162.69194031,96.75193787,55.39027786,16.85000038
2018-06-29,240.18544006,97592500,163.12916565,96.41921997,55.26035309,16.09000015
2018-07-02,240.69883728,63554800,164.22203064,96.34380341,55.31319046,15.60000038
2018-07-03,239.84887695,42187100,162.32130432,96.85990143,55.31971359,16.13999939
2018-07-05,241.80551147,56925900,164.33601379,97.13777161,55.52852249,14.97000027
2018-07-06,243.85093689,66493700,166.89254761,97.45534515,55.67208481,13.36999989
2018-07-09,246.04658508,50550400,168.39411926,96.82812500,55.75685883,12.68999958
2018-07-10,246.93190002,51966800,168.51766968,96.82019043,55.76340485,12.64000034
2018-07-11,245.12570190,77054700,167.66227722,97.19333649,55.67856979,13.63000011
2018-07-12,247.34809875,60124700,170.55137634,97.18540955,55.85470963,12.57999992
2018-07-13,247.54280090,48216000,170.69396973,97.43146515,55.85470963,12.18000031
2018-07-16,247.32151794,48201000,170.28530884,97.02661133,55.81556320,12.82999992
2018-07-17,248.32199097,52315500,171.32119751,96.84401703,55.83512115,12.06000042
2018-07-18,248.84440613,44593500,170.99809265,96.45498657,55.86124039,12.10000038
2018-07-19,247.90588379,61412100,170.14271545,97.06632233,55.83512115,12.86999989
2018-07-20,247.62254333,82337700,170.10470581,95.87541199,55.86124039,12.85999966
2018-07-23,248.08299255,47047600,170.64643860,94.69242859,55.84167480,12.61999989
2018-07-24,249.33134460,68026900,171.34973145,95.01797485,55.95912552,12.40999985
2018-07-25,251.45616150,78882900,173.74464417,94.86713409,56.06351471,12.28999996
2018-07-26,250.86302185,57919500,171.11212158,94.68452454,56.07003784,12.14000034
2018-07-27,249.16313171,76768700,168.80273438,94.84329224,56.05046082,13.02999973
2018-07-30,247.86169434,63742500,166.41735840,94.51779938,56.07003784,14.26000023
2018-07-31,249.08340454,68570500,167.69081116,95.03384399,56.18745041,12.82999992
2018-08-01,248.66722107,53853300,168.32762146,94.25962067,56.23791122,13.14999962
2018-08-02,250.02189636,63426400,170.61795044,94.39488983,56.27068710,12.18999958
2018-08-03,251.09321594,53935400,171.14065552,94.86434937,56.31651306,11.64000034
2018-08-06,252.01409912,39400900,172.14799500,94.92002869,56.42136383,11.27000046
2018-08-07,252.84632874,43196600,172.77522278,94.42668152,56.44762039,10.93000031
2018-08-08,252.74005127,42114600,172.98435974,94.52216339,56.41484070,10.85000038
2018-08-09,252.39472961,35717000,172.87980652,95.31790924,56.37550735,11.27000046
2018-08-10,250.70359802,77076000,171.55874634,96.01020050,56.27722549,13.15999985
2018-08-13,249.76521301,65732900,171.36871338,95.81124878,56.23791122,14.77999973
2018-08-14,251.35888672,43842000,172.44259644,95.59639740,56.33621979,13.31000042
2018-08-15,249.48187256,102925400,170.33277893,96.15342712,56.23791122,14.64000034
2018-08-16,251.50045776,69967900,170.89353943,96.14543152,56.31001282,13.44999981
2018-08-17,252.38592529,65618500,170.93154907,96.26477051,56.37550735,12.64000034
2018-08-20,252.92601013,39807500,170.77951050,96.90933228,56.40173340,12.48999977
2018-08-21,253.51913452,67272000,171.40673828,96.58310699,56.48690414,12.85999966
2018-08-22,253.36869812,44993300,172.07197571,96.96501160,56.50653839,12.25000000
2018-08-23,253.03219604,49204900,171.82489014,97.11621857,56.50003052,12.40999985
2018-08-24,254.55514526,57487400,173.42147827,97.30719757,56.59827805,11.98999977
2018-08-27,256.56488037,57072400,175.18917847,96.75017548,56.61794281,12.15999985
2018-08-28,256.68884277,46943500,175.44573975,96.16934967,56.59175873,12.50000000
2018-08-29,258.07009888,61485500,177.47004700,96.29662323,56.55899429,12.25000000
2018-08-30,257.02529907,61229500,177.15638733,96.50348663,56.51311493,13.52999973
2018-08-31,257.03414917,66140800,177.38449097,96.28070831,56.58518600,12.85999966
2018-09-04,256.59143066,57594400,176.62420654,95.72404480,56.46737289,13.15999985
2018-09-05,255.90084839,72452400,174.34335327,95.46887207,56.40815735,13.90999985
2018-09-06,255.13050842,65909900,172.78472900,95.81976318,56.45425034,14.64999962
2018-09-07,254.63467407,73524800,172.11952209,95.00632477,56.39500046,14.88000011
2018-09-10,255.07736206,50210900,172.69921875,95.35722351,56.50687408,14.15999985
2018-09-11,255.91853333,50530500,174.02969360,94.63146210,56.52002716,13.22000027
2018-09-12,255.98054504,59810800,173.51655579,94.85478973,56.65166092,13.14000034
2018-09-13,257.49453735,51034200,175.36968994,94.99835205,56.75693512,12.36999989
2018-09-14,257.53869629,55079900,174.85650635,94.54376221,56.80957413,12.06999969
2018-09-17,256.17523193,68244000,172.33810425,94.54376221,56.77010727,13.68000031
2018-09-18,257.56533813,61930400,173.76364136,93.55484009,56.76353073,12.78999996
2018-09-19,257.83978271,49080600,173.63055420,92.99659729,56.65823364,11.75000000
2018-09-20,259.92932129,100360600,175.55030823,93.42724609,56.73722458,11.80000019
2018-09-21,259.69183350,105479700,174.59045410,93.38737488,56.75033569,11.68000031
2018-09-24,258.82910156,53409600,175.07595825,93.14813232,56.72404480,12.19999981
2018-09-25,258.58901978,44370000,175.31401062,93.05239105,56.67797089,12.42000008
2018-09-26,257.81521606,79739700,175.43777466,93.70639038,56.73722458,12.89000034
2018-09-27,258.53564453,59249500,176.92300415,93.77018738,56.84246826,12.40999985
2018-09-28,258.56228638,70091400,176.88491821,93.52293396,56.88196564,12.11999989
2018-10-01,259.46066284,62078900,177.24673462,92.83635712,57.04658890,12.00000000
2018-10-02,259.30935669,47258200,176.84684753,93.40386200,57.00030899,12.05000019
2018-10-03,259.45184326,64694600,177.03726196,91.78130341,56.84825516,11.60999966
2018-10-04,257.42388916,111545900,173.63839722,91.13388062,56.63673782,14.22000027
2018-10-05,255.98306274,105951700,171.51522827,90.35060120,56.38553619,14.81999969
2018-10-08,255.98306274,87742200,170.46795654,90.04691315,56.25994873,15.68999958
2018-10-09,255.60958862,74339000,171.02017212,90.95806885,56.34587097,15.94999981
2018-10-10,247.51618958,214731000,163.49877930,90.71026611,55.94263458,22.95999908
2018-10-11,242.06420898,274840500,161.47091675,91.81328583,55.98891830,24.97999954
2018-10-12,245.42605591,183186500,165.96467590,91.49359894,56.28638458,21.30999947
2018-10-15,244.04745483,102263700,163.95584106,91.45359802,56.24672699,21.29999924
2018-10-16,249.38388062,118255800,168.72570801,91.66143036,56.43841171,17.62000084
2018-10-17,249.42826843,110626000,168.79229736,91.11788940,56.32602310,17.39999962
2018-10-18,245.82630920,134557500,164.87931824,91.08592987,56.08808899,20.05999947
2018-10-19,245.69293213,139901600,164.72697449,90.88613129,56.12110901,19.88999939
2018-10-22,244.59010315,82415800,165.57432556,90.76619720,56.14756775,19.63999939
2018-10-23,243.34486389,146352700,164.96505737,91.05396271,56.09469604,20.70999908
2018-10-24,235.97189331,177806700,157.41508484,91.74134827,55.81708145,25.22999954
2018-10-25,240.20536804,138061500,162.86096191,91.35773468,55.92941284,24.21999931
2018-10-26,235.98077393,201574600,158.67187500,91.90917206,55.67825699,24.15999985
2018-10-29,234.67338562,160749100,155.40623474,91.70140839,55.62537384,24.70000076
2018-10-30,238.15090942,157116000,157.96733093,91.24581146,55.75757217,23.35000038
2018-10-31,240.69456482,128296300,161.68038940,90.78221130,55.75757217,21.22999954
2018-11-01,243.25605774,99495000,163.81300354,90.86631775,56.01332474,19.34000015
2018-11-02,241.81523132,122634100,161.26145935,89.73664093,55.98009109,19.51000023
2018-11-05,243.14927673,65622500,160.86161804,90.08917236,56.02662277,19.95999908
2018-11-06,244.68789673,60085900,162.08024597,90.03309631,56.17275238,19.90999985
2018-11-07,249.92633057,102752100,167.16430664,90.15327454,56.49826813,16.36000061
2018-11-08,249.47274780,65584900,166.09794617,90.14526367,56.35875320,16.71999931
2018-11-09,247.03587341,98812600,163.29885864,90.81828308,56.03989792,17.36000061
2018-11-12,242.41995239,99673600,158.35765076,91.41116333,55.69449234,20.45000076
2018-11-13,241.96641541,98176600,158.49093628,91.35507202,55.60145569,20.02000046
2018-11-14,240.31211853,125335900,157.28182983,91.41116333,55.49517441,21.25000000
2018-11-15,242.82012939,135101400,160.03329468,91.37107849,55.48187637,19.97999954
2018-11-16,243.45164490,126668000,159.47160339,91.89995575,55.31580734,18.13999939
2018-11-19,239.33377075,103061700,154.29232788,92.15631866,55.14309692,20.10000038
2018-11-20,234.90460205,136021300,151.53129578,92.18838501,54.97036743,22.47999954
2018-11-21,235.70512390,75563700,152.68331909,92.15631866,55.24936676,20.79999924
2018-11-23,234.13084412,42807900,151.57890320,92.25246429,54.94379425,21.52000046
2018-11-26,237.91079712,79981400,155.08256531,92.04413605,55.20286560,18.89999962
2018-11-27,238.71119690,75502400,155.60618591,92.14828491,55.17627335,19.02000046
2018-11-28,244.20758057,127629600,160.61404419,91.69959259,55.63468552,18.48999977
2018-11-29,243.67407227,82346400,160.09043884,92.06014252,55.64794540,18.79000092
2018-11-30,245.15925598,98204200,161.25192261,92.40469360,55.53502274,18.06999969
2018-12-03,248.40553284,103176300,164.07006836,93.06083679,55.91939926,16.44000053
2018-12-04,240.35659790,177986000,157.77687073,94.61880493,55.57238770,20.73999977
2018-12-06,239.99188232,204185400,158.89074707,94.91593933,55.37887192,21.19000053
2018-12-07,234.41548157,161018900,153.64491272,95.09260559,55.27210617,23.22999954
2018-12-10,234.86019897,151445900,155.25392151,95.48609924,55.31215668,22.63999939
2018-12-11,234.91360474,121504400,155.76803589,95.47003174,55.41223907,21.76000023
2018-12-12,236.09642029,97976700,157.13900757,95.04441833,55.59239578,21.45999908
2018-12-13,236.01641846,96662700,157.18664551,94.81953430,55.72587585,20.64999962
2018-12-14,231.65838623,116961100,153.35929871,95.14883423,55.49229431,21.62999916
2018-12-17,227.11363220,165492300,149.88427734,95.70290375,55.13201141,24.52000046
2018-12-18,226.86459351,134515100,150.82679749,96.27606964,55.03209305,25.57999992
2018-12-19,223.46710205,214992800,147.12324524,97.54796600,54.53590775,25.57999992
2018-12-20,219.82957458,252053400,144.99060059,97.19375610,54.05988693,28.37999916
2018-12-21,215.32533264,255345600,140.49687195,97.17766571,53.79171371,30.11000061
2018-12-24,209.63580322,147311600,137.01277161,97.66067505,53.38941193,36.06999969
2018-12-26,220.22760010,218485400,145.56773376,96.61418152,54.28785706,30.40999985
2018-12-27,221.91844177,186267300,146.13107300,96.63028717,54.25432205,29.95999908
2018-12-28,221.63214111,153100200,146.05467224,97.44331360,54.33478546,28.34000015
2018-12-31,223.57334900,144299400,147.28636169,97.81360626,54.37501907,25.42000008
2019-01-02,223.80595398,126925200,147.87832642,98.32880402,54.30125427,23.21999931
2019-01-03,218.46530151,144140700,143.04707336,99.44773102,54.32809830,25.45000076
2019-01-04,225.78297424,142628800,149.16731262,98.29660797,55.23990631,21.37999916
2019-01-07,227.56318665,103139100,150.94322205,98.00681305,55.77627182,21.39999962
2019-01-08,229.70126343,102512600,152.30859375,97.74921417,56.13835526,20.46999931
2019-01-09,230.77470398,95006600,153.54980469,97.59627533,56.20541382,19.97999954
2019-01-10,231.58879089,96823900,153.98896790,96.96837616,56.42663574,19.50000000
2019-01-11,231.67825317,73858100,153.42570496,97.34674835,56.24563980,18.19000053
2019-01-14,230.26480103,70908200,152.06987000,96.98448944,56.06462479,19.06999969
2019-01-15,232.90380859,85208300,155.03932190,96.63028717,56.25233078,18.60000038
2019-01-16,233.46742249,77636700,155.01063538,96.72689056,56.33948898,19.04000092
2019-01-17,235.23866272,96118400,156.23280334,96.75102997,56.49369431,18.05999947
2019-01-18,238.36970520,127900300,157.77955627,96.24391174,56.65463638,17.79999924
2019-01-22,235.14918518,115531200,154.61915588,96.89595795,56.27912903,20.79999924
2019-01-23,235.64123535,86030300,154.81965637,96.85568237,56.39313507,19.52000046
2019-01-24,235.76646423,59204100,155.82223511,97.49163055,56.45346451,18.88999939
2019-01-25,237.76141357,96883400,157.68403625,97.02471924,56.59426117,17.42000008
2019-01-28,235.95437622,85613700,155.73628235,96.92813110,56.50710678,18.87000084
2019-01-29,235.64123535,66136300,154.26589966,97.41914368,56.47360611,19.12999916
2019-01-30,239.37162781,92473700,158.19007874,97.34674835,56.92280960,17.65999985
2019-01-31,241.47390747,104012100,160.55801392,98.18391418,57.06359863,16.56999969
2019-02-01,241.59017944,85782500,159.88006592,97.59092712,57.03597641,16.13999939
2019-02-04,243.28990173,60744800,161.86604309,97.15522003,57.17067337,15.72999954
2019-02-05,244.30973816,79552800,163.29820251,97.59899139,57.37274551,15.56999969
2019-02-06,243.98767090,58347800,162.81130981,97.64739990,57.31889343,15.38000011
2019-02-07,241.66177368,95482000,160.62483215,98.29280090,57.12355423,16.37000084
2019-02-08,241.95703125,75788900,160.93989563,98.71233368,57.11005783,15.72000027
2019-02-11,242.09112549,68021400,160.78713989,98.32508850,57.13699341,15.97000027
2019-02-12,245.20436096,72270200,163.16458130,98.07500458,57.41315460,15.43000031
2019-02-13,246.00051880,65277200,163.27915955,97.70383453,57.33234406,15.64999962
2019-02-14,245.45471191,83234400,163.47969055,98.26053619,57.33909607,16.21999931
2019-02-15,248.12962341,97088700,164.16706848,98.41386414,57.52094269,14.90999985
2019-02-19,248.55892944,59120800,164.49176025,98.66396332,57.54113770,14.88000011
2019-02-20,249.05998230,76610800,164.46307373,98.38161469,57.58830643,14.02000046
2019-02-21,248.17437744,64214700,163.86157227,97.50216675,57.53440094,14.46000004
2019-02-22,249.71302795,78114600,165.07417297,98.08305359,57.64889145,13.51000023
2019-02-25,250.05290222,69030700,165.67567444,97.79258728,57.69606400,14.85000038
2019-02-26,249.87405396,56844100,165.84757996,98.27669525,57.77012634,15.17000008
2019-02-27,249.76678467,56921600,165.74255371,97.16333008,57.79034042,14.69999981
2019-02-28,249.30149841,69268300,165.36065674,96.83250427,57.75669861,14.77999973
2019-03-01,250.85807800,78880500,166.50636292,95.93751526,57.92042542,13.56999969
2019-03-04,249.94555664,106494600,166.53503418,96.68940735,57.83245468,14.63000011
2019-03-05,249.60569763,59114600,166.65913391,96.89152527,57.80538559,14.73999977
2019-03-06,248.09375000,75039800,165.71389771,97.24727631,57.71068192,15.73999977
2019-03-07,246.01840210,94885100,163.68016052,97.87790680,57.67006683,16.59000015
2019-03-08,245.52633667,85795800,163.43193054,98.29026031,57.57537842,16.04999924
2019-03-11,249.08673096,65098900,166.83091736,97.99916840,57.76478958,14.32999992
2019-03-12,250.02604675,79667500,167.74758911,98.68642426,57.86628723,13.77000046
2019-03-13,251.68101501,80639200,169.00790405,98.50044250,58.02186966,13.40999985
2019-03-14,251.52008057,67518400,168.72145081,97.78894806,57.98129272,13.50000000
2019-03-15,252.76271057,81309000,170.28735352,98.43577576,58.03540802,12.88000011
2019-03-18,253.67915344,62199800,170.69287109,98.37918091,58.01514435,13.10000038
2019-03-19,253.74212646,90268100,171.26675415,98.16088104,58.04893494,13.56000042
2019-03-20,252.97830200,84609200,171.94595337,99.18767548,58.29924011,13.90999985
2019-03-21,255.83561707,79550400,174.63381958,99.40599060,58.28576279,13.63000011
2019-03-22,250.91175842,122659300,170.79809570,100.95020294,58.07603455,16.47999954
2019-03-25,250.72300720,85575200,170.47286987,101.11197662,58.05572128,16.32999992
2019-03-26,252.59196472,68125900,171.26675415,101.03916931,58.19780350,14.68000031
2019-03-27,251.27108765,72224700,170.16679382,101.96895599,58.23839951,15.14999962
2019-03-28,252.22358704,56238500,170.55894470,102.32471466,58.35340500,14.43000031
2019-03-29,253.81398010,82186800,171.85029602,102.22766876,58.50228119,13.71000004
2019-04-01,256.82397461,77617900,174.12681580,100.77562714,58.48799133,13.39999962
2019-04-02,256.94970703,40070400,174.78688049,100.96197510,58.51516724,13.35999966
2019-04-03,257.35412598,68243200,175.79116821,100.08688354,58.53552628,13.73999977
2019-04-04,258.03692627,48997500,175.72425842,100.37049103,58.62391663,13.57999992
2019-04-05,259.28594971,58621700,176.63294983,100.50013733,58.73262024,12.81999969
2019-04-08,259.48364258,53566300,177.08251953,100.14357758,58.69859695,13.18000031
2019-04-09,258.15380859,66142300,176.46075439,100.45962524,58.65785217,14.27999973
2019-04-10,259.03439331,52601500,177.40774536,100.70271301,58.91610336,13.30000019
2019-04-11,258.96258545,55093100,176.98689270,100.11122894,59.00444031,13.02000046
2019-04-12,260.71466064,69727800,177.75209045,99.39814758,59.09274292,12.01000023
2019-04-15,260.54385376,49596700,177.78080750,99.64933014,59.05202484,12.31999969
2019-04-16,260.71466064,52153200,178.39295959,99.02544403,59.01800156,12.18000031
2019-04-17,260.07659912,58268300,179.01469421,99.06593323,58.87531281,12.60000038
2019-04-18,260.58880615,68708500,179.24426270,99.58451843,58.90250778,12.09000015
2019-04-22,260.81338501,40160100,179.75126648,99.10644531,58.80059814,12.42000008
2019-04-23,263.15863037,52246600,182.03738403,99.31708527,59.00444031,12.27999973
2019-04-24,262.57458496,50392900,181.46347046,100.12740326,58.92291641,13.14000034
2019-04-25,262.41275024,57770900,182.19992065,99.98155975,58.95003128,13.25000000
2019-04-26,263.63479614,50916400,182.36256409,100.32186890,59.09954071,12.72999954
2019-04-29,264.04806519,57197700,182.71646118,99.68174744,59.07238388,13.10999966
2019-04-30,264.18280029,81111700,181.30078125,100.19222260,59.07916641,13.11999989
2019-05-01,262.19726562,71671900,180.71733093,100.60556030,58.88539124,14.80000019
2019-05-02,261.63104248,65030200,179.93298340,100.12646484,58.92628860,14.42000008
2019-05-03,264.19183350,56543700,182.80256653,100.41064453,59.07645798,12.86999989
2019-05-06,263.10467529,107198100,181.68342590,100.68673706,59.10377121,15.43999958
2019-05-07,258.71090698,144729900,178.14424133,101.45814514,58.74886703,19.31999969
2019-05-08,258.35156250,91568300,177.69468689,101.01966095,58.76935577,19.39999962
2019-05-09,257.56976318,103471100,176.73818970,101.43376923,58.68064499,19.10000038
2019-05-10,258.86361694,112429300,176.95816040,101.29573822,58.84442139,16.04000092
2019-05-13,252.35829163,127290500,170.81724548,102.09145355,58.30533600,20.54999924
2019-05-14,254.64056396,77003200,172.69204712,101.79103088,58.43498611,18.05999947
2019-05-15,256.13226318,73956400,175.13121033,102.41627502,58.48959732,16.44000053
2019-05-16,258.50427246,76749600,176.89123535,102.07525635,58.66698074,15.28999996
2019-05-17,256.83300781,100353000,175.08335876,102.30254364,58.64653397,15.96000004
2019-05-20,255.13484192,62877600,172.12770081,102.09145355,58.59191513,16.30999947
2019-05-21,257.43499756,46847100,173.92601013,101.92904663,58.77619171,14.94999981
2019-05-22,256.64422607,49482500,173.15116882,102.51370239,58.82397842,14.75000000
2019-05-23,253.50848389,98733800,170.50161743,103.66670990,58.53054428,16.92000008
2019-05-24,254.08346558,55268100,170.41548157,103.75606537,58.44863129,15.85000038
2019-05-28,251.72042847,70029400,169.77465820,104.50306702,58.39402771,17.50000000
2019-05-29,250.03121948,104972900,168.37812805,104.81979370,58.23709106,17.89999962
2019-05-30,250.71403503,62523800,169.08592224,105.72104645,58.35990524,17.29999924
2019-05-31,247.33555603,86862800,166.38853455,107.04463196,57.93681335,18.70999908
2019-06-03,246.70664978,96428000,162.72497559,107.76063538,58.03004074,18.86000061
2019-06-04,252.06188965,77231900,167.30680847,106.53198242,58.61275482,16.96999931
2019-06-05,254.24523926,71169700,168.55023193,105.92990112,58.74988174,16.09000015
2019-06-06,255.89851379,69430400,169.88940430,106.27165222,58.87324524,15.93000031
2019-06-07,258.45925903,74272200,173.17036438,107.19107056,59.02405167,16.29999924
2019-06-10,259.64544678,60799100,175.18858337,106.18215942,59.11318970,15.93999958
2019-06-11,259.58251953,58641300,175.42771912,106.24723053,59.19545364,15.98999977
2019-06-12,259.12426758,47096300,174.41377258,106.32859802,59.05835342,15.90999985
2019-06-13,260.19342041,48945200,175.44685364,106.69474792,59.19545364,15.81999969
2019-06-14,259.90588379,52324700,174.70075989,106.96325684,59.15430832,15.27999973
2019-06-17,260.00476074,39205700,175.75296021,107.15036774,59.06520462,15.35000038
2019-06-18,262.72723389,85434800,178.30686951,107.68740082,59.47652817,15.14999962
2019-06-19,263.32025146,78674400,178.97648621,107.84194183,59.75757980,14.32999992
2019-06-20,265.83612061,116570000,180.64082336,108.12680054,60.05923080,14.75000000
2019-06-21,265.44973755,83309500,180.37297058,106.93882751,59.86727142,15.39999962
2019-06-24,265.12469482,47582700,180.37875366,107.73621368,59.86040878,15.26000023
2019-06-25,262.52432251,82028700,177.28231812,108.06980896,59.60676193,16.28000069
2019-06-26,262.26245117,51584900,178.10675049,107.37823486,59.57932663,16.20999908
2019-06-27,263.19247437,40355200,178.78735352,108.13491058,59.74389648,15.81999969
2019-06-28,264.54684448,59350900,179.01751709,108.06163788,59.76442719,15.07999992
2019-07-01,266.94854736,78705600,181.43327332,107.80893707,59.78236008,14.06000042
2019-07-02,267.64376831,61504500,182.15220642,108.64051056,59.91315460,12.93000031
2019-07-03,269.78353882,40898900,183.52311707,109.41505432,60.14039993,12.56999969
2019-07-05,269.47659302,51677300,183.14921570,107.96387482,59.89937592,13.27999973
2019-07-08,267.99584961,45841800,181.86466980,108.11059570,59.78236008,13.96000004
2019-07-09,268.33004761,41101300,182.77536011,108.06978607,59.71352386,14.09000015
2019-07-10,269.61199951,58448500,184.59678650,107.47471619,59.87876511,13.02999973
2019-07-11,270.24401855,50826100,184.46255493,106.03987885,59.76166534,12.93000031
2019-07-12,271.45385742,40326000,185.52667236,106.16215515,59.85805511,12.39000034
2019-07-15,271.54418945,33900000,186.12101746,106.77359009,59.89937592,12.68000031
2019-07-16,270.66845703,36650100,185.16239929,106.45561981,59.77544785,12.85999966
2019-07-17,268.82659912,36036300,184.25167847,107.60515594,59.69969559,13.97000027
2019-07-18,269.81063843,51392600,184.46255493,107.61328888,59.72725296,13.52999973
2019-07-19,268.31188965,58678600,183.11085510,107.36054993,59.62392807,14.44999981
2019-07-22,268.97103882,43638100,184.56805420,107.56436920,59.82363892,13.52999973
2019-07-23,270.89416504,44564500,185.77589417,106.97737885,59.92695236,12.60999966
2019-07-24,272.16729736,47213200,187.07965088,107.44212341,59.97512817,12.06999969
2019-07-25,270.86700439,55394100,185.30621338,106.92848969,59.89252472,12.73999977
2019-07-26,272.68182373,45084100,187.21383667,107.18122864,60.02335358,12.15999985
2019-07-29,272.18524170,38126500,186.57159424,107.21379852,59.93382645,12.82999992
2019-07-30,271.51721191,45849000,185.76632690,107.47471619,59.96134949,13.93999958
2019-07-31,268.54663086,104245200,183.19714355,108.33888245,59.85805511,16.12000084
2019-08-01,266.20816040,142646600,182.28642273,110.49047089,59.82834244,17.87000084
2019-08-02,264.20376587,116749700,179.60224915,111.51161194,59.73847580,17.61000061
2019-08-05,256.25833130,178745400,173.25598145,113.43944550,59.11611176,24.59000015
2019-08-06,259.85171509,120711700,175.68138123,114.34619141,59.49642944,20.17000008
2019-08-07,260.00531006,140572300,176.63047791,114.38702393,59.48950577,19.48999977
2019-08-08,265.10662842,87713900,180.47459412,114.63204193,59.72461319,16.90999985
2019-08-09,263.30081177,93730000,178.77781677,114.40338898,59.64167786,17.96999931
2019-08-12,260.09558105,65527600,176.72631836,116.78866577,59.43416977,21.09000015
2019-08-13,264.14044189,94299800,180.59924316,116.38842773,59.69697189,17.52000046
2019-08-14,256.33053589,135622100,175.20204163,119.01052856,59.16450119,22.10000038
2019-08-15,257.00775146,99556600,175.00079346,120.33383942,59.33740234,21.18000031
2019-08-16,260.79983521,83018300,177.80957031,119.36989594,59.53791428,18.46999931
2019-08-19,263.94183350,53571800,180.63755798,117.66264343,59.71077347,16.87999916
2019-08-20,261.91940308,51596400,179.23797607,118.87979889,59.75920105,17.50000000
2019-08-21,264.05020142,49524700,180.82929993,118.08743286,60.01504898,15.80000019
2019-08-22,263.96899414,51666400,180.24452209,117.30332184,60.12568283,16.68000031
2019-08-23,257.18829346,149161500,174.54060364,119.23103333,59.84908676,19.87000084
2019-08-26,260.03244019,72423800,177.17686462,118.74911499,60.14643860,19.31999969
2019-08-27,259.01211548,66668900,176.80300903,120.57889557,60.11875534,20.30999947
2019-08-28,260.83596802,59696700,177.43571472,120.73413849,60.26399612,19.35000038
2019-08-29,264.16760254,57899400,180.14862061,120.27666473,60.32622528,17.87999916
2019-08-30,264.05020142,62901200,179.71726990,120.30940247,60.27087402,18.97999954
2019-09-03,262.50628662,69101400,177.97251892,120.46478271,60.09798813,19.65999985
2019-09-04,265.48587036,46887300,180.54173279,120.64484406,60.22300720,17.32999992
2019-09-05,268.89880371,83258100,183.84906006,118.45995331,60.45911407,16.27000046
2019-09-06,269.10644531,49584300,183.66690063,119.30280304,60.51467896,15.00000000
2019-09-09,269.24188232,51260300,183.28343201,117.18334198,60.57714844,15.27000046
2019-09-10,269.17877197,57947100,182.75622559,115.12941742,60.61188889,15.19999981
2019-09-11,271.09280396,68821100,184.47216797,114.92476654,60.60493088,14.60999966
2019-09-12,272.03179932,72908700,185.23905945,114.17195129,60.63970566,14.22000027
2019-09-13,271.85122681,62104800,184.57762146,111.73333740,60.52853012,13.73999977
2019-09-16,271.01153564,58191200,183.75318909,113.15723419,60.74383163,14.67000008
2019-09-17,271.69772339,41475500,184.63516235,113.77098083,60.77852249,14.43999958
2019-09-18,271.86022949,73375800,184.55845642,114.25376129,60.74383163,13.94999981
2019-09-19,271.84207153,76560500,184.86515808,114.59745789,60.67439651,14.05000019
2019-09-20,270.55773926,89565000,182.90957642,116.11133575,60.75076675,15.31999969
2019-09-23,270.49435425,43476800,182.99024963,116.08681488,60.72299194,14.90999985
2019-09-24,268.37176514,94869400,180.56001282,117.48619080,60.63970566,17.04999924
2019-09-25,269.95907593,71854000,182.58679199,115.76766968,60.57714844,15.96000004
2019-09-26,269.39682007,56179700,181.91441345,116.51235962,60.53547668,16.06999969
2019-09-27,267.94537354,84746600,179.65699768,116.79875183,60.46606064,17.21999931
2019-09-30,269.18814087,51662400,181.36689758,117.08520508,60.53547668,16.23999977
2019-10-01,265.98617554,88242400,179.88760376,117.43766785,60.39607620,18.55999947
2019-10-02,261.28756714,122539500,176.79454041,117.72460938,60.04043579,20.55999947
2019-10-03,263.42825317,85278800,178.73489380,118.79843140,60.07531357,19.12000084
2019-10-04,266.99304199,65091200,181.36689758,119.67556763,60.26356888,17.04000092
2019-10-07,265.84106445,59610500,180.81936646,118.68367004,60.21477127,17.86000061
2019-10-08,261.71392822,95708100,178.11050415,119.00339508,59.99163437,20.28000069
2019-10-09,264.19927979,62359400,179.84916687,118.33123016,60.17294312,18.63999939
2019-10-10,265.98617554,55296300,181.24201965,116.56873322,60.24962234,17.56999969
2019-10-11,268.74368286,98720400,183.57618713,115.12594604,60.50064468,15.57999992
2019-10-14,268.44430542,40394800,183.55700684,115.96212769,60.54247665,14.56999969
2019-10-15,271.10205078,46754500,185.89118958,114.56036377,60.67491913,13.53999996
2019-10-16,270.66662598,48928200,185.43013000,114.69971466,60.62612534,13.68000031
2019-10-17,271.46487427,45736600,185.92004395,114.42102051,60.70982361,13.78999996
2019-10-18,270.27664185,64304000,184.13333130,114.42102051,60.72375107,14.25000000
2019-10-21,272.10891724,39048600,185.76632690,113.56021118,60.74466324,14.00000000
2019-10-22,271.21994019,48594700,184.28706360,114.22425079,60.75863266,14.46000004
2019-10-23,272.00909424,34352200,184.64247131,114.33898926,60.81441116,14.01000023
2019-10-24,272.45358276,35453100,186.43869019,114.10949707,60.88416290,13.71000004
2019-10-25,273.56921387,45205400,187.92761230,113.55204773,60.93293762,12.64999962
2019-10-28,275.11120605,42147000,189.78150940,112.51914215,60.92593384,13.10999966
2019-10-29,275.02963257,44284900,188.31184387,112.59294891,60.81441116,13.19999981
2019-10-30,275.87322998,49643900,189.22444153,114.24059296,60.73768616,12.32999992
2019-10-31,275.13842773,69053800,189.31085205,115.78178406,60.52853775,13.22000027
2019-11-01,277.68728638,71141500,191.03028870,115.42536163,60.78828812,12.30000019
2019-11-04,278.80300903,60606900,192.21182251,113.90621948,60.91431808,12.82999992
2019-11-05,278.49450684,42933200,192.31748962,112.62510681,60.85127640,13.10000038
2019-11-06,278.55807495,46487100,191.88522339,113.30673981,60.78128815,12.61999989
2019-11-07,279.53759766,54272300,192.52879333,111.25376892,60.75327301,12.72999954
2019-11-08,280.22708130,49032100,193.29727173,110.78569031,60.80928802,12.06999969
2019-11-11,279.69192505,35797300,193.03790283,110.85958099,60.77426910,12.68999958
2019-11-12,280.28140259,46484600,193.59501648,111.36870575,60.78828812,12.68000031
2019-11-13,280.37216187,53917700,193.64306641,112.09134674,60.72526169,13.00000000
2019-11-14,280.78030396,51219900,193.48936462,113.24925995,60.69027328,13.05000019
2019-11-15,282.81216431,62023600,194.91104126,113.12604523,60.87230682,12.05000019
2019-11-18,283.02072144,49228000,195.06478882,113.33132172,60.79527664,12.46000004
2019-11-19,282.93917847,67804700,195.35292053,114.27572632,60.57823563,12.85999966
2019-11-20,281.88690186,79406200,194.18095398,115.45824432,60.45220566,12.77999973
2019-11-21,281.43347168,54664700,193.74871826,114.73560333,60.46621704,13.13000011
2019-11-22,282.05926514,44850200,193.87361145,114.88338470,60.69725037,12.34000015
2019-11-25,284.24539185,48647200,196.16947937,115.22006989,60.85830688,11.86999989
2019-11-26,284.88931274,37569000,196.54399109,115.89343262,60.92832184,11.53999996
2019-11-27,286.15927124,44444600,197.91761780,115.55675507,61.00534821,11.75000000
2019-11-29,285.09802246,36592700,197.01469421,115.31037140,60.87230682,12.61999989
2019-12-02,282.67608643,75767800,194.99745178,113.77295685,60.83082962,14.90999985
2019-12-03,280.78030396,73941700,193.47018433,116.15847015,60.74647903,15.96000004
2019-12-04,282.51284790,49080000,194.44996643,114.99862671,60.92924500,14.80000019
2019-12-05,283.02072144,40709000,194.83418274,114.43928528,61.02061844,14.52000046
2019-12-06,285.60595703,48927000,196.91864014,113.80590057,61.10497665,13.61999989
2019-12-09,284.70791626,34838500,196.02531433,114.05266571,61.10497665,15.85999966
2019-12-10,284.39041138,52649800,195.86196899,114.06087494,61.25260544,15.68000031
2019-12-11,285.19766235,53429100,196.89944458,114.95753479,61.37911987,14.98999977
2019-12-12,287.65585327,96389600,198.36911011,113.06551361,61.51968765,13.93999958
2019-12-13,287.82821655,81503900,199.02229309,114.37342834,61.58292770,12.63000011
2019-12-16,289.80560303,82749700,201.02035522,113.34523010,61.70243454,12.14000034
2019-12-17,289.86907959,61097700,201.13557434,113.18893433,61.89225388,12.28999996
2019-12-18,289.88720703,48133000,201.28930664,112.25940704,62.00473404,12.57999992
2019-12-19,291.07546997,85310500,202.54766846,112.43907928,61.97225571,12.50000000
2019-12-20,292.35171509,147142100,203.36416626,112.58732605,61.88057709,12.51000023
2019-12-23,292.79827881,52990000,203.90130615,112.42250824,61.90877914,12.60999966
2019-12-24,292.80737305,20270000,204.00721741,112.74388123,61.95813370,12.67000008
2019-12-26,294.36611938,30911200,205.80734253,113.01568604,62.04985046,12.64999962
2019-12-27,294.29315186,42528800,205.63410950,113.13935852,62.02163696,13.43000031
2019-12-30,292.67062378,49729100,204.28634644,112.72740173,61.97932434,14.81999969
2019-12-31,293.38150024,57077300,204.67141724,111.62337494,62.03575897,13.77999973
2020-01-02,296.12533569,59151200,208.08889771,112.88389587,62.29676056,12.47000027
2020-01-03,293.88296509,77709700,206.18281555,114.62237549,62.23328018,14.02000046
2020-01-06,295.00418091,55653900,207.51127625,113.97152710,62.16978836,13.85000038
2020-01-07,294.17465210,40496400,207.48243713,113.41123199,62.11335754,13.78999996
2020-01-08,295.74249268,68296000,209.04190063,112.66143799,62.16978836,13.44999981
2020-01-09,297.74783325,48473300,210.81324768,113.05695343,62.33201599,12.53999996
2020-01-10,296.89099121,53029300,210.27409363,114.06211090,62.35319901,12.56000042
2020-01-13,298.93283081,47086800,212.70005798,113.71605682,62.35319901,12.31999969
2020-01-14,298.47698975,62832800,211.86250305,114.30097961,62.34612274,12.39000034
2020-01-15,299.15151978,72056600,211.94915771,115.05901337,62.36026001,12.42000008
2020-01-16,301.63989258,54050300,213.98031616,114.69651031,62.38144302,12.31999969
2020-01-17,302.57885742,95846000,215.03921509,113.71605682,62.33201599,12.10000038
2020-01-21,301.98641968,77742400,214.94302368,114.91074371,62.19800186,12.85000038
2020-01-22,302.02288818,48914900,215.51098633,115.31450653,62.31087494,12.90999985
2020-01-23,302.36923218,51963000,216.20410156,116.12192535,62.12039566,12.97999954
2020-01-24,299.68029785,87578400,214.38465881,117.06118011,61.85939407,14.56000042
2020-01-27,294.87655640,84062500,209.95645142,118.88200378,61.44321060,18.22999954
2020-01-28,297.96658325,63834000,213.18132019,117.95099640,61.97225571,16.28000069
2020-01-29,297.72042847,53888900,213.52784729,119.10443878,61.93698502,16.38999939
2020-01-30,298.68664551,75491800,214.28843689,119.12092590,62.00048065,15.48999977
2020-01-31,293.26309204,113845600,210.89024353,120.20847321,61.74650574,18.84000015
2020-02-03,295.44165039,69083000,214.07661438,120.11109924,61.73661423,17.96999931
2020-02-04,299.94451904,62573200,218.97656250,118.49356842,62.10497284,16.04999924
2020-02-05,303.40832520,65951100,219.69854736,117.19789124,62.35999298,15.14999962
2020-02-06,304.42932129,50359700,221.59498596,117.72608185,62.40956879,14.96000004
2020-02-07,302.80673218,64139400,220.64192200,119.19502258,62.31747818,15.47000027
2020-02-10,305.06726074,42070000,223.30851746,119.52515411,62.40248871,15.03999996
2020-02-11,305.59600830,54864500,223.34707642,118.92269897,62.44497681,15.18000031
2020-02-12,307.56488037,43992700,225.52264404,118.32025909,62.60790253,13.73999977
2020-02-13,307.23672485,54501900,225.23390198,118.77420044,62.62922287,14.14999962
2020-02-14,307.72885132,64582200,225.87887573,119.29404449,62.62210846,13.68000031
2020-02-18,306.93597412,57226200,225.96551514,120.11109924,62.49459839,14.82999992
2020-02-19,308.40347290,48814700,228.13146973,120.10285950,62.52293396,14.38000011
2020-02-20,307.13647461,74163400,226.01362610,121.04367065,62.62922287,15.56000042
2020-02-21,303.97354126,113788200,221.67202759,122.17430878,62.57250595,17.07999992
2020-02-24,293.89205933,161088400,213.12359619,123.99820709,61.89954376,25.03000069
2020-02-25,284.98651123,218913200,207.32841492,124.65835571,61.46741867,27.85000038
2020-02-26,283.93829346,194773800,208.39692688,123.99820709,61.53116226,27.55999947
2020-02-27,271.18609619,284353500,197.96170044,125.34334564,60.70235825,39.15999985
2020-02-28,270.04675293,384975800,198.11570740,128.17410278,60.95029449,40.11000061
2020-03-02,281.74154663,238703600,208.33915710,127.23104858,61.41279602,33.41999817
2020-03-03,273.67449951,300139100,201.65829468,129.20640564,61.14951324,36.81999969
2020-03-04,285.17791748,176613400,210.07196045,127.83443451,61.98912430,31.98999977
2020-03-05,275.69818115,186366800,203.68949890,131.01643372,61.20643616,39.61999893
2020-03-06,271.14050293,228667200,200.25280762,137.83503723,60.51622009,41.93999863
2020-03-09,249.96598816,309417300,186.34234619,141.57084656,57.91201782,54.45999908
2020-03-10,262.90048218,276444100,196.48880005,134.31408691,58.80145645,47.29999924
2020-03-11,250.08444214,255316300,187.93072510,129.37156677,57.52067184,53.90000153
2020-03-12,226.15704346,392220700,170.69911194,130.17333984,55.22240829,75.47000122
2020-03-13,245.49038696,329566100,185.15826416,127.23104858,56.95856857,57.83000183
2020-03-16,218.62792969,297240000,162.97853088,135.47120667,53.82778549,82.69000244
2020-03-17,230.43208313,262070500,175.33912659,126.43760681,54.33301544,75.91000366
2020-03-18,218.76463318,327597100,170.00601196,119.30495453,51.93509674,76.44999695
2020-03-19,219.22950745,289322000,171.02638245,122.55310059,50.76818466,72.00000000
2020-03-20,209.78204346,347158800,164.32629395,131.76846313,49.62971497,66.04000092
2020-03-23,204.41825867,326025200,164.44494629,137.19856262,48.83279419,61.59000015
2020-03-24,222.93923950,235494500,177.17913818,134.64471436,50.84644318,61.66999817
2020-03-25,226.27664185,299430300,175.86714172,134.33888245,52.27664185,63.95000076
2020-03-26,239.48886108,257632800,185.12840271,135.00015259,54.66740036,61.00000000
2020-03-27,232.35554504,224341200,178.76126099,138.60369873,54.80970001,65.54000092
2020-03-30,239.90145874,171369500,185.26344299,137.46308899,55.27933884,57.08000183
2020-03-31,236.32565308,194881100,183.68128967,136.34733582,54.83815384,53.54000092
2020-04-01,225.68983459,189554600,175.87678528,138.25764465,53.33288574,57.06000137
2020-04-02,230.89772034,177660400,179.44624329,139.13500977,53.74763107,50.90999985
2020-04-03,227.56030273,135561200,176.89938354,139.46606445,52.59631348,46.79999924
2020-04-06,242.84463501,188061200,189.54678345,139.10188293,53.87633896,45.24000168
2020-04-07,243.09220886,201427200,189.46961975,137.64511108,53.87633896,46.70000076
2020-04-08,251.25245667,153774500,193.49244690,136.64367676,55.27797318,43.34999847
2020-04-09,255.07582092,189999200,193.77218628,136.89198303,58.89642334,41.66999817
2020-04-13,252.74702454,114839100,195.86563110,135.64213562,58.05258942,41.16999817
2020-04-14,260.20120239,134143400,204.38404846,135.60900879,58.29573059,37.75999832
2020-04-15,254.67250061,121775000,202.03981018,139.20121765,57.75223923,40.84000015
2020-04-16,255.90109253,131798300,205.72500610,140.78207397,57.69506073,40.11000061
2020-04-17,262.81427002,146684800,207.69297791,138.89498901,57.98824692,38.15000153
2020-04-20,258.18405151,100109300,205.23303223,140.01235962,57.11579132,43.83000183
2020-04-21,250.34472656,126385700,197.66000366,141.77540588,56.07176208,45.40999985
2020-04-22,255.90109253,92951600,203.52543640,140.32693481,56.56515884,41.97999954
2020-04-23,255.88264465,104709700,203.09133911,141.07177734,56.53653336,41.38000107
2020-04-24,259.44937134,85063200,206.29420471,141.40286255,56.00735092,35.93000031
2020-04-27,263.19027710,77896600,207.95347595,138.77075195,56.23621750,33.29000092
2020-04-28,261.97998047,105270000,204.03674316,140.36820984,56.40785217,33.56999969
2020-04-29,268.83819580,118745600,211.27210999,139.63989258,57.40182877,31.22999954
2020-04-30,266.33505249,122901700,211.18530273,138.00927734,57.51625061,34.15000153
2020-05-01,259.28433228,125180000,205.23303223,139.19113159,56.52417755,37.18999863
2020-05-04,259.99945068,80873200,207.62548828,138.53639221,56.44512558,35.97000122
2020-05-05,262.40170288,79569900,209.97940063,137.64961243,56.93362045,33.61000061
2020-05-06,260.62289429,73632600,211.27210999,135.42860413,56.61035919,34.11999893
2020-05-07,263.76779175,75250400,213.99258423,137.69113159,56.75405502,31.44000053
2020-05-08,268.13217163,76452400,216.92532349,135.90092468,57.29281616,27.97999954
2020-05-11,268.18728638,79514200,218.86442566,134.84001160,57.03424072,27.56999969
2020-05-12,262.84185791,95870800,214.28199768,136.22418213,56.96238708,33.04000092
2020-05-13,258.19323730,144721100,211.60011292,137.17726135,56.66065216,35.27999878
2020-05-14,261.28302002,121977900,214.00222778,138.51980591,56.46667480,32.61000061
2020-05-15,262.48425293,111146300,215.39143372,138.16346741,56.54569626,31.88999939
2020-05-18,270.47943115,119703800,219.40461731,135.13021851,57.54430389,29.29999924
2020-05-19,267.70126343,95189300,218.85476685,135.63572693,57.61611938,30.53000069
2020-05-20,272.24902344,85861700,223.22489929,136.04183960,58.22677231,27.98999977
2020-05-21,270.36941528,78293900,220.79379272,136.38168335,58.21239471,29.53000069
2020-05-22,270.88287354,63958200,221.55593872,137.20208740,58.35610199,28.15999985
2020-05-26,274.22024536,88951400,220.95780945,135.36228943,58.79431534,28.01000023
2020-05-27,278.30032349,104817400,222.16369629,135.11363220,58.91645813,27.62000084
2020-05-28,277.78689575,90405200,221.87435913,134.61637878,58.97391510,28.59000015
2020-05-29,279.02474976,119090800,225.12536621,135.57775879,59.21099472,27.51000023
2020-06-01,280.15243530,55758300,225.80068970,134.66494751,59.65887451,28.22999954
2020-06-02,282.47213745,74267200,227.31526184,134.17529297,60.25026703,26.84000015
2020-06-03,286.23138428,92567600,228.33789062,132.39122009,60.53153992,25.65999985
2020-06-04,285.47958374,75794400,226.73641968,130.47424316,60.34402466,25.80999947
2020-06-05,292.79623413,150524700,231.23200989,129.54483032,60.91376114,24.52000046
2020-06-08,296.33541870,73641200,233.02638245,130.04278564,60.98588562,25.80999947
2020-06-09,294.12573242,77479200,234.71463013,131.51985168,60.50988388,27.56999969
2020-06-10,292.48446655,95000800,237.53160095,133.46995544,60.42334366,27.56999969
2020-06-11,275.62307739,209243600,225.76210022,135.99264526,58.87273026,40.79000092
2020-06-12,278.92382812,194678900,227.55645752,134.68151855,59.45690536,36.09000015
2020-06-15,281.52780151,135782700,230.32519531,134.75622559,60.03387833,34.40000153
2020-06-16,286.94650269,137627500,234.28051758,132.68992615,60.27911377,33.66999817
2020-06-17,285.75463867,83398900,235.02334595,133.23760986,59.99783707,33.47000122
2020-06-18,285.86462402,80828700,235.66004944,134.64830017,59.97617722,32.93999863
2020-06-19,284.23101807,135549600,235.62144470,134.75622559,59.77426910,35.11999893
2020-06-22,286.05432129,74649400,238.44715881,134.77279663,59.73097610,31.77000046
2020-06-23,287.37124634,68471200,240.47660828,133.85169983,59.81755066,31.37000084
2020-06-24,280.04080200,132813500,235.51901245,135.28726196,59.20449829,33.84000015
2020-06-25,283.04302979,89468000,237.76107788,135.67730713,59.22610855,32.22000122
2020-06-26,276.32037354,127961000,232.14630127,137.12951660,58.66355515,34.72999954
2020-06-29,280.38153076,79773300,234.67822266,136.69802856,58.33181763,31.78000069
2020-06-30,283.97308350,113394800,239.27825928,136.03411865,58.86550522,30.43000031
2020-07-01,285.96234131,72396500,242.07113647,135.76995850,59.04878235,28.62000084
2020-07-02,287.53701782,69344200,243.71397400,135.91123962,59.48329163,27.68000031
2020-07-06,291.97586060,61713800,249.70564270,135.35450745,59.91064072,27.94000053
2020-07-07,288.96438599,82910000,247.98545837,137.25708008,59.51229095,29.43000031
2020-07-08,291.17462158,54638600,251.25186157,136.70875549,59.67160034,28.07999992
2020-07-09,289.51690674,83354200,253.36824036,138.88549805,59.54127502,29.26000023
2020-07-10,292.47305298,57550400,255.09809875,138.18762207,59.74403381,27.29000092
2020-07-13,289.94061279,102997500,249.85064697,138.64450073,59.41810989,32.18999863
2020-07-14,293.69790649,93657000,251.61904907,138.84387207,59.92512512,29.52000046
2020-07-15,296.39614868,87196500,252.13130188,138.19587708,60.26549911,27.76000023
2020-07-16,295.42004395,54622500,250.41104126,138.85220337,60.32342148,28.00000000
2020-07-17,296.27648926,62774900,250.70101929,138.56141663,60.49006653,25.68000031
2020-07-20,298.67092896,56308800,257.81362915,138.90213013,60.85218811,24.45999908
2020-07-21,299.30633545,57292200,255.12709045,138.98516846,61.13463593,24.84000015
2020-07-22,301.00991821,57792900,256.02590942,139.40054321,61.25775909,24.31999969
2020-07-23,297.41842651,75738000,249.33840942,141.02891541,61.21427155,26.07999992
2020-07-24,295.50292969,73766600,246.97071838,141.02064514,61.27221298,25.84000015
2020-07-27,297.65786743,48293000,251.37751770,140.49716187,61.41708374,24.73999977
2020-07-28,295.76989746,57495000,248.17872620,141.46922302,61.25775909,25.44000053
2020-07-29,299.40762329,48454200,251.03924561,141.22828674,61.59813690,24.10000038
2020-07-30,298.33935547,61861700,252.35351562,142.15885925,61.72854614,24.76000023
2020-07-31,300.69683838,84986800,256.85699463,142.06739807,61.84438324,24.45999908
2020-08-03,302.78735352,53077900,260.32626343,141.35212708,61.85966110,24.28000069
2020-08-04,303.95693970,41917900,261.29263306,142.69953918,61.83788300,23.76000023
2020-08-05,305.84478760,42697700,261.94015503,141.45193481,61.94692993,22.98999977
2020-08-06,307.88922119,43679400,265.40945435,142.24205017,62.08509827,22.64999962
2020-08-07,308.11029053,57308300,262.34603882,141.29391479,61.93237686,22.20999908
2020-08-10,309.03118896,44282100,261.22500610,140.66180420,61.96147919,22.12999916
2020-08-11,306.48022461,69601100,256.27706909,138.99003601,61.40153885,24.03000069
2020-08-12,310.75326538,53774400,262.72290039,137.72578430,61.41609192,22.28000069
2020-08-13,310.19143677,41816100,263.32205200,136.25369263,61.24887085,22.12999916
2020-08-14,310.20068359,47260400,263.01281738,135.72135925,61.13978577,22.04999924
2020-08-17,311.18606567,35481000,266.06671143,136.06239319,61.50335312,21.35000038
2020-08-18,311.85842896,38733900,268.62753296,137.03549194,61.59787750,21.51000023
2020-08-19,310.55990601,68054200,266.82034302,136.17880249,61.42336273,22.54000092
2020-08-20,311.52679443,42207800,270.52166748,137.40975952,61.62695312,22.71999931
2020-08-21,312.63186646,55106600,272.39648438,138.23324585,61.61970139,22.54000092
2020-08-24,315.79983521,48588700,274.09722900,138.00859070,61.90330124,22.37000084
2020-08-25,316.90490723,38463400,276.25241089,136.95227051,61.96875000,22.03000069
2020-08-26,320.08212280,50790200,282.14733887,136.42831421,61.96147919,23.27000046
2020-08-27,320.78204346,58034100,281.26797485,134.10778809,61.86692047,24.46999931
2020-08-28,322.85403442,48588900,282.69812012,134.00804138,61.91783905,22.95999908
2020-08-31,321.68453979,66099200,284.96914673,134.89787292,61.83058167,26.40999985
2020-09-01,324.71435547,54908700,289.83981323,136.44085693,62.16715240,26.12000084
2020-09-02,329.41101074,69540000,292.58438110,137.73982239,62.24015808,26.56999969
2020-09-03,318.07452393,148011100,277.75027466,138.13114929,61.85323715,33.59999847
2020-09-04,315.47766113,139156300,274.04901123,135.50834656,61.68531418,30.75000000
2020-09-08,306.85778809,114465300,260.87713623,136.34091187,61.34216309,31.45999908
2020-09-09,312.91748047,91462300,268.54064941,135.97456360,61.82402802,28.80999947
2020-09-10,307.48397827,90569500,263.18670654,136.66566467,61.53196335,29.70999908
2020-09-11,307.64062500,84680200,261.36029053,136.95710754,61.65607071,26.87000084
2020-09-14,311.69262695,65605700,265.91198730,136.94879150,61.59041214,25.85000038
2020-09-15,313.26742554,52920900,269.68084717,136.61570740,61.75829697,25.59000015
2020-09-16,312.02416992,82096000,265.38037109,136.20768738,61.75829697,26.04000092
2020-09-17,309.27984619,91523300,261.23477173,136.62405396,61.69259262,26.45999908
2020-09-18,305.71917725,105877900,257.90057373,136.19943237,61.53927231,25.82999992
2020-09-21,302.31665039,99450800,258.51913452,136.89051819,61.04281616,27.78000069
2020-09-22,305.39550781,63612100,263.32205200,136.78230286,61.25458908,26.86000061
2020-09-23,298.31311035,93112200,255.28176880,136.96549988,60.63397217,28.57999992
2020-09-24,299.10830688,76681300,256.47039795,137.49002075,60.67044830,28.51000023
2020-09-25,303.94390869,71069400,262.43298340,137.49002075,60.56095123,26.37999916
2020-09-28,308.99221802,64584600,267.88333130,137.09869385,60.95518494,26.19000053
2020-09-29,307.30944824,51304000,266.67550659,137.25682068,61.00629807,26.27000046
2020-09-30,309.63952637,104081100,268.50186157,135.94120789,61.25458908,26.37000084
2020-10-01,311.62741089,88698700,272.76376343,136.16549683,61.46496201,26.70000076
2020-10-02,308.66867065,89431100,265.09054565,135.65702820,61.46496201,27.62999916
2020-10-05,314.14233398,45713100,270.74398804,133.00643921,61.92689896,27.95999908
2020-10-06,309.67654419,90128900,265.91198730,133.72320557,61.78760529,29.47999954
2020-10-07,315.06689453,56999600,270.51202393,132.74797058,62.00754929,28.05999947
2020-10-08,317.85919189,45242500,271.95193481,133.46482849,62.14688110,26.36000061
2020-10-09,320.69772339,59528600,276.10742188,133.43984985,62.28615570,25.00000000
2020-10-12,325.85690308,80388500,284.63098145,133.86500549,62.60145187,25.06999969
2020-10-13,323.73037720,73255500,284.62133789,134.82356262,62.32283401,26.06999969
2020-10-14,321.69625854,57727900,282.24404907,135.13188171,62.16883087,26.39999962
2020-10-15,321.29873657,60357700,280.34988403,134.89851379,62.12483978,26.96999931
2020-10-16,321.10446167,89501900,278.81326294,134.52336121,62.05155945,27.40999985
2020-10-19,316.22265625,68425600,274.26153564,134.01502991,61.83156586,29.18000031
2020-10-20,317.48937988,60051900,274.85113525,132.73968506,62.05155945,29.35000038
2020-10-21,316.88836670,63575000,274.63851929,132.28120422,62.04419327,28.64999962
2020-10-22,318.62655640,55399300,274.62884521,130.90588379,62.15419006,28.11000061
2020-10-23,319.70831299,49143900,275.17007446,131.70611572,62.22752762,27.54999924
2020-10-26,313.80020142,91473000,271.04351807,132.93142700,61.67760086,32.45999908
2020-10-27,312.71838379,65994100,273.15994263,133.82337952,61.70693588,33.34999847
2020-10-28,302.03002930,127094300,262.51025391,133.94831848,61.19369125,40.27999878
2020-10-29,305.09973145,90597700,267.10064697,132.64799500,61.36963654,37.59000015
2020-10-30,301.91912842,120287300,260.32626343,131.33932495,61.50162506,38.02000046
2020-11-02,305.30316162,86068300,260.90606689,132.32316589,61.64814758,37.13000107
2020-11-03,310.69348145,93294200,265.41915894,131.55548096,62.17834091,35.54999924
2020-11-04,317.63723755,126959700,277.26702881,134.40925598,62.76007080,29.56999969
2020-11-05,323.83206177,82039700,284.49572754,134.64279175,62.98098373,27.57999992
2020-11-06,323.75808716,74973000,284.70831299,133.01571655,62.76007080,24.86000061
2020-11-09,327.82629395,172304200,278.89065552,130.22039795,63.23872375,25.75000000
2020-11-10,327.34561157,85552000,273.89437866,129.46939087,63.15034866,24.79999924
2020-11-11,329.77728271,58649000,280.02124023,129.93666077,63.12825394,23.45000076
2020-11-12,326.57815552,67546200,278.70700073,132.14790344,62.70114136,25.35000038
2020-11-13,331.09948730,62892200,281.15188599,131.97273254,62.91471863,23.10000038
2020-11-16,335.23242188,74541100,283.34561157,131.65560913,63.26814651,22.45000076
2020-11-17,333.42935181,66111000,282.44696045,132.51504517,63.29023743,22.70999908
2020-11-18,329.41671753,70591300,280.35955811,132.89888000,63.17244720,23.84000015
2020-11-19,330.80361938,59940900,282.55328369,133.58312988,63.38597107,23.11000061
2020-11-20,328.53817749,70417300,280.62042236,134.76799011,63.26814651,23.70000076
2020-11-23,330.50772095,63230600,280.63012695,134.15054321,63.36389160,22.65999985
2020-11-24,335.83340454,62415900,284.57302856,132.81547546,63.55537415,21.63999939
2020-11-25,335.31570435,45330900,286.32214355,132.40657043,63.52589417,21.25000000
2020-11-27,336.24957275,28514100,288.96047974,133.69154358,63.62897110,20.84000015
2020-11-30,334.76086426,83872700,289.54983521,133.52471924,63.56269836,20.56999969
2020-12-01,338.42227173,74231400,293.26089478,131.55592346,63.72608566,20.77000046
2020-12-02,339.13421631,45927000,293.63772583,130.51190186,63.90349197,21.17000008
2020-12-03,339.04183960,62882000,294.05322266,131.56434631,63.94047928,21.28000069
2020-12-04,341.96353149,50749900,295.25158691,129.63484192,64.20660400,20.79000092
2020-12-07,341.26080322,48944300,296.92340088,130.80416870,64.17705536,21.29999924
2020-12-08,342.25933838,42458900,297.92849731,131.42233276,64.12525940,20.68000031
2020-12-09,339.18972778,74098300,291.18307495,130.98800659,64.02918243,22.27000046
2020-12-10,339.07879639,57735400,292.35241699,132.14898682,64.14749146,22.52000046
2020-12-11,338.68124390,57698600,291.70495605,132.61677551,64.08094025,23.30999947
2020-12-14,337.16488647,69216200,293.82138062,132.24923706,64.09571838,24.71999931
2020-12-15,341.72311401,63865300,296.96209717,131.80654907,64.29531860,22.88999939
2020-12-16,342.25933838,58420500,298.59524536,131.45568848,64.19921112,22.50000000
2020-12-17,344.17327881,64119500,300.54742432,131.10787964,64.29497528,21.93000031
2020-12-18,342.79907227,136542300,299.63900757,130.71490479,64.34697723,21.56999969
2020-12-21,341.57336426,96386700,299.07849121,131.23330688,64.11682129,25.15999985
2020-12-22,340.99768066,47949000,299.89163208,131.91056824,64.19849396,24.22999954
2020-12-23,341.30410767,46201400,298.38140869,130.99917603,64.48801422,23.30999947
2020-12-24,342.63189697,26457900,299.69802856,131.51762390,64.62164307,21.53000069
2020-12-28,345.57537842,39000400,302.71865845,131.57614136,64.70326996,21.70000076
2020-12-29,344.91607666,53680500,302.98971558,131.40885925,64.62164307,23.07999992
2020-12-30,345.40820312,49455300,302.99948120,131.69316101,64.75524902,22.77000046
2020-12-31,347.16326904,78520700,303.74487305,131.88552856,64.80722046,22.75000000
2021-01-04,342.43688965,110210800,299.45605469,131.72660828,64.67359161,26.96999931
2021-01-05,344.79541016,66426200,301.92477417,130.74835205,64.69586945,25.34000015
2021-01-06,346.85671997,107997700,297.74237061,128.06433105,64.57707977,25.06999969
2021-01-07,352.01031494,68766800,304.94534302,126.93546295,64.76264954,22.37000084
2021-01-08,354.01583862,71677200,308.86633301,126.52584076,64.85920715,21.55999947
2021-01-11,351.62945557,51034700,304.40316772,126.31676483,64.51027679,24.07999992
2021-01-12,351.70379639,52547700,303.91925049,126.21649170,64.59197998,23.32999992
2021-01-13,352.65090942,45303600,305.97158813,127.63788605,64.78491974,22.20999908
2021-01-14,351.41598511,49989100,304.33554077,126.44216919,64.77007294,23.25000000
2021-01-15,348.85321045,107160000,301.92477417,126.94388580,64.66616821,24.34000015
2021-01-19,351.59234619,51233300,306.32977295,127.35359955,64.85175323,23.23999977
2021-01-20,356.45791626,61836100,313.45535278,127.47897339,64.97054291,21.57999992
2021-01-21,356.78289795,47840100,315.96276855,126.58436584,64.93341064,21.31999969
2021-01-22,355.52011108,52860500,315.05279541,126.99406433,64.80722046,21.90999985
2021-01-25,356.92221069,70402000,317.65707397,128.49076843,64.82205200,23.19000053
2021-01-26,356.36502075,42665300,318.12179565,128.24826050,64.72556305,23.02000046
2021-01-27,347.65536499,123351100,309.25363159,128.57437134,64.53997040,37.20999908
2021-01-28,350.64520264,94198100,311.08340454,127.86373138,64.73295593,30.20999908
2021-01-29,343.62545776,126765100,304.53878784,127.09440613,64.56225586,33.09000015
2021-02-01,349.34527588,75817600,312.14840698,127.24175262,64.76939392,30.23999977
2021-02-02,354.28512573,64450700,317.24078369,126.42131805,64.92582703,25.55999947
2021-02-03,354.56365967,52427100,315.98208618,125.29958344,64.97799683,22.90999985
2021-02-04,358.59353638,47142600,319.71920776,124.96472931,65.11211395,21.77000046
2021-02-05,360.00497437,48669800,320.80349731,123.91840363,65.20898438,20.87000084
2021-02-08,362.60485840,38365200,322.95278931,124.46247101,65.40267944,21.23999977
2021-02-09,362.36343384,35551100,322.88507080,124.55458832,65.28348541,21.62999916
2021-02-10,362.20562744,59154400,322.14923096,125.38329315,65.26859283,21.98999977
2021-02-11,362.79055786,42913300,323.92095947,124.69689941,65.29836273,21.25000000
2021-02-12,364.58267212,50593300,325.73138428,123.14820099,65.40267944,19.96999931
2021-02-16,364.26693726,50972400,324.85037231,121.27307892,65.29836273,21.45999908
2021-02-17,364.35052490,52290600,323.29165649,122.04322815,65.27602386,21.50000000
2021-02-18,362.79983521,59712800,321.87823486,121.54930878,65.18661499,22.48999977
2021-02-19,362.15914917,83241000,320.47433472,119.93367767,65.19406891,22.04999924
2021-02-22,359.37350464,67414200,312.16769409,119.02121735,64.99288940,23.45000076
2021-02-23,359.80996704,107284100,311.23834229,118.67797089,65.14935303,23.11000061
2021-02-24,363.77481079,72433900,313.80392456,117.89949036,65.21641541,21.34000015
2021-02-25,355.00949097,146670500,302.86386108,115.97415924,64.59799194,28.88999939
2021-02-26,353.18005371,152701600,304.13214111,119.80813599,64.40429688,27.95000076
2021-03-01,361.74133301,105348800,313.28109741,118.22569275,65.12735748,23.35000038
2021-03-02,358.91857910,79595300,308.25646973,118.23414612,65.03015900,24.10000038
2021-03-03,354.16433716,119940200,299.31079102,116.95180511,64.82077789,26.67000008
2021-03-04,349.78164673,183433000,294.41201782,116.19748688,64.57402802,28.56999969
2021-03-05,356.21652222,152039600,298.84609985,116.42378998,64.76843262,24.65999985
2021-03-08,354.44299316,123149200,290.38455200,115.51862335,64.29736328,25.46999931
2021-03-09,359.50354004,113633600,301.83764648,117.11946869,64.38710022,24.03000069
2021-03-10,361.74133301,109899400,300.97598267,117.35409546,64.58896637,22.55999947
2021-03-11,365.40902710,86245000,307.90795898,116.50762177,64.82823944,21.90999985
2021-03-12,365.90112305,64653600,305.41009521,114.03514099,64.64878845,20.69000053
2021-03-15,368.08328247,73427200,308.67276001,114.70561218,64.65626526,20.03000069
2021-03-16,367.61895752,73722500,310.36700439,114.24469757,64.50672913,19.79000092
2021-03-17,368.87252808,97959300,311.64495850,113.38975525,64.59645844,19.22999954
2021-03-18,363.50555420,115349100,302.09899902,112.24152374,64.10295105,21.57999992
2021-03-19,362.83297729,113624500,303.16406250,112.93718719,64.34967804,20.95000076
2021-03-22,365.73016357,73778600,308.84930420,114.20272827,64.58148956,18.87999916
2021-03-23,362.85159302,90686600,307.50183105,115.23365784,64.64878845,20.29999924
2021-03-24,361.00708008,97588600,302.31579590,115.85383606,64.68618774,21.20000076
2021-03-25,363.03796387,116128600,301.79238892,114.94031525,64.79835510,19.80999947
2021-03-26,368.88827515,114409100,306.31933594,114.53800964,64.99274445,18.86000061
2021-03-29,368.70196533,108107600,306.23208618,113.56582642,65.03015900,20.73999977
2021-03-30,367.72378540,76262200,304.69082642,114.16083527,64.87312317,19.61000061
2021-03-31,369.21420288,112734200,309.35342407,113.52387238,65.18714905,19.39999962
2021-04-01,373.20147705,99682900,314.62667847,115.40804291,65.32518005,17.32999992
2021-04-05,378.55804443,91684800,320.90820312,114.90447998,65.35521698,17.90999985
2021-04-06,378.33447266,62021000,320.68536377,115.68495941,65.46773529,18.12000084
2021-04-07,378.77230835,55836300,321.46078491,114.87928009,65.44522858,17.15999985
2021-04-08,380.57025146,57863100,324.81475830,115.82767487,65.46773529,16.95000076
2021-04-09,383.33703613,61104600,326.78259277,115.40804291,65.42273712,16.69000053
2021-04-12,383.47686768,56704900,326.35610962,115.35768890,65.35521698,16.90999985
2021-04-13,384.61334229,56551000,330.16564941,116.22211456,65.40023804,16.64999962
2021-04-14,383.29980469,61659900,326.20098877,115.85282898,65.37020874,16.98999977
2021-04-15,387.41741943,60229800,331.14465332,117.79154968,65.63279724,16.56999969
2021-04-16,388.71231079,82037300,331.53253174,116.87674713,65.49777985,16.25000000
2021-04-19,386.80258179,78498500,328.49835205,116.54103851,65.39272308,17.29000092
2021-04-20,383.97058105,81851800,326.10406494,117.07820892,65.28018951,18.68000031
2021-04-21,387.60372925,66793000,328.89581299,117.31321716,65.49777985,17.50000000
2021-04-22,384.06372070,97582800,324.93118286,117.82517242,65.37772369,18.70999908
2021-04-23,388.22784424,73209200,329.02185059,117.54816437,65.55029297,17.32999992
2021-04-26,389.03823853,52182400,331.16415405,117.38030243,65.52026367,17.63999939
2021-04-27,388.95446777,51303100,329.72943115,116.35643005,65.43025208,17.55999947
2021-04-28,388.84271240,51238900,328.61468506,116.43194580,65.55779266,17.28000069
2021-04-29,391.32070923,78544300,329.79733276,116.08783722,65.63279724,17.61000061
2021-04-30,388.74951172,85527000,327.63555908,116.35643005,65.60277557,18.61000061
2021-05-03,389.58804321,68128300,325.89077759,116.42618561,65.62840271,18.30999947
2021-05-04,387.18453979,101591200,320.02612305,117.21627808,65.59073639,19.47999954
2021-05-05,387.30563354,60162200,318.95016479,117.40956116,65.71874237,19.14999962
2021-05-06,390.39852905,74321400,321.35421753,117.60284424,65.69614410,18.38999939
2021-05-07,393.23983765,67733800,323.96166992,117.02296448,65.74131012,16.69000053
2021-05-10,389.34579468,81852400,315.78027344,115.83786011,65.59073639,19.65999985
2021-05-11,385.87091064,116888000,315.34405518,115.18220520,65.52302551,21.84000015
2021-05-12,377.67309570,134811000,307.18203735,113.97193909,65.20683289,27.59000015
2021-05-13,382.20989990,106394000,309.55700684,114.14840698,65.44020081,23.12999916
2021-05-14,388.07879639,82201600,316.39105225,115.21586609,65.65098572,18.80999947
2021-05-17,387.09130859,65129200,314.47171021,114.97212219,65.53053284,19.71999931
2021-05-18,383.75634766,59810200,312.34872437,114.67796326,65.37245941,21.34000015
2021-05-19,382.75021362,106467100,312.70745850,114.40058899,65.19931030,22.18000031
2021-05-20,386.86779785,78022200,318.75613403,115.34190369,65.47786713,20.67000008
2021-05-21,386.55105591,76578700,316.99197388,115.71173859,65.57571411,20.14999962
2021-05-24,390.49166870,51376700,322.32354736,116.14041138,65.65098572,18.39999962
2021-05-25,389.62521362,57451400,322.76937866,117.21627808,65.65848541,18.84000015
2021-05-26,390.39852905,43088600,323.89395142,117.01450348,65.68109894,17.36000061
2021-05-27,390.60345459,56707700,322.68218994,116.54386902,65.65098572,16.73999977
2021-05-28,391.30212402,58520200,323.69995117,116.35892487,65.62840271,16.76000023
2021-06-01,390.95739746,54216600,322.62402344,116.33283234,65.82552338,17.89999962
2021-06-02,391.57229614,49097100,323.25408936,116.60221100,65.90863037,17.47999954
2021-06-03,390.11904907,58138800,319.89038086,116.16449738,65.77266693,18.04000092
2021-06-04,393.68698120,55938800,325.31887817,117.75531006,65.91617584,16.42000008
2021-06-07,393.30499268,51555000,326.28820801,117.39337158,65.93881989,16.42000008
2021-06-08,393.38894653,47134300,326.44332886,118.21823883,65.98411560,17.06999969
2021-06-09,392.80194092,48436300,326.52078247,119.26190948,66.03701782,17.88999939
2021-06-10,394.62780762,51020100,329.92333984,119.97745514,66.15785980,16.10000038
2021-06-11,395.27996826,45570800,330.78613281,119.78388214,66.18052673,15.64999962
2021-06-14,396.16494751,42358500,333.95590210,118.86637115,66.12010193,16.38999939
2021-06-15,395.43841553,51508500,331.77478027,118.72330475,66.11257935,17.02000046
2021-06-16,393.23046875,80386100,330.56311035,118.62229919,66.02194214,18.14999962
2021-06-17,393.10006714,90949700,334.76037598,120.39831543,66.06722260,17.75000000
2021-06-18,387.79702759,118676300,332.13354492,122.66252899,66.03701782,20.70000076
2021-06-21,393.34869385,72822000,334.19769287,120.60876465,66.16543579,17.88999939
2021-06-22,395.45162964,57700300,337.31298828,120.90331268,66.21076965,16.65999985
2021-06-23,394.97494507,49445400,337.47799683,120.59191895,66.14276886,16.31999969
2021-06-24,397.31158447,45110300,339.56457520,120.78544617,66.34670258,15.97000027
2021-06-25,398.72283936,58129500,339.14718628,119.53141022,66.41468811,15.61999989
2021-06-28,399.52658081,53159600,343.27182007,120.76020050,66.40713501,15.76000023
2021-06-29,399.74157715,35970500,344.51397705,120.96223450,66.49018860,16.02000046
2021-06-30,400.07803345,64827900,343.97052002,121.50094604,66.49774170,15.82999992
2021-07-01,402.29312134,53441000,344.10641479,121.50766754,66.62811279,15.47999954
2021-07-02,405.36801147,57697700,348.05630493,122.24090576,66.73422241,15.06999969
2021-07-06,404.62973022,68710400,349.56054688,123.67369080,66.69630432,16.44000053
2021-07-07,406.05969238,63549500,350.29812622,124.76927948,66.71904755,16.20000076
2021-07-08,402.75109863,97595200,348.18243408,125.25820160,66.57504272,19.00000000
2021-07-09,407.05038452,76238600,350.35638428,123.49670410,66.68874359,16.18000031
2021-07-12,408.50830078,52889600,351.72473145,123.33653259,66.66600037,16.17000008
2021-07-13,407.11578369,52911300,351.72473145,122.39260101,66.46896362,17.12000084
2021-07-14,407.72326660,64130400,352.35552979,123.78326416,66.57504272,16.32999992
2021-07-15,406.33071899,55126400,349.88082886,125.14862061,66.52959442,17.01000023
2021-07-16,403.14370728,75874700,347.04696655,124.91266632,66.43866730,18.45000076
2021-07-19,397.19006348,147987000,344.20346069,127.65176392,65.99151611,22.50000000
2021-07-20,402.88189697,99608200,348.20190430,126.42125702,66.32497406,19.72999954
2021-07-21,406.14376831,64724400,350.89013672,124.81990051,66.48413086,17.90999985
2021-07-22,406.99432373,47878500,353.20959473,125.99982452,66.52201080,17.69000053
2021-07-23,411.18142700,63766600,357.33416748,125.15696716,66.65081024,17.20000076
2021-07-26,412.19085693,43719200,357.61553955,124.78617859,66.55233002,17.57999992
2021-07-27,410.31225586,67397100,353.67535400,126.11785126,66.46139526,19.36000061
2021-07-28,410.14401245,52472400,355.03411865,126.12631226,66.51441956,18.30999947
2021-07-29,411.84500122,47435300,355.66491699,125.42675781,66.65843201,17.70000076
2021-07-30,409.84487915,68951200,353.81127930,126.01666260,66.56748199,18.23999977
2021-08-02,408.98510742,58783300,353.84042358,127.14070129,66.40250397,19.45999908
2021-08-03,412.31237793,58053900,355.98513794,127.20819855,66.47852325,18.04000092
2021-08-04,410.28417969,46732200,356.49951172,127.46983337,66.35688019,17.96999931
2021-08-05,412.88244629,38969700,358.76086426,126.82008362,66.50892639,17.28000069
2021-08-06,413.56472778,46930000,357.18862915,124.70199585,66.43292999,16.14999962
2021-08-09,413.22830200,41222600,357.84854126,124.25476074,66.28085327,16.71999931
2021-08-10,413.74230957,43339300,356.01425171,123.68093872,66.12879944,16.79000092
2021-08-11,414.77038574,44034300,355.40289307,123.60500336,66.23524475,16.17000008
2021-08-12,416.01348877,38909400,356.68392944,123.40251160,66.34927368,15.59000015
2021-08-13,416.77053833,39470300,357.93591309,125.35184479,66.49375153,15.44999981
2021-08-16,417.75192261,73740000,358.09118652,125.65558624,66.51654053,16.12000084
2021-08-17,415.01351929,92673900,354.93698120,125.60496521,66.36447906,17.90999985
2021-08-18,410.47109985,89351900,351.52084351,126.02682495,66.21243286,21.56999969
2021-08-19,411.10665894,92812200,353.21929932,126.95505524,66.20481873,21.67000008
2021-08-20,414.37789917,72008700,356.87799072,127.03944397,66.36447906,18.55999947
2021-08-23,418.02294922,54973000,362.21566772,126.95505524,66.56974792,17.14999962
2021-08-24,418.68655396,38744700,363.32208252,125.96777344,66.66098785,17.21999931
2021-08-25,419.56512451,40529700,363.73944092,124.92134094,66.72940826,16.79000092
2021-08-26,417.08831787,57829600,361.42959595,125.26742554,66.69139862,18.84000015
2021-08-27,420.81753540,77235100,364.94274902,126.11968231,66.87387848,16.38999939
2021-08-30,422.66809082,48357400,369.03823853,126.44880676,66.95751190,16.19000053
2021-08-31,422.04180908,59300200,368.73742676,125.58801270,66.97270966,16.47999954
2021-09-01,422.26614380,48721400,369.34884644,125.79840088,67.02991486,16.11000061
2021-09-02,423.56530762,42501000,369.17416382,126.34759521,67.11380768,16.40999985
2021-09-03,423.46246338,47170500,370.30969238,125.19855499,67.12141418,16.40999985
2021-09-07,421.94839478,51671500,370.83364868,124.14241791,66.94598389,18.13999939
2021-09-08,421.43432617,56181900,369.54290771,124.98728180,67.02228546,17.95999908
2021-09-09,419.63049316,57970400,368.27154541,126.49967957,67.08329773,18.79999924
2021-09-10,416.32196045,89948200,365.47659302,125.38442993,66.98415375,20.95000076
2021-09-13,417.38732910,83738600,365.22424316,126.14482117,67.15191650,19.37000084
2021-09-14,415.13494873,78197100,364.18579102,127.67416382,67.12141418,19.45999908
2021-09-15,418.60241699,78792200,366.89355469,127.22635651,67.22056580,18.18000031
2021-09-16,417.93893433,77786700,367.14584351,126.64328766,67.19766998,18.69000053
2021-09-17,413.86767578,118425000,362.79797363,126.03496552,67.11380768,20.80999947
2021-09-20,406.96670532,166445500,355.30151367,127.59803009,66.87737274,25.70999908
2021-09-21,406.58230591,92526100,355.73864746,127.48824310,66.99177551,24.36000061
2021-09-22,410.54840088,102350100,359.06143188,128.24867249,67.11380768,20.87000084
2021-09-23,415.53662109,76396000,362.37442017,125.35057831,67.14431000,18.62999916
2021-09-24,416.22113037,62094800,362.71447754,124.12553406,67.04516602,17.75000000
2021-09-27,415.03036499,61371100,359.81921387,123.66921997,66.98415375,18.76000023
2021-09-28,406.66674805,130436300,349.63720703,121.74291229,66.67908478,23.25000000
2021-09-29,407.35119629,82329200,349.06396484,121.95408630,66.80110168,22.55999947
2021-09-30,402.37243652,140506000,347.78152466,121.93720245,66.72484589,23.13999939
2021-10-01,407.15426636,129240100,349.93835449,122.96335602,66.88477325,21.10000038
2021-10-04,401.90356445,128570000,342.59338379,122.65036774,66.64756775,22.95999908
2021-10-05,406.08544922,90682500,347.21795654,121.46599579,66.61697388,21.29999924
2021-10-06,407.77310181,113032200,349.44293213,122.15126038,66.57870483,21.00000000
2021-10-07,411.29852295,72437500,352.64910889,120.87375641,66.58632660,19.54000092
2021-10-08,410.54840088,74557400,350.89053345,120.02778625,66.38739777,18.77000046
2021-10-11,407.57626343,65233300,348.19921875,119.72324371,66.18080139,20.00000000
2021-10-12,406.57296753,71181200,346.98480225,121.77054596,66.30321503,19.85000038
2021-10-13,408.03567505,72974000,349.76354980,122.95493317,66.47921753,18.63999939
2021-10-14,414.89904785,70236800,356.20495605,123.41175842,66.85416412,16.86000061
2021-10-15,418.05883789,66260200,358.44921875,122.69264984,66.73938751,16.29999924
2021-10-18,419.29656982,62213200,362.05377197,123.26792145,66.70880127,16.30999947
2021-10-19,422.53134155,46996800,364.79364014,121.56748962,66.75467682,15.69999981
2021-10-20,424.19091797,49571600,364.31759644,120.74687195,66.77764130,15.48999977
2021-10-21,425.29736328,41305400,366.54238892,120.60306549,66.60933685,15.01000023
2021-10-22,424.85662842,58845100,363.46252441,121.93130493,66.44863129,15.43000031
2021-10-25,427.13500977,45214500,367.18365479,121.74511719,66.56338501,15.23999977
2021-10-26,427.51950073,56075100,368.33975220,122.75186920,66.57870483,15.97999954
2021-10-27,425.62545776,72438000,369.19476318,124.98526764,66.52514648,16.97999954
2021-10-28,429.73226929,51437900,373.29483032,124.56225586,66.69346619,16.53000069
2021-10-29,430.60424805,70162400,375.13104248,124.94291687,66.51748657,16.26000023
2021-11-01,431.34503174,48433600,376.41354370,124.04337311,66.44607544,16.40999985
2021-11-02,433.08892822,48908400,377.98748779,124.59400177,66.60728455,16.03000069
2021-11-03,435.73306274,52509800,381.99996948,123.30643463,66.73779297,15.10000038
2021-11-04,437.78646851,52847100,386.89672852,124.60242462,66.91432953,15.43999958
2021-11-05,439.30541992,66390600,387.26599121,126.46598816,67.16764832,16.47999954
2021-11-08,439.68051147,50405200,386.74121094,126.22881317,67.08322144,17.21999931
2021-11-09,438.22723389,51149100,384.07919312,127.87213135,67.13696289,17.78000069
2021-11-10,434.70172119,69429700,378.43435669,125.53418732,66.76081848,18.72999954
2021-11-11,434.84231567,34848500,379.48376465,125.34787750,66.64566040,17.65999985
2021-11-12,438.12399292,53466700,383.47674561,124.79722595,66.66871643,16.29000092
2021-11-15,438.27401733,46980500,383.38940430,123.23020172,66.59194946,16.48999977
2021-11-16,440.00866699,48857500,386.11947632,122.91680908,66.62265015,16.37000084
2021-11-17,438.93975830,47858300,386.32342529,123.89090729,66.55358887,17.11000061
2021-11-18,440.43063354,50625600,390.32638550,124.35679626,66.49981689,17.59000015
2021-11-19,439.64294434,57315600,392.50262451,125.66966248,66.44607544,17.90999985
2021-11-22,438.40533447,72762000,387.94601440,124.19583130,66.19275665,19.17000008
2021-11-23,438.98663330,73206500,386.17773438,122.40010834,66.10063171,19.37999916
2021-11-24,440.15866089,61858800,387.42141724,124.36528015,66.08529663,18.57999992
2021-11-26,430.34176636,112669600,380.07638550,127.50786591,65.60938263,28.62000084
2021-11-29,435.62060547,86268800,388.32498169,126.48291779,66.01624298,22.95999908
2021-11-30,427.14447021,148559600,382.62182617,128.40579224,65.73986816,27.19000053
2021-12-01,422.40005493,131939200,376.11239624,129.19783020,65.74910736,31.12000084
2021-12-02,428.86972046,127637800,378.82296753,129.35897827,66.23434448,27.95000076
2021-12-03,425.13790894,137331600,372.23587036,130.90248108,66.23434448,30.67000008
2021-12-06,430.17297363,98977500,375.21853638,129.10453796,66.52698517,27.18000031
2021-12-07,439.07104492,95484700,386.51785278,128.06137085,66.88122559,21.88999939
2021-12-08,440.23367310,72238800,388.24725342,125.84790039,66.86582947,19.89999962
2021-12-09,437.26144409,61272600,382.53439331,126.55181122,66.56546021,21.57999992
2021-12-10,441.37759399,77159800,386.69268799,126.24649048,66.71951294,18.69000053
2021-12-13,437.46771240,87724700,381.10620117,128.11236572,66.71951294,20.30999947
2021-12-14,434.45788574,97264100,377.16171265,127.80695343,66.60399628,21.88999939
2021-12-15,441.24633789,116899300,385.75994873,126.57726288,66.85817719,19.29000092
2021-12-16,437.35516357,116568600,375.84024048,126.62645721,66.80870056,20.56999969
2021-12-17,432.70050049,135511600,373.96524048,128.06137085,66.74686432,21.56999969
2021-12-20,428.09933472,107134800,370.33752441,127.10195160,66.63092804,22.87000084
2021-12-21,435.70199585,69806300,378.62588501,126.61796570,66.98645020,21.01000023
2021-12-22,440.05847168,58890200,383.23699951,127.20382690,67.16416168,18.62999916
2021-12-23,442.79656982,56439700,386.12622070,126.10006714,67.35737610,17.95999908
2021-12-27,449.06304932,56808600,392.50778198,126.40576172,67.42693329,17.68000031
2021-12-28,448.69604492,47274600,390.68865967,125.90483093,67.39598846,17.54000092
2021-12-29,449.27014160,54503000,390.63031006,124.52935028,67.28782654,16.95000076
2021-12-30,448.02801514,55329000,389.46295166,125.57369232,67.25692749,17.32999992
2021-12-31,446.89883423,65237400,387.03097534,125.81992340,67.24147034,17.21999931
2022-01-03,449.48641968,72668200,390.75686646,122.51715851,67.21057129,16.60000038
2022-01-04,449.33587646,71178700,385.68841553,122.00770569,67.04054260,16.90999985
2022-01-05,440.70767212,104538900,373.83975220,121.34547424,66.52275085,19.72999954
2022-01-06,440.29367065,86858900,373.57702637,121.65960693,66.53047943,19.61000061
2022-01-07,438.55297852,85111600,369.53015137,120.78507233,66.36049652,18.76000023
2022-01-10,438.00726318,119362000,369.77337646,121.08227539,66.41455078,19.39999962
2022-01-11,441.99670410,74303100,375.32803345,121.88883209,66.72365570,18.40999985
2022-01-12,443.19168091,67605400,376.81643677,121.42185974,66.83189392,17.62000084
2022-01-13,437.08511353,91173100,367.38998413,122.50014496,66.59230042,20.30999947
2022-01-14,437.26391602,95890900,369.67608643,120.64924622,66.53047943,19.19000053
2022-01-18,429.52011108,109709100,360.47332764,118.95114136,66.20589447,22.79000092
2022-01-19,425.06027222,109357600,356.51400757,119.77468872,66.14407349,23.85000038
2022-01-20,420.35568237,122379700,351.88351440,120.51332855,66.02043152,25.59000015
2022-01-21,412.10385132,202271200,342.12612915,121.94828033,66.02816010,28.85000038
2022-01-24,413.85388184,251783900,343.69241333,120.94635010,65.95861053,29.89999962
2022-01-25,408.80111694,167997300,335.72515869,120.75112915,65.76541901,31.15999985
2022-01-26,407.77548218,186391100,335.19985962,119.29076385,65.54129791,31.95999908
2022-01-27,405.76199341,149878300,331.82415771,121.48131561,65.25534058,30.48999977
2022-01-28,415.83917236,164457400,342.23318481,121.52376556,65.44084167,27.65999985
2022-01-31,423.32891846,152251400,353.17724609,120.89547729,65.45630646,24.82999992
2022-02-01,426.18927002,123155400,355.58007812,120.49414062,65.71613312,21.95999908
2022-02-02,430.32934570,117361000,358.46932983,120.90223694,65.81694031,22.09000015
2022-02-03,420.21447754,118024400,343.93557739,119.95848846,65.22748566,24.35000038
2022-02-04,422.19039917,118454400,348.27435303,118.19004059,64.97154236,23.21999931
2022-02-07,420.83551025,84472900,345.47268677,118.26653290,64.92500305,22.86000061
2022-02-08,424.29806519,81012000,349.35418701,117.47584534,64.85520172,21.44000053
2022-02-09,430.50811768,92589900,356.75723267,117.69689178,65.19645691,19.95999908
2022-02-10,422.77380371,140103700,348.68289185,115.82641602,64.33552551,23.90999985
2022-02-11,414.43719482,153214600,337.62210083,117.54383850,64.11059570,27.36000061
2022-02-14,413.08230591,123006300,338.04046631,116.08145905,64.00205994,28.32999992
2022-02-15,419.74404907,88482700,346.44543457,114.76360321,64.11059570,25.70000076
2022-02-16,420.21447754,84863600,346.35787964,115.44380188,64.46741486,24.29000092
2022-02-17,411.23803711,102259100,336.05596924,116.30255890,64.19594574,28.11000061
2022-02-18,408.57534790,132642900,332.22308350,117.52682495,64.28900146,27.75000000
2022-02-22,404.19067383,124391800,328.88632202,117.83293915,64.14163971,28.80999947
2022-02-23,397.02081299,132578000,320.46185303,116.20899200,64.02533722,31.02000046
2022-02-24,402.99560547,213942900,331.23074341,116.28553772,64.48290253,30.31999969
2022-02-25,411.88739014,121804500,336.36718750,116.37052917,64.84746552,27.59000015
2022-02-28,410.83349609,145615000,337.36920166,118.92121124,64.89398956,30.14999962
2022-03-01,404.57641602,137785900,332.20355225,120.29615784,64.71262360,33.31999969
2022-03-02,412.01907349,117726500,337.77777100,116.18408966,64.86831665,30.73999977
2022-03-03,409.96786499,105501700,332.95263672,117.36750793,64.67367554,30.47999954
2022-03-04,406.63699341,113978200,328.12753296,119.39372253,64.25332642,31.97999954
2022-03-07,394.64962769,137896600,316.02575684,118.48278809,63.69282150,36.45000076
2022-03-08,391.65759277,164772700,314.55697632,117.29088593,63.46707153,35.13000107
2022-03-09,402.15820312,116990800,325.88031006,116.14154053,63.99642944,32.45000076
2022-03-10,400.34222412,93972700,322.26144409,114.47290039,63.45929337,30.22999954
2022-03-11,395.25189209,95636300,315.57833862,114.85602570,63.00000381,30.75000000
2022-03-14,392.36328125,95729200,309.51773071,112.17425537,62.25269699,31.77000046
2022-03-15,400.99145508,106219100,319.22640991,111.97848511,62.71977234,29.82999992
2022-03-16,409.88320923,144954800,331.06533813,113.07669830,63.59941101,26.67000008
2022-03-17,415.01123047,102676900,335.07339478,112.23387146,64.03531647,25.67000008
2022-03-18,419.55673218,106345500,341.93154907,113.60453796,64.24553680,23.87000084
2022-03-21,419.43405151,88349800,340.98101807,110.97381592,63.50600052,23.53000069
2022-03-22,424.34197998,74650400,347.68218994,109.55208588,63.83296585,22.94000053
2022-03-23,418.87710571,79426100,342.68545532,111.95289612,63.63056946,23.56999969
2022-03-24,425.19143677,64736900,350.30230713,111.07601166,63.76290131,21.67000008
2022-03-25,427.26791382,77101300,350.01010132,109.53505707,63.30361938,20.80999947
2022-03-28,430.30709839,68529800,355.42550659,110.47153473,63.70064163,19.62999916
2022-03-29,435.63031006,86581500,361.54235840,111.30588531,64.48683929,18.89999962
2022-03-30,432.94039917,79666900,357.54898071,112.17425537,64.29225922,19.32999992
2022-03-31,426.27688599,121699900,353.11721802,112.44672394,64.05871582,20.55999947
2022-04-01,427.48501587,89048800,352.44515991,112.87473297,64.05400085,19.62999916
2022-04-04,431.14712524,59601000,359.70141602,112.09024811,64.53862000,18.56999969
2022-04-05,425.70117188,74214500,351.71459961,109.55788422,63.70228195,21.03000069
2022-04-06,421.44433594,106898000,344.07836914,108.67111969,63.20206070,22.10000038
2022-04-07,423.56805420,78097200,344.89648438,107.85256958,63.10043335,21.54999924
2022-04-08,422.43536377,79272700,340.07519531,106.68447113,62.71747208,21.15999985
2022-04-11,415.21505737,89770500,332.02987671,104.99618530,62.28757095,24.37000084
2022-04-12,413.67663574,84363600,330.62731934,104.85123444,62.76433945,24.26000023
2022-04-13,418.41464233,74070400,337.34793091,105.06440735,63.13950729,21.81999969
2022-04-14,413.20462036,97869500,329.63378906,102.95832825,62.71747208,22.70000076
2022-04-18,413.37463379,66002500,329.88711548,102.44670868,62.61581039,22.17000008
2022-04-19,420.04754639,77821000,337.26037598,101.67932892,62.56109619,21.37000084
2022-04-20,419.73605347,65224400,332.34155273,103.72571564,62.75651932,20.31999969
2022-04-21,413.45950317,85417300,325.46505737,102.95832825,62.32662582,22.68000031
2022-04-22,402.11456299,132471800,316.94250488,102.31031036,61.95145035,28.20999908
2022-04-25,404.44583130,119647700,321.01379395,103.33348846,62.47511292,27.02000046
2022-04-26,392.73272705,103996300,308.89709473,104.37374115,62.10779190,33.52000046
2022-04-27,393.83700562,122030000,308.52709961,103.03505707,61.80294418,31.60000038
2022-04-28,403.78509521,105449100,319.48468018,103.18851471,62.14686203,29.98999977
2022-04-29,388.86294556,145491100,305.10824585,101.84984589,61.38087463,33.40000153
2022-05-02,391.20370483,158312500,310.20239258,100.08442688,61.38481140,32.34000015
2022-05-03,392.99703979,100028200,310.53353882,100.75917816,61.70651627,29.25000000
2022-05-04,404.96490479,144247900,321.03332520,101.31432343,62.33424759,25.42000008
2022-05-05,390.57135010,172929100,304.86480713,98.53850555,61.22784424,31.20000076
2022-05-06,388.23999023,151770800,301.21218872,97.08650208,60.88258362,30.19000053
2022-05-09,375.80966187,155586100,289.42672729,97.94059753,60.23916245,34.75000000
2022-05-10,376.67800903,132497200,292.94287109,98.82887268,60.58443451,32.99000168
2022-05-11,370.69396973,142361000,284.25473022,100.73357391,60.22348785,32.56000137
2022-05-12,370.30703735,125090800,283.58264160,100.54565430,60.19995880,31.77000046
2022-05-13,379.16021729,104174400,294.09234619,99.05950165,60.27054596,28.87000084
2022-05-16,377.62182617,78622400,290.68322754,98.95700836,60.18424988,27.46999931
2022-05-17,385.38964844,83029700,298.21224976,97.76125336,60.12931442,26.10000038
2022-05-18,369.85400391,117674500,283.57296753,99.84526062,59.63497543,30.95999908
2022-05-19,367.58871460,98510700,282.05349731,100.08442688,60.03515244,29.35000038
2022-05-20,367.74923706,131432200,281.17687988,101.22040558,59.99591446,29.43000031
2022-05-23,374.62976074,76414900,285.85214233,99.55488586,60.23134613,28.47999954
2022-05-24,371.77001953,91448800,279.77432251,101.51932526,60.59227753,29.45000076
2022-05-25,375.05456543,91472900,283.68981934,101.92075348,61.51034546,28.37000084
2022-05-26,382.54870605,82168300,291.55010986,101.45953369,62.36563873,27.50000000
2022-05-27,391.93988037,84768700,301.06613159,101.70725250,62.92277908,25.71999931
2022-05-31,389.74069214,95937000,300.26751709,99.55488586,62.38132858,26.19000053
2022-06-01,386.58834839,86585800,298.04663086,99.44109344,62.15052414,25.69000053
2022-06-02,393.95034790,79609600,306.20889282,99.49242401,62.41045761,24.71999931
2022-06-03,387.48498535,71874300,298.24154663,99.27855682,61.94571304,24.79000092
2022-06-06,388.66479492,57508900,299.23498535,97.44745636,61.48095703,25.06999969
2022-06-07,392.39291382,59272400,301.81613159,98.49984741,61.62276459,24.02000046
2022-06-08,388.12670898,64350000,299.64413452,97.62715149,61.09499741,23.95999908
2022-06-09,378.89602661,86289800,291.61828613,97.95231628,60.60661697,26.09000015
2022-06-10,367.90963745,132893900,281.33267212,97.34481049,59.57469559,27.75000000
2022-06-13,353.94079590,170004900,268.25183105,94.29020691,57.58178329,34.02000046
2022-06-14,352.87423706,104011800,268.73873901,93.10089111,57.95989990,32.68999863
2022-06-15,357.90499878,125666800,275.44964600,94.83781433,59.08633804,29.62000084
2022-06-16,346.05975342,134473300,264.33627319,95.59075165,58.14892960,32.95000076
2022-06-17,346.80581665,111113900,267.55050659,95.89878082,58.33010483,31.12999916
2022-06-21,355.53607178,76811900,274.30068970,94.27307892,58.29073334,30.19000053
2022-06-22,354.89154053,90059400,273.90063477,96.86564636,58.27498245,28.95000076
2022-06-23,358.37036133,79292100,277.97979736,97.66139984,58.69246292,29.04999924
2022-06-24,369.76428223,98050300,287.50427246,96.30950928,59.10993576,27.22999954
2022-06-27,368.35192871,66009600,285.39642334,95.48809814,58.74760818,26.95000076
2022-06-28,360.82543945,86548900,276.70132446,95.93300629,58.10169220,28.36000061
2022-06-29,360.53161621,65676000,276.95501709,97.43035126,58.01502228,28.15999985
2022-06-30,357.60256958,112508300,273.51998901,98.28598022,57.98351669,28.70999908
2022-07-01,361.38476562,74839700,275.32534790,99.29502869,58.53659058,26.70000076
2022-07-05,362.06732178,81438000,280.03884888,100.07522583,58.48122025,27.54000092
2022-07-06,363.29003906,70426200,281.83438110,98.39486694,58.25965118,26.72999954
2022-07-07,368.73107910,64525900,287.86553955,97.52898407,59.20918274,26.07999992
2022-07-08,368.42782593,72397800,288.22650146,96.44873810,59.25665665,24.63999939
2022-07-11,364.21908569,58366900,282.06869507,98.11196899,58.92430496,26.17000008
2022-07-12,360.99612427,62219200,279.33621216,98.69490051,59.16167831,27.29000092
2022-07-13,359.10028076,84224600,278.76046753,99.82659149,59.09840393,26.81999969
2022-07-14,358.22814941,89704800,279.75582886,99.01215363,58.98759842,26.39999962
2022-07-15,365.07214355,79060400,284.83038330,99.56938171,59.73929977,24.22999954
2022-07-18,362.05780029,63203600,282.41995239,98.53201294,59.16167831,25.29999924
2022-07-19,371.84030151,78506000,291.10534668,98.00050354,59.94503021,24.50000000
2022-07-20,374.21008301,71843800,295.72122192,98.25766754,60.20613098,23.87999916
2022-07-21,378.02078247,64903900,299.96640015,99.95516968,60.91826248,23.11000061
2022-07-22,374.51339722,72197300,294.70635986,101.63552856,60.83913040,23.03000069
2022-07-25,374.96841431,53631500,293.02783203,100.64102936,60.82332230,23.36000061
2022-07-26,370.53213501,52946400,287.27014160,100.71821594,60.39603043,24.69000053
2022-07-27,380.15356445,82342100,299.41003418,100.15235901,61.06069183,23.23999977
2022-07-28,384.92156982,73966600,302.33767700,100.94968414,61.68577194,22.32999992
2022-07-29,390.53323364,87003700,307.85144043,100.67535400,61.86775970,21.32999992
2022-08-01,389.37683105,69997500,307.66601562,103.09992981,61.88684845,22.84000015
2022-08-02,386.80795288,63435400,306.74871826,100.91841125,61.60087967,23.93000031
2022-08-03,392.86520386,67820600,315.10223389,102.50731659,62.14103317,21.95000076
2022-08-04,392.59973145,45656600,316.57583618,102.47296906,62.30781937,21.44000053
2022-08-05,391.93621826,56814900,313.98977661,100.03372955,61.99010086,21.14999962
2022-08-08,391.48117065,53886100,312.97479248,101.64846039,62.04570007,21.29000092
2022-08-09,389.92657471,44931800,309.43237305,101.25335693,61.58497620,21.77000046
2022-08-10,398.11660767,68665700,318.06893921,100.59202576,62.50642014,19.73999977
2022-08-11,398.11660767,59489700,316.26358032,98.24726868,62.14896011,20.20000076
2022-08-12,404.85629272,61694500,322.42132568,99.24359894,62.70498276,19.53000069
2022-08-15,406.52465820,54048300,325.02694702,99.15768433,62.59380722,19.95000076
2022-08-16,407.32098389,59289000,324.26574707,99.56995392,62.29985809,19.69000053
2022-08-17,404.42974854,63563400,320.56716919,98.53072357,61.65646744,19.89999962
2022-08-18,405.60519409,49023200,321.33816528,98.67671204,61.75179291,19.55999947
2022-08-19,400.15466309,68016900,315.07299805,97.08779907,61.12427902,20.60000038
2022-08-22,391.82241821,77695600,306.77801514,96.76141357,60.43319321,23.79999924
2022-08-23,390.87445068,49105200,306.52426147,96.22890472,60.58408737,24.11000061
2022-08-24,392.12585449,49177800,307.41229248,95.52463531,60.65560150,22.81999969
2022-08-25,397.66162109,50942300,312.84793091,96.85588837,61.22753906,21.78000069
2022-08-26,384.20123291,103087000,300.02487183,97.58596039,60.21871185,25.55999947
2022-08-29,381.66076660,65370800,297.06802368,96.77859497,59.98833466,26.20999908
2022-08-30,377.47097778,85652400,293.75967407,97.01908112,59.52762985,26.20999908
2022-08-31,374.59872437,76029700,292.05200195,96.09147644,59.20197296,25.87000084
2022-09-01,375.77420044,78740100,292.17880249,94.33224487,59.35841751,25.55999947
2022-09-02,371.81182861,99632100,288.05078125,94.86588287,59.31851578,25.46999931
2022-09-06,370.40896606,76637400,285.98190308,92.51614380,59.15884781,26.90999985
2022-09-07,377.06329346,70964200,291.75918579,93.97937775,60.01298904,24.63999939
2022-09-08,379.52792358,80821700,293.27185059,93.01537323,60.27641678,23.61000061
2022-09-09,385.42398071,76706900,299.68338013,93.22193146,60.51589584,22.79000092
2022-09-12,389.56640625,69256300,303.24523926,92.45590210,60.69948959,23.87000084
2022-09-13,372.62707520,122947100,286.61627197,92.67108154,59.31851578,27.27000046
2022-09-14,374.04891968,85023700,288.89013672,92.98954773,59.40630341,26.15999985
2022-09-15,369.80230713,87633800,284.07901001,92.92929077,59.03113174,26.27000046
2022-09-16,366.98110962,103084800,282.34194946,92.15466309,59.23070526,26.29999924
2022-09-19,369.82705688,73278500,284.54061890,92.36985016,59.45420837,25.76000023
2022-09-20,365.58190918,77274900,282.27249146,91.44890594,58.84753799,27.15999985
2022-09-21,359.20474243,106746600,277.21807861,92.98094940,58.67191315,27.98999977
2022-09-22,356.18753052,89472600,273.80624390,90.60543060,58.32069016,27.35000038
2022-09-23,350.21969604,122346900,269.34817505,90.97554779,57.57831192,29.92000008
2022-09-26,346.75506592,92581200,268.23370361,89.23692322,56.89979553,32.25999832
2022-09-27,345.86990356,108294100,268.34124756,86.88720703,56.78004837,32.59999847
2022-09-28,352.67532349,110802200,273.67907715,89.79637909,57.79381561,30.18000031
2022-09-29,345.30828857,112952300,265.78955078,89.33161926,57.25104523,31.84000015
2022-09-30,339.96865845,153711200,261.28271484,88.17827606,56.98760986,31.62000084
2022-10-03,348.94415283,89756500,267.41250610,89.57937622,57.73445129,30.10000038
2022-10-04,359.75686646,103602800,275.82012939,89.32916260,58.97786713,29.06999969
2022-10-05,358.91921997,88065700,275.67349243,88.47505188,58.74523544,28.54999924
2022-10-06,355.21673584,82333500,273.50317383,87.98326874,58.56875992,30.52000046
2022-10-07,345.30828857,107789500,263.08157349,87.12916565,57.85478210,31.36000061
2022-10-10,342.67175293,76042800,260.45172119,85.77464294,57.14884186,32.45000076
2022-10-11,340.50158691,92482800,256.87356567,86.15425110,57.32531738,33.63000107
2022-10-12,339.37857056,76991800,256.78555298,86.57696533,57.42161179,33.56999969
2022-10-13,348.33499146,147254500,262.80780029,85.74875641,57.54994965,31.94000053
2022-10-14,340.39691162,123737000,254.90849304,85.04129028,57.36542892,32.02000046
2022-10-17,349.14413452,93168200,263.32598877,84.62716675,58.07138062,31.37000084
2022-10-18,353.24636841,97162900,265.40829468,84.82560730,58.48051071,30.50000000
2022-10-19,350.74313354,79746900,264.44046021,83.28130341,57.91894531,30.76000023
2022-10-20,347.80206299,88283100,263.09127808,81.85773468,57.59807205,29.97999954
2022-10-21,356.25418091,131038400,269.26028442,80.38244629,58.15159607,29.69000053
2022-10-24,360.61346436,85436900,272.22244263,79.71812439,58.19171143,29.85000038
2022-10-25,366.37197876,78846300,277.85357666,82.03893280,58.75325775,28.45999908
2022-10-26,363.61160278,104087300,271.71405029,83.22090149,58.91367722,27.28000069
2022-10-27,361.67001343,81971800,266.76727295,84.09226227,59.34686279,27.38999939
2022-10-28,370.27432251,100302000,274.93045044,83.51425171,59.80412292,25.75000000
2022-10-31,367.59973145,96631300,271.73364258,82.91895294,58.90567017,25.87999916
2022-11-01,365.99121094,85407600,268.95712280,83.69387054,59.25997925,25.80999947
2022-11-02,356.80618286,126990400,259.73800659,83.33060455,58.72044373,25.86000061
2022-11-03,353.13226318,87100100,254.66410828,82.88089752,58.30169678,25.29999924
2022-11-04,358.21493530,103505200,258.76037598,81.48842621,58.70435333,24.54999924
2022-11-07,361.64147949,68286900,261.60537720,80.67544556,58.69627762,24.35000038
2022-11-08,363.59259033,84641100,263.51177979,81.55762482,58.63990784,25.54000092
2022-11-09,356.10186768,78495500,257.43087769,81.82575226,57.93932724,26.09000015
2022-11-10,375.67111206,141455800,276.42623901,84.97386932,59.74313354,23.53000069
2022-11-11,379.30709839,93839900,281.51983643,84.66252136,59.95250702,22.52000046
2022-11-14,376.08050537,71903500,279.05603027,84.45495605,59.50962067,23.72999954
2022-11-15,379.28802490,93194500,282.91778564,85.82147217,60.03303146,24.54000092
2022-11-16,376.39456177,68508500,279.05603027,87.69821930,59.90420532,24.11000061
2022-11-17,375.24276733,74496300,278.44018555,86.77280426,59.64653778,23.93000031
2022-11-18,376.94662476,92922500,278.44998169,86.17603302,59.77536011,23.12000084
2022-11-21,375.57592773,51243200,275.58551025,86.53929901,59.75121689,22.36000061
2022-11-22,380.63009644,60429000,279.55471802,87.76741791,60.18602371,21.29000092
2022-11-23,383.02862549,68261600,282.36044312,89.29824066,60.52424622,20.35000038
2022-11-25,382.94296265,30545400,280.50299072,88.99554443,60.40347290,20.50000000
2022-11-28,376.83230591,67881600,276.38708496,89.24635315,59.76730728,22.20999908
2022-11-29,376.18515015,52310000,274.29498291,88.19984436,60.02500916,21.88999939
2022-11-30,388.03521729,144566700,286.79895020,88.84850311,60.92688370,20.57999992
2022-12-01,387.74969482,76398200,287.15090942,91.68685150,61.15252304,19.84000015
2022-12-02,387.30233765,85342700,286.00701904,92.83988190,61.10400391,19.05999947
2022-12-05,380.33502197,77289800,281.20690918,91.53948975,60.52171707,20.75000000
2022-12-06,374.85256958,77972200,275.38024902,92.71849823,60.30339813,22.17000008
2022-12-07,374.21487427,65927900,274.25592041,94.90316772,60.63497543,22.68000031
2022-12-08,377.14645386,60737900,277.50161743,94.64309692,60.68348312,22.29000092
2022-12-09,374.32916260,81447700,275.73208618,92.18098450,60.68348312,22.82999992
2022-12-12,379.72589111,75405800,279.19293213,92.47576904,60.91801453,25.00000000
2022-12-13,382.60031128,123782500,282.19424438,93.36869812,61.54877853,22.54999924
2022-12-14,380.15417480,108111300,280.10223389,93.76750946,61.20104599,21.13999939
2022-12-15,370.85491943,117705900,270.69735718,94.13334656,60.97017670,22.82999992
2022-12-16,366.47662354,119858000,268.11639404,93.08181763,60.64498520,22.62000084
2022-12-19,363.36895752,79878100,264.34832764,91.51757050,60.33608246,22.42000008
2022-12-20,363.86627197,74427200,264.14263916,89.89250183,60.18162537,21.47999954
2022-12-21,369.30697632,78167400,267.97430420,90.11843872,60.69377136,20.06999969
2022-12-22,364.03836060,100120900,261.41830444,90.10105133,60.31982422,21.96999931
2022-12-23,366.13235474,59857300,262.00622559,88.78014374,60.47427750,20.87000084
2022-12-27,364.68847656,51638200,258.30187988,87.02468872,59.84829712,21.64999962
2022-12-28,360.15618896,70911500,254.89167786,86.51195526,59.04351044,22.13999939
2022-12-29,366.63912964,66970900,261.10464478,87.49395752,59.80767822,21.44000053
2022-12-30,365.67340088,84022200,260.94784546,86.52062988,59.85645676,21.67000008
2023-01-03,364.13400269,74850700,259.18389893,88.17181396,59.97025681,22.89999962
2023-01-04,366.94515991,85934100,260.41867065,89.37973785,60.66125488,22.01000023
2023-01-05,362.75704956,76970500,256.34194946,89.75344086,60.53932571,22.45999908
2023-01-06,371.07577515,104189600,263.41738892,91.40457153,61.40102768,21.12999916
2023-01-09,370.86544800,73978100,265.12255859,91.89124298,61.62052155,21.96999931
2023-01-10,373.46630859,65358100,267.36666870,90.37043762,61.54735947,20.57999992
2023-01-11,378.18984985,68881100,271.99215698,91.83911133,61.95381927,21.09000015
2023-01-12,379.56677246,90157700,273.46206665,93.64667511,62.30337906,18.82999992
2023-01-13,381.03927612,63903900,275.34371948,92.76896667,62.30337906,18.35000038
2023-01-17,380.34127808,62677300,275.90234375,92.16934204,62.09201050,19.36000061
2023-01-18,374.33648682,99632300,272.31558228,94.40273285,62.16519547,20.34000015
2023-01-19,371.61135864,86958900,269.64025879,93.81180573,61.79937744,20.52000046
2023-01-20,378.53411865,91806400,277.01947021,92.29098511,61.92132568,19.85000038
2023-01-23,383.07598877,84178800,283.17373657,91.85651398,61.91318512,19.80999947
2023-01-24,382.66479492,59524900,282.59555054,93.17744446,61.95381927,19.20000076
2023-01-25,382.80819702,84800300,281.96829224,93.40336609,61.94569778,19.07999992
2023-01-26,387.01541138,72287400,287.46597290,92.96886444,62.10016632,18.72999954
2023-01-27,387.90466309,68346200,290.32757568,92.73423004,61.91318512,18.51000023
2023-01-30,383.03771973,74202000,284.45739746,92.39527893,61.57172775,19.94000053
2023-01-31,388.66967773,86811800,288.72033691,93.13394928,62.05139542,19.39999962
2023-02-01,392.80032349,101459200,294.89419556,94.25354004,62.70323563,17.87000084
2023-02-02,398.51834106,101654500,305.47796631,94.37551880,63.06267548,18.72999954
2023-02-03,394.28240967,94736800,300.04888916,92.96408081,62.40101242,18.32999992
2023-02-06,391.87286377,60295300,297.51071167,92.27577209,62.00072479,19.43000031
2023-02-07,396.99801636,90990700,303.67480469,91.53518677,62.22130585,18.65999985
2023-02-08,392.65692139,76227500,298.27511597,91.97084045,61.95990753,19.62999916
2023-02-09,389.25289917,78694900,295.63894653,91.09956360,61.55960846,20.70999908
2023-02-10,390.16131592,70769700,293.69866943,90.08017731,61.08581543,20.53000069
2023-02-13,394.74139404,64913500,298.40249634,90.83818817,61.24105072,20.34000015
2023-02-14,394.55972290,88389300,300.60745239,90.62906647,61.25737381,18.90999985
2023-02-15,395.84103394,61555700,302.91036987,89.78393555,61.15934753,18.22999954
2023-02-16,390.39077759,76431500,297.22659302,88.51191711,60.66921616,20.17000008
2023-02-17,389.41540527,89257800,295.12936401,89.20019531,60.90612030,20.02000046
2023-02-21,381.60345459,82655900,288.14218140,87.46637726,59.96671295,22.87000084
2023-02-22,381.07757568,83742300,288.35775757,88.26794434,60.35881042,22.29000092
2023-02-23,383.10470581,96242400,290.87631226,89.13051605,60.95512772,21.13999939
2023-02-24,379.01220703,108194400,286.00582886,87.97171783,60.58753586,21.67000008
2023-02-27,380.30303955,80444700,288.05398560,88.21569061,60.99598694,20.95000076
2023-02-28,378.89743042,96438600,287.68157959,88.61644745,60.88163376,20.70000076
2023-03-01,377.44403076,99706800,285.36883545,87.66444397,60.70902252,20.57999992
2023-03-02,380.37954712,85127800,287.73059082,86.88710022,60.78297424,19.59000015
2023-03-03,386.47994995,90120000,293.67898560,88.99203491,61.40756989,18.48999977
2023-03-06,386.74774170,72795900,294.01220703,88.30202484,61.40756989,18.61000061
2023-03-07,380.81936646,108310600,290.40594482,88.84352112,60.97201538,19.59000015
2023-03-08,381.44088745,74746600,291.85626221,88.93089294,60.68435287,19.11000061
2023-03-09,374.40338135,111945300,286.79962158,89.14923096,60.34740829,22.61000061
2023-03-10,369.00094604,189253000,282.77185059,92.22365570,60.35563278,24.79999924
2023-03-13,368.47500610,157790000,284.86904907,92.43328094,60.02689362,26.52000046
2023-03-14,374.56597900,149752400,291.41528320,90.91354370,60.46248245,23.72999954
2023-03-15,372.22332764,172996900,292.94406128,92.66908264,60.26523972,26.13999939
2023-03-16,378.75396729,143254200,300.66625977,91.94412994,60.65970230,22.98999977
2023-03-17,374.32528687,140553400,299.24533081,93.32418823,60.29811859,25.51000023
2023-03-20,377.92468262,93055800,300.30728149,92.50315857,60.13373184,24.14999962
2023-03-21,382.88705444,91524200,304.59637451,91.70835114,60.79121399,21.37999916
2023-03-22,376.36019897,111746600,300.45446777,92.93111420,60.84875488,22.26000023
2023-03-23,377.37762451,119351300,304.01730347,92.93111420,60.61039734,22.61000061
2023-03-24,379.85400391,107682400,305.13619995,93.32418823,60.48712158,21.73999977
2023-03-27,380.56427002,74010400,303.04565430,91.13187408,60.33918381,20.60000038
2023-03-28,379.70996094,62871700,301.43597412,91.29782867,60.30631256,19.96999931
2023-03-29,385.22906494,77497900,306.93234253,91.11441803,61.06241226,19.12000084
2023-03-30,387.48468018,69840000,309.83752441,91.53366852,61.42401505,19.02000046
2023-03-31,392.94616699,112062600,314.99041748,92.90491486,62.08971405,18.70000076
2023-04-03,394.44348145,67391100,314.22482300,93.34184265,62.04182434,18.54999924
2023-04-04,392.25503540,66601500,313.16476440,93.80591583,61.86019516,19.00000000
2023-04-05,391.22799683,65200200,310.07318115,94.78665924,61.51347351,19.07999992
2023-04-06,392.75415039,63743300,312.16366577,95.03180695,61.78589249,18.39999962
2023-04-10,393.15731812,63681000,311.98703003,93.49949646,61.72811890,18.96999931
2023-04-11,393.26287842,59297900,309.98480225,93.69209290,61.86019516,19.10000038
2023-04-12,391.65994263,86420400,307.24642944,93.59580994,61.84370041,19.09000015
2023-04-13,396.86224365,85814800,313.26300049,92.86026764,62.26471710,17.79999924
2023-04-14,395.89279175,78161500,312.67407227,92.01088715,62.14916229,17.06999969
2023-04-17,397.31335449,66436400,312.93908691,90.91638184,61.98402023,16.95000076
2023-04-18,397.57254028,63560000,312.95870972,91.24033356,62.02532196,16.82999992
2023-04-19,397.50527954,55227300,312.81146240,91.15277863,61.77765274,16.45999908
2023-04-20,395.33615112,75840400,310.42639160,91.93209076,61.71983719,17.17000008
2023-04-21,395.64328003,73457400,310.75033569,91.41547394,61.90974426,16.77000046
2023-04-24,396.05596924,64332100,310.10260010,92.29986572,62.08311844,16.88999939
2023-04-25,389.76904297,97766700,304.25283813,93.65709686,61.98402023,18.76000023
2023-04-26,388.11816406,80447000,306.09805298,92.65882874,61.74462128,18.84000015
2023-04-27,395.84481812,92968400,314.42117310,91.73941803,61.95100784,17.03000069
2023-04-28,399.22338867,89433100,316.59017944,93.21925354,62.21519852,15.77999973
2023-05-01,398.82028198,62122300,316.22702026,90.53134155,61.92996597,16.07999992
2023-05-02,394.33786011,103998500,313.46905518,92.78737640,61.87191010,17.78000069
2023-05-03,391.63110352,91531800,311.41778564,93.30528259,61.83876038,18.34000015
2023-05-04,388.85729980,94901900,310.31848145,92.38355255,61.65634918,20.09000015
2023-05-05,396.05596924,87891800,316.91409302,92.07632446,61.98798752,17.19000053
2023-05-08,396.16156006,50046800,317.69937134,90.78590393,61.81386948,16.97999954
2023-05-09,394.42422485,49220100,315.68728638,90.46109772,61.65634918,17.70999908
2023-05-10,396.26708984,96142900,319.12252808,91.33893585,62.02945328,16.94000053
2023-05-11,395.57611084,70157100,320.16281128,92.30455780,61.92996597,16.93000031
2023-05-12,395.05773926,70481500,319.01449585,91.53205109,61.70606613,17.03000069
2023-05-15,396.42077637,54289400,320.74197388,90.58399963,61.68949127,17.12000084
2023-05-16,393.77160645,57705500,321.10510254,90.31184387,61.25834274,17.98999977
2023-05-17,398.55157471,87287000,324.99179077,90.04850769,61.42417908,16.87000084
2023-05-18,402.39089966,97177200,331.02792358,89.38136292,61.45734024,16.04999924
2023-05-19,401.80541992,103793300,330.28207397,88.74932861,61.52365494,16.80999947
2023-05-22,401.96853638,60745400,331.39111328,88.43328857,61.79729080,17.20999908
2023-05-23,397.45730591,86383500,327.19036865,88.68788147,61.47390366,18.53000069
2023-05-24,394.57775879,89213700,325.51208496,88.24896240,61.04276657,20.03000069
2023-05-25,397.99487305,90961600,333.43261719,88.02950287,61.00130463,19.13999939
2023-05-26,403.14907837,93830000,341.95196533,88.74053955,61.37442398,17.95000076
2023-05-30,403.30267334,72216000,343.50277710,89.62716675,61.63974762,17.45999908
2023-05-31,401.06631470,110811800,341.54965210,90.40840149,61.44904327,17.94000053
2023-06-01,404.87680054,88865000,345.49520874,90.76313782,61.81811523,15.64999962
2023-06-02,410.73184204,91426200,348.08630371,89.76853180,62.13472748,14.60000038
2023-06-05,409.94473267,65460200,348.33175659,89.60132599,62.08470154,14.72999954
2023-06-06,410.83740234,64022200,348.27279663,90.12941742,62.18470383,13.96000004
2023-06-07,409.41687012,85373300,342.36425781,88.79151917,61.84313965,13.93999958
2023-06-08,411.89321899,61952800,346.61413574,89.83016205,62.23470688,13.64999962
2023-06-09,412.63229370,85742800,347.93911743,89.70693970,62.25134277,13.82999992
2023-06-12,416.37564087,76104300,353.81826782,89.97099304,62.18470383,15.01000023
2023-06-13,419.12078857,95899700,356.53698730,89.08201599,62.25968170,14.60999966
2023-06-14,419.61987305,100612100,359.12811279,89.79494476,62.28466797,13.88000011
2023-06-15,424.82217407,110303100,363.40747070,90.65751648,62.58461761,14.50000000
2023-06-16,423.37515259,114165800,361.12054443,90.30545807,62.42630005,13.53999996
2023-06-20,421.17852783,76160400,360.60351562,90.93038940,62.25968170,13.88000011
2023-06-21,419.02053833,76982300,355.68939209,91.15043640,62.10139084,13.19999981
2023-06-22,420.53311157,70637200,359.88613892,90.05020142,61.91810226,12.90999985
2023-06-23,417.35391235,92074500,356.31845093,90.94795990,61.80978775,13.43999958
2023-06-26,415.64868164,72823600,351.54180908,91.04479980,61.84313965,14.25000000
2023-06-27,420.20559692,72813700,357.58627319,90.80712128,62.05139542,13.73999977
2023-06-28,420.41754150,75636000,358.28414917,91.19442749,62.40965652,13.43000031
2023-06-29,422.07455444,67882300,357.56658936,89.54850769,62.24300766,13.53999996
2023-06-30,427.05535889,104964000,363.08032227,90.60470581,62.54294205,13.59000015
2023-07-03,427.54666138,32793400,363.93542480,90.09107971,62.44495773,13.56999969
2023-07-05,426.91088867,58418400,363.92562866,89.23499298,62.25229263,14.18000031
2023-07-06,423.56781006,80658300,361.15396118,87.97294617,61.79997635,15.43999958
2023-07-07,422.49844360,86134200,359.95489502,87.44338226,61.85861588,14.82999992
2023-07-10,423.56781006,62443500,360.07275391,87.55813599,62.16852951,15.06999969
2023-07-11,426.26535034,64463800,361.85174561,88.00821686,62.50357056,14.84000015
2023-07-12,429.69506836,91924500,366.42199707,88.98786926,62.98940659,13.53999996
2023-07-13,433.10546875,72425200,372.64337158,89.92337036,63.36635208,13.60999966
2023-07-14,432.83569336,69815800,372.56469727,89.39384460,62.90563965,13.34000015
2023-07-17,434.33865356,52680200,376.04397583,89.43797302,63.02292633,13.47999954
2023-07-18,437.56597900,80668200,379.12030029,89.84394836,63.19879532,13.30000019
2023-07-19,438.53906250,65891700,379.03176880,90.85888672,63.24907303,13.76000023
2023-07-20,435.62957764,70591600,370.29440308,89.75571442,62.97264099,13.98999977
2023-07-21,435.62957764,71275600,369.18371582,89.78218079,63.13182068,13.60000038
2023-07-24,437.57562256,54023400,369.77352905,89.45561981,63.02292633,13.90999985
2023-07-25,438.77026367,55191200,372.27972412,89.28795624,62.98103714,13.85999966
2023-07-26,438.83767700,71052900,371.04132080,89.37620544,63.23231125,13.18999958
2023-07-27,435.92822266,92194400,370.15676880,87.63755035,62.72972870,14.40999985
2023-07-28,440.19610596,80011800,376.89907837,88.08766937,63.08992386,13.32999992
2023-07-31,441.03427124,62040400,377.09561157,88.29949188,63.24068832,13.63000011
2023-08-01,439.77218628,55291500,376.22088623,86.85253143,62.92761612,13.93000031
2023-08-02,433.65466309,93933400,367.96514893,85.92328644,62.65829468,16.09000015
2023-08-03,432.41183472,64276100,367.37533569,83.94091797,62.45630264,15.92000008
2023-08-04,430.45614624,100128900,365.65536499,85.42769623,62.82661438,17.10000038
2023-08-07,434.21337891,58357500,368.75128174,84.58695221,62.94444656,15.77000046
2023-08-08,432.32513428,71361300,365.61605835,85.56929779,63.07909775,15.98999977
2023-08-09,429.43493652,78789600,361.59634399,86.01181793,63.08752060,15.96000004
2023-08-10,429.58901978,93005500,362.26458740,84.59580994,63.07066727,15.85000038
2023-08-11,429.33853149,68690900,359.95489502,84.40112305,62.97812271,14.84000015
2023-08-14,431.70849609,47867400,363.99441528,84.21526337,62.96968842,14.81999969
2023-08-15,426.67965698,75707500,360.13186646,83.70198822,62.76769257,16.45999908
2023-08-16,423.54855347,80107200,356.31845093,83.04707336,62.57413864,16.78000069
2023-08-17,420.32113647,95711300,352.42633057,82.69309235,62.31324387,17.88999939
2023-08-18,420.52346802,98852000,351.98410034,82.98516083,62.35533524,17.29999924
2023-08-21,423.25952148,68719000,357.65502930,81.87890625,62.33848190,17.12999916
2023-08-22,422.11309814,64994200,357.14401245,82.50724792,62.37215805,16.96999931
2023-08-23,426.81442261,68441000,362.77566528,84.55156708,62.87712860,15.97999954
2023-08-24,420.89923096,88517300,355.02108765,83.99401093,62.53205490,17.20000076
2023-08-25,423.86651611,102325100,357.77301025,84.26837921,62.79294205,15.68000031
2023-08-28,426.55435181,61595400,360.46600342,84.35688019,63.02860641,15.07999992
2023-08-29,432.72009277,83081900,368.33850098,85.23300171,63.42415237,14.44999981
2023-08-30,434.50238037,69053900,370.39257812,85.14449310,63.39892578,13.88000011
2023-08-31,433.86648560,66084600,371.50329590,85.52503204,63.35683441,13.56999969
2023-09-01,434.67581177,58944100,371.11010742,84.19269562,63.47606659,13.09000015
2023-09-05,432.79718018,55166200,371.58184814,83.01213074,63.06174469,14.01000023
2023-09-06,429.88766479,70758500,368.30905151,83.21628571,62.90952682,14.44999981
2023-09-07,428.56787109,70355400,365.67501831,83.44709015,63.12091827,14.39999962
2023-09-08,429.21337891,61659700,366.18609619,83.76663971,63.09555054,13.84000015
2023-09-11,432.03616333,60180100,370.50079346,83.16305542,63.20547104,13.80000019
2023-09-12,429.66610718,67565400,366.39251709,83.64236450,63.10400391,14.22999954
2023-09-13,430.16714478,60199300,367.78808594,83.62463379,63.27313614,13.47999954
2023-09-14,433.87615967,83430800,370.79562378,83.02098846,63.34925079,12.81999969
2023-09-15,428.64874268,111848900,364.44647217,82.51504517,63.11246109,13.78999996
2023-09-18,428.90011597,55752200,364.82638550,82.98549652,63.15473557,14.00000000
2023-09-19,428.01062012,66514600,364.04882812,82.37304688,62.96025467,14.10999966
2023-09-20,424.07574463,82562600,358.80279541,82.63044739,62.90952682,15.14000034
2023-09-21,417.06652832,104095800,352.22781372,80.50898743,62.46138382,17.54000092
2023-09-22,416.12872314,100829700,352.27709961,81.15695953,62.57131958,17.20000076
2023-09-25,417.87866211,70874500,353.95031738,79.15975952,62.48678589,16.89999962
2023-09-26,411.73950195,96168400,348.63528442,78.88459778,62.21618652,18.94000053
2023-09-27,411.90377808,104705800,349.45227051,78.47631836,62.13164902,18.21999931
2023-09-28,414.29174805,92258300,352.37554932,78.71596527,62.42758179,17.34000015
2023-09-29,413.28631592,115111300,352.63140869,78.72484589,62.33454895,17.52000046
2023-10-02,413.12191772,83798600,355.57431030,77.40697479,61.95631027,17.61000061
2023-10-03,407.59182739,103760600,349.33416748,75.74182129,61.32731628,19.78000069
2023-10-04,410.55996704,87453000,354.08807373,76.81036377,61.64180374,18.57999992
2023-10-05,410.40524292,70142700,353.04473877,76.42743683,61.70131302,18.48999977
2023-10-06,415.27792358,113273300,358.96023560,75.50141144,61.78631210,17.45000076
2023-10-09,417.93658447,80374400,360.79092407,77.27339172,62.24530411,17.70000076
2023-10-10,420.11187744,78607300,362.78900146,77.16655731,62.22828674,17.03000069
2023-10-11,421.83282471,62451700,365.37759399,78.77826691,62.21980286,16.09000015
2023-10-12,419.26110840,81154200,364.10787964,76.64118958,61.88829803,16.69000053
2023-10-13,417.17288208,95143100,359.53109741,78.01248169,61.83730316,19.31999969
2023-10-16,421.56210327,75433200,363.59606934,76.75695038,61.82028580,17.20999908
2023-10-17,421.54272461,75324700,362.40515137,75.91102600,61.53128815,17.87999916
2023-10-18,415.92562866,93559800,357.65112305,75.24317169,61.23380280,19.21999931
2023-10-19,412.27114868,121323000,354.30465698,73.70268250,61.01280212,21.39999962
2023-10-20,407.20516968,123919900,349.01916504,74.12120819,61.14030457,21.70999908
2023-10-23,406.49932861,92035100,350.07235718,75.01165771,61.38681412,20.37000084
2023-10-24,409.56408691,78564200,353.47787476,76.00004578,61.70131302,18.96999931
2023-10-25,403.68597412,94223200,344.82620239,74.30821228,61.36981201,20.19000053
2023-10-26,398.85198975,115156800,338.25131226,75.44798279,61.58232117,20.68000031
2023-10-27,397.04412842,107367700,339.87536621,75.12742615,61.50582504,21.27000046
2023-10-30,401.79104614,86562700,343.70416260,74.78903198,61.52281189,19.75000000
2023-10-31,404.31445312,79665200,345.34786987,74.42395020,61.68429947,18.13999939
2023-11-01,408.62631226,98068100,351.34197998,76.03762054,62.27225494,16.87000084
2023-11-02,416.45745850,94938900,357.72006226,77.77101898,62.97298050,15.65999985
2023-11-03,420.25692749,100167800,361.92279053,78.29822540,63.58828354,14.90999985
2023-11-06,421.22372437,67831700,363.39923096,77.53874207,63.33191681,14.89000034
2023-11-07,422.42254639,64256100,366.83428955,78.68241119,63.34046173,14.81000042
2023-11-08,422.73187256,61746000,367.07052612,80.02268982,63.37462997,14.44999981
2023-11-09,419.43511963,83174400,364.24572754,78.18206024,62.98153305,15.28999996
2023-11-10,425.98025513,89462200,372.43475342,78.61986542,63.28919601,14.17000008
2023-11-13,425.57431030,52236100,371.27328491,78.44117737,63.22933960,14.76000023
2023-11-14,433.83081055,97176900,379.26553345,80.21924591,63.87029648,14.15999985
2023-11-15,434.74920654,77327600,379.55096436,79.09344482,63.66517639,14.18000031
2023-11-16,435.28094482,66665800,379.87582397,80.07630157,63.75064087,14.31999969
2023-11-17,435.82232666,83133200,379.96438599,80.45153809,63.89593124,13.80000019
2023-11-20,439.17715454,69936200,384.59033203,80.94298553,63.96427536,13.40999985
2023-11-21,438.22000122,49244600,382.35610962,80.90726471,64.04972839,13.35000038
2023-11-22,439.91189575,59394900,383.92108154,81.19316864,64.16083527,12.85000038
2023-11-24,440.18252563,29737400,383.37976074,80.23714447,64.09246063,12.46000004
2023-11-27,439.38980103,50506000,383.04510498,81.57740021,64.18644714,12.68999958
2023-11-28,439.82492065,62115000,384.04907227,81.73818970,64.46847534,12.68999958
2023-11-29,439.51550293,63146000,383.67495728,82.76576233,64.81886292,12.97999954
2023-11-30,441.24606323,79752700,382.71041870,81.80970001,64.69923401,12.92000008
2023-12-01,443.85638428,89183400,383.80300903,83.35050964,65.23489380,12.63000011
2023-12-04,441.52648926,72430900,380.23992920,83.01885223,65.07178497,13.07999992
2023-12-05,441.43939209,69793500,381.19467163,84.80258179,65.13188171,12.85000038
2023-12-06,439.66055298,69124700,378.98989868,85.93197632,65.14046478,12.97000027
2023-12-07,443.01535034,66995400,384.28518677,85.43898773,65.25206757,13.06000042
2023-12-08,444.91992188,83194400,385.99786377,84.73982239,65.12330627,12.35000038
2023-12-11,446.65048218,65002200,389.29513550,84.56056213,65.08036041,12.63000011
2023-12-12,448.69042969,68327600,392.39556885,84.81154633,65.22631836,12.06999969
2023-12-13,454.87789917,93278000,397.38580322,86.80140686,66.22212982,12.18999958
2023-12-14,456.33776855,119026000,397.04125977,89.05937195,66.51460266,12.47999954
2023-12-15,455.58639526,141553700,398.96057129,89.15825653,66.36792755,12.27999973
2023-12-18,458.14916992,70375300,401.47354126,88.44790649,66.41106415,12.56000042
2023-12-19,460.93505859,55761800,403.52490234,88.92449188,66.60086060,12.52999973
2023-12-20,454.54779053,102921000,397.52853394,89.52694702,66.60946655,13.67000008
2023-12-21,458.85778809,86667500,402.15402222,88.96044922,66.91142273,13.64999962
2023-12-22,459.77996826,67160400,402.75561523,88.55581665,66.83377838,13.02999973
2023-12-26,461.72131348,55387000,405.22113037,88.80759430,66.96321106,12.98999977
2023-12-27,462.55618286,68000300,406.04614258,90.38123322,67.23926544,12.43000031
2023-12-28,462.73092651,77158100,405.84872437,89.72479248,67.02357483,12.47000027
2023-12-29,461.39129639,122283100,404.09231567,88.91550446,66.76477051,12.44999981
2024-01-02,458.80914307,123623700,397.25415039,88.40293884,66.54048920,13.19999981
2024-01-03,455.06225586,103585900,393.05056763,88.77160645,66.35929108,14.03999996
2024-01-04,453.59646606,84232200,391.02783203,87.42278290,66.10048676,14.13000011
2024-01-05,454.21774292,86118900,391.49157715,86.58648682,66.15225983,13.35000038
2024-01-08,460.70211792,74879100,399.58297729,87.44075775,66.52323914,13.07999992
2024-01-09,460.00317383,65931400,400.37231445,86.88325500,66.62675476,12.76000023
2024-01-10,462.60467529,67310600,403.08584595,86.47859192,66.74750519,12.68999958
2024-01-11,462.40087891,77940700,403.92459106,86.96417236,66.96321106,12.43999958
2024-01-12,462.72122192,58026400,404.13186646,86.79333496,67.03220367,12.69999981
2024-01-16,461.02243042,85014900,404.09231567,85.26463318,66.60946655,13.84000015
2024-01-17,458.45977783,68843900,401.81298828,85.12976837,66.32477570,14.78999996
2024-01-18,462.53674316,91856200,407.51635742,84.33843231,66.46284485,14.13000011
2024-01-19,468.30282593,110834500,415.59780884,84.60819244,66.57496643,13.30000019
2024-01-22,469.29296875,75844900,416.14053345,85.11176300,66.62675476,13.18999958
2024-01-23,470.66162109,49945300,417.86730957,84.43732452,66.54910278,12.55000019
2024-01-24,471.17617798,81765000,420.18618774,83.94276428,66.51460266,13.14000034
2024-01-25,473.73883057,72525000,420.69927979,84.49127197,67.02357483,13.44999981
2024-01-26,473.13699341,76641600,418.19296265,84.32945251,66.97181702,13.26000023
2024-01-29,476.88394165,61322800,422.47540283,85.30059052,67.11849213,13.60000038
2024-01-30,476.51507568,58618400,419.66311646,86.07393646,67.03220367,13.31000042
2024-01-31,468.73965454,126011100,411.44360352,86.91921997,66.84243011,14.35000038
2024-02-01,474.87463379,91891600,416.28854370,88.62420654,67.22738647,13.88000011
2024-02-02,479.87377930,99228200,423.32400513,86.66661072,66.92391205,13.85000038
2024-02-05,478.12646484,75757100,422.77151489,84.91649628,66.61180878,13.67000008
2024-02-06,479.51464844,55918600,421.92285156,85.74645233,66.85456848,13.06000042
2024-02-07,483.51400757,70556500,426.26455688,85.33150482,66.96727753,12.82999992
2024-02-08,483.72756958,52343600,427.05392456,84.83531189,66.93259430,12.78999996
2024-02-09,486.52316284,63979400,431.25744629,84.66389465,67.07131958,12.93000031
2024-02-12,486.30966187,56502300,429.57012939,84.76312256,66.92391205,13.93000031
2024-02-13,479.61166382,113099200,422.87008667,83.31072998,66.38637543,15.85000038
2024-02-14,483.97024536,68387800,427.47827148,83.73473358,66.64648438,14.38000011
2024-02-15,487.30944824,61683000,428.75109863,84.16774750,66.88058472,14.01000023
2024-02-16,484.88265991,75532900,424.86331177,83.68058777,66.68115234,14.23999977
2024-02-20,482.21322632,71736700,421.65643311,83.75279236,66.81988525,15.42000008
2024-02-21,482.65005493,59293400,419.96908569,83.15737915,66.69849396,15.34000015
2024-02-22,492.63873291,76402500,432.26397705,83.56333923,67.01929474,14.53999996
2024-02-23,492.97842407,61321800,430.99105835,84.68196106,67.06262207,13.75000000
2024-02-26,491.17291260,50386700,430.76409912,84.42932892,66.84590912,13.73999977
2024-02-27,492.08538818,48854500,431.80020142,83.83396149,66.93259430,13.43000031
2024-02-28,491.43499756,56506600,429.50103760,84.36620331,66.92391205,13.84000015
2024-02-29,493.20166016,83924800,433.18157959,84.96160889,67.04530334,13.39999962
2024-03-01,497.83200073,76844800,439.70404053,85.49102020,67.29640961,13.10999966
2024-03-04,497.29809570,49799300,438.13507080,85.14713287,67.27898407,13.48999977
2024-03-05,492.32806396,72855600,430.27072144,86.35977173,67.22667694,14.46000004
2024-03-06,494.82275391,68382400,432.97442627,86.86653900,67.39232635,14.50000000
2024-03-07,499.73458862,58652100,439.54611206,86.78510284,67.47078705,14.43999958
2024-03-08,496.73513794,86532500,433.20138550,86.63124847,67.48825836,14.73999977
2024-03-11,496.30798340,62557200,431.59295654,86.58599854,67.47953796,15.22000027
2024-03-12,501.64700317,73114400,437.77990723,85.86203003,67.54057312,13.84000015
2024-03-13,500.86059570,55104100,434.41506958,85.44574738,67.56670380,13.75000000
2024-03-14,499.87054443,110171800,433.31973267,84.13358307,67.24411774,14.39999962
2024-03-15,496.43817139,107646300,428.16897583,84.10643005,67.20051575,14.40999985
2024-03-18,499.38851929,88893300,432.25259399,83.85304260,67.35746002,14.32999992
2024-03-19,502.16366577,60755300,433.32952881,84.08831024,67.62776184,13.81999969
2024-03-20,506.80831909,69594600,438.46737671,84.06117249,67.85446167,13.03999996
2024-03-21,508.48318481,60256100,440.54232788,84.24215698,67.81958008,12.92000008
2024-03-22,507.51922607,79070800,441.04623413,85.04759979,67.74981689,13.06000042
2024-03-25,506.11703491,48512100,439.44561768,84.62226105,67.64517975,13.18999958
2024-03-26,505.18222046,65463700,438.02276611,84.85752869,67.56670380,13.23999977
2024-03-27,509.42773438,82999800,439.51477051,85.69916534,67.92420959,12.77999973
2024-03-28,509.33032227,96294900,438.70452881,85.62676239,67.77597809,13.01000023
2024-04-01,508.44418335,62477500,439.63336182,84.03057861,67.49991608,13.64999962
2024-04-02,505.21151733,74230300,435.83920288,83.56752777,67.38600159,14.60999966
2024-04-03,505.76638794,59155800,436.81741333,83.54934692,67.43857574,14.32999992
2024-04-04,499.59304810,96858100,430.13812256,84.14861298,67.38600159,16.35000038
2024-04-05,504.81219482,74546500,435.20687866,82.97736359,67.32463074,16.03000069
2024-04-08,505.09460449,48401800,435.33529663,82.96826935,67.48239136,15.18999958
2024-04-09,505.67889404,68049200,436.94580078,83.74004364,67.62261963,14.97999954
2024-04-10,500.61541748,82652800,433.13198853,81.91507721,67.02667999,15.80000019
2024-04-11,504.39355469,70099000,440.04833984,81.54282379,66.96530151,14.90999985
2024-04-12,497.43133545,92561100,433.03311157,81.97863007,66.93025208,17.30999947
2024-04-15,491.19946289,92101400,425.90930176,80.70748138,66.54465485,19.22999954
2024-04-16,490.30361938,73484000,425.94882202,80.17179871,66.32556915,18.39999962
2024-04-17,487.40188599,75910300,420.75167847,81.06158447,66.41318512,18.20999908
2024-04-18,486.39892578,74548100,418.35076904,80.65302277,66.46577454,18.00000000
2024-04-19,482.15347290,102212600,409.69537354,80.94353485,66.58847046,18.70999908
2024-04-22,486.59371948,67961000,413.81555176,80.80735779,66.95656586,16.94000053
2024-04-23,492.36791992,64633600,419.99087524,80.83459473,67.22824097,15.68999958
2024-04-24,492.13421631,55928100,421.41366577,80.26261902,67.07926178,15.97000027
2024-04-25,490.26464844,69122400,419.37826538,79.69966888,66.93902588,15.36999989
2024-04-26,494.90939331,64306100,425.84997559,80.11732483,67.14936066,15.02999973
2024-04-29,496.66207886,46415400,427.57904053,80.78920746,67.35094452,14.67000008
2024-04-30,488.79431152,77483600,419.51660156,80.09917450,66.86014557,15.64999962
2024-05-01,487.20718384,80242800,416.48327637,80.68957520,67.21256256,15.39000034
2024-05-02,491.76428223,62550200,421.79895020,81.03581238,67.62664032,14.68000031
2024-05-03,497.85977173,72756700,430.27651978,81.85581207,67.90855408,13.48999977
2024-05-06,503.00109863,47264700,434.98947144,82.17471313,67.98783875,13.48999977
2024-05-07,503.55618286,52561300,435.05865479,82.67582703,67.99664307,13.22999954
2024-05-08,503.60479736,42047200,434.80181885,82.17471313,67.83807373,13.00000000
2024-05-09,506.50646973,43643700,435.75024414,82.57562256,67.85569763,12.68999958
2024-05-10,507.15893555,52233200,436.77789307,82.11096191,67.74995422,12.55000019
2024-05-13,507.22708130,36716400,437.78564453,82.32048798,67.73236084,13.60000038
2024-05-14,509.55422974,57535900,440.60165405,82.78518677,67.83807373,13.42000008
2024-05-15,515.86407471,59504900,447.48828125,83.91497803,68.23455048,12.44999981
2024-05-16,514.80273438,50244800,446.57934570,83.83298492,68.07595062,12.42000008
2024-05-17,515.54278564,59187600,446.36196899,83.26808929,68.08476257,11.98999977
2024-05-20,516.13677979,37764200,449.47433472,83.02206421,68.11997986,12.14999962
2024-05-21,517.40258789,33437000,450.35363770,83.45028687,68.06715393,11.85999966
2024-05-22,515.91278076,48390000,450.26477051,83.55050659,67.91736603,12.28999996
2024-05-23,512.14447021,57211200,448.23925781,83.01294708,67.67948151,12.77000046
2024-05-24,515.53295898,41291100,452.47802734,83.25895691,67.91736603,11.93000031
2024-05-28,515.89331055,36269600,454.18728638,82.06538391,67.64427185,12.92000008
2024-05-29,512.28082275,45190300,450.98605347,81.07224274,67.44164276,14.27999973
2024-05-30,508.88235474,46377600,446.15444946,81.85581207,67.71474457,14.47000027
2024-05-31,513.51745605,90785800,445.32446289,82.41160583,67.95262146,12.92000008
2024-06-03,513.93603516,46835700,447.71560669,83.74458313,68.16327667,13.10999966
2024-06-04,514.51068115,34632700,448.94079590,84.72278595,68.12786102,13.15999985
2024-06-05,520.62561035,47610400,457.99130249,85.34450531,68.34912872,12.63000011
2024-06-06,520.61590576,30808500,457.83322144,85.21651459,68.23408508,12.57999992
2024-06-07,519.98303223,43224500,457.42813110,83.65315247,68.05706024,12.22000027
2024-06-10,521.58959961,35686100,459.27575684,83.09547424,68.11901855,12.73999977
2024-06-11,522.84570312,36383400,462.42767334,83.95487976,68.20752716,12.85000038
2024-06-12,527.13989258,63251300,468.48443604,84.58567810,68.48191833,12.03999996
2024-06-13,528.20129395,44760900,471.02371216,85.82904053,68.47307587,11.93999958
2024-06-14,528.52258301,40089900,473.46414185,86.55129242,68.20752716,12.65999985
2024-06-17,532.72906494,55839500,479.26400757,85.69190216,68.25180817,12.75000000
2024-06-18,534.08264160,41376400,479.41223145,86.47814941,68.46421051,12.30000019
2024-06-20,532.63177490,70328200,475.71694946,85.90216827,68.41996765,13.27999973
2024-06-21,531.91772461,64338600,474.44235229,85.90216827,68.49961853,13.19999981
2024-06-24,530.18859863,45528700,469.04107666,86.24959564,68.42879486,13.32999992
2024-06-25,532.23028564,37936200,474.40475464,86.39588928,68.51731110,12.84000015
2024-06-26,532.89459229,38550600,475.38452148,85.16165161,68.36685181,12.55000019
2024-06-27,533.73474121,35041500,476.61160278,85.49991608,68.44651031,12.23999977
2024-06-28,531.63439941,76144500,474.13754272,83.90915680,68.27834320,12.43999958
2024-07-01,532.72845459,40297800,476.91842651,82.46093750,68.26499176,12.22000027
2024-07-02,536.31365967,40434800,481.92593384,83.10295105,68.45185089,12.02999973
2024-07-03,538.70703125,32789900,485.94372559,84.19435883,68.69210052,12.09000015
2024-07-05,541.81341553,41488400,491.01058960,84.89140320,68.89675140,12.47999954
2024-07-08,542.43872070,36110500,492.17837524,85.07482910,68.87893677,12.36999989
2024-07-09,542.96618652,27289700,492.60388184,84.69878387,68.79885101,12.51000023
2024-07-10,548.33892822,38701200,497.74005127,84.96476746,68.95902252,12.85000038
2024-07-11,543.61077881,53054200,486.82452393,85.79022217,69.20816040,12.92000008
2024-07-12,547.03967285,53084400,489.68450928,86.15706635,69.38614655,12.46000004
2024-07-15,548.54406738,40584300,491.00073242,85.16654205,69.39502716,13.11999989
2024-07-16,551.79699707,36475300,491.18872070,86.36802673,69.66197205,13.18999958
2024-07-17,544.06024170,57119000,476.76995850,86.38636017,69.58187103,14.47999954
2024-07-18,539.87927246,56270400,474.51364136,85.72603607,69.43952942,15.93000031
2024-07-19,536.29412842,65509100,470.30773926,85.22159576,69.38614655,16.52000046
2024-07-22,541.82330322,43346700,477.31423950,84.97397614,69.64414978,14.90999985
2024-07-23,540.97332764,34439600,475.63186646,84.85469818,69.65306854,14.72000027
2024-07-24,528.71362305,74515300,458.57080078,83.93756104,69.43061829,18.04000092
2024-07-25,525.95880127,61158300,453.51379395,84.62543488,69.43952942,18.45999908
2024-07-26,531.84936523,53763800,458.16506958,85.28577423,69.66197205,16.38999939
2024-07-29,532.16192627,39515800,459.08541870,85.74434662,69.59968567,16.60000038
2024-07-30,529.46569824,46853600,452.78155518,86.07453156,69.63527679,17.69000053
2024-07-31,538.07202148,65663400,466.18099976,86.95499420,69.88443756,16.36000061
2024-08-01,530.45239258,76428700,454.88940430,87.70496368,69.73146820,18.59000015
2024-08-02,520.57617188,82789100,444.09268188,90.43798065,69.49890137,23.38999939
2024-08-05,505.41506958,146267400,430.85153198,90.91650391,69.06957245,38.56999969
2024-08-06,510.07479858,84826300,434.96832275,88.88282776,69.32894897,27.70999908
2024-08-07,506.66537476,70698300,430.25775146,88.25706482,69.46311951,27.85000038
2024-08-08,518.37829590,63276600,443.41970825,87.71417999,69.74935913,23.79000092
2024-08-09,520.66412354,45619600,445.73541260,88.57914734,69.74041748,20.37000084
2024-08-12,520.93768311,42542100,446.69534302,88.90123749,69.78511047,20.70999908
2024-08-13,529.50482178,52333100,457.77911377,89.51777649,70.10712433,18.12000084
2024-08-14,531.17529297,42446900,457.92761230,90.07910156,70.23235321,16.19000053
2024-08-15,540.27978516,60846800,469.49624634,89.35211182,70.29495239,15.22999954
2024-08-16,541.49108887,44430700,470.09988403,89.66500092,70.51857758,14.80000019
2024-08-19,546.66845703,39121800,476.27514648,90.07910156,70.63485718,14.64999962
2024-08-20,545.77954102,33732300,475.27563477,90.79685974,70.57225800,15.88000011
2024-08-21,547.65509033,41514600,477.49237061,90.85207367,70.73326111,16.27000046
2024-08-22,543.35693359,56121500,469.92175293,89.95026398,70.64382172,17.54999924
2024-08-23,549.13018799,50639400,475.01834106,90.53920746,71.01947021,15.85999966
2024-08-26,547.82116699,35788600,470.40667725,90.30915070,70.87638092,16.14999962
2024-08-27,548.57342529,32693900,471.81192017,90.15273285,70.92108154,15.43000031
2024-08-28,545.38879395,41066000,466.45809937,90.04227448,70.88531494,17.11000061
2024-08-29,545.43756104,38715200,465.77523804,89.74782562,70.95688629,15.64999962
2024-08-30,550.64434814,62700100,471.32702637,88.79080200,70.96582794,15.00000000
2024-09-03,539.31274414,60600100,457.01708984,90.24300385,70.71415710,20.71999931
2024-09-04,538.20880127,47224900,455.82952881,91.40624237,70.97479248,21.31999969
2024-09-05,536.89978027,44264300,456.25512695,91.92321777,71.21746826,19.89999962
2024-09-06,527.86370850,68493800,444.03329468,91.91398621,71.12759399,22.37999916
2024-09-09,533.77374268,40445800,449.74337769,92.31098938,71.29836273,19.45000076
2024-09-10,536.09869385,36394600,453.89978027,92.95722961,71.16352844,19.07999992
2024-09-11,541.59851074,75248600,463.75640869,92.88335419,71.27139282,17.69000053
2024-09-12,546.16052246,51819600,468.30871582,92.44945526,71.37024689,17.06999969
2024-09-13,549.01306152,39310500,470.40667725,92.69872284,71.56797791,16.55999947
2024-09-16,549.82373047,36656100,468.32846069,93.54806519,71.74771881,17.13999939
2024-09-17,550.04852295,49321000,468.57586670,93.09569550,71.76570892,17.61000061
2024-09-18,548.41717529,59044900,466.54714966,91.94169617,71.82861328,18.22999954
2024-09-19,557.77551270,75315500,478.34344482,91.63703918,72.04432678,16.32999992
2024-09-20,556.81140137,77503100,477.43295288,91.28622437,72.13420868,16.14999962
2024-09-23,558.20275879,44116900,478.69851685,91.09233856,71.99939728,15.89000034
2024-09-24,559.79986572,46805700,481.00756836,91.07389832,72.00839996,15.39000034
2024-09-25,558.56524658,38428600,481.45349121,90.31685638,71.92747498,15.40999985
2024-09-26,560.77984619,48336000,485.07073975,90.52921295,72.04432678,15.36999989
2024-09-27,559.96649170,42100900,482.37518311,91.00003052,72.22409058,16.95999908
2024-09-30,562.21044922,63557400,483.68334961,90.56613159,72.17015076,16.72999954
2024-10-01,557.17388916,72668800,476.94442749,91.22000122,72.13402557,19.26000023
2024-10-02,557.40905762,38097800,477.61834717,90.45129395,72.14303589,18.89999962
2024-10-03,556.39007568,40846500,477.26153564,89.59919739,71.97145844,20.48999977
2024-10-04,561.44616699,42939100,482.94009399,88.49704742,71.89015961,19.20999908
2024-10-07,556.37030029,49964700,477.76693726,87.83017731,71.58309937,22.63999939
2024-10-08,561.63232422,37398700,484.90222168,87.97836304,71.75470734,21.42000008
2024-10-09,565.52239990,37912200,488.71768188,87.47822571,71.70952606,20.86000061
2024-10-10,564.53271484,44138100,488.16268921,87.13555145,71.67342377,20.93000031
2024-10-11,567.91326904,42268000,488.92575073,86.78356171,71.86306763,20.45999908
2024-10-14,572.55786133,36217200,493.02853394,86.84841156,71.89919281,19.70000076
2024-10-15,568.10931396,54203600,486.43832397,87.90428925,71.88113403,20.63999939
2024-10-16,570.57843018,30725400,486.49780273,88.27473450,72.00757599,19.57999992
2024-10-17,570.62750244,34393700,486.83471680,86.87618256,71.89919281,19.11000061
2024-10-18,572.82244873,37416800,490.02578735,86.94102478,72.07080078,18.03000069
2024-10-21,571.88177490,36439000,490.96725464,85.42208862,71.78179169,18.37000084
2024-10-22,571.57800293,34183800,491.50238037,85.50544739,71.68244934,18.20000076
2024-10-23,566.35528564,49314600,483.97070312,85.27391052,71.46569061,19.23999977
2024-10-24,567.58007812,34979900,487.89514160,85.82035828,71.67342377,19.07999992
2024-10-25,567.38409424,47268200,490.86810303,85.33871460,71.60117340,20.32999992
2024-10-28,569.13812256,30174700,490.94738770,85.10720062,71.78179169,19.79999924
2024-10-29,570.05920410,42899700,495.66467285,85.23686218,71.79987335,19.34000015
2024-10-30,568.33471680,41435800,491.91867065,85.48693848,71.67342377,20.35000038
2024-10-31,557.19354248,60182500,479.50125122,85.62583923,71.47471619,23.15999985
2024-11-01,559.54516602,45667500,483.04907227,84.41869354,71.47926331,21.87999916
2024-11-04,558.33978271,38217000,481.64181519,85.72900391,71.67894745,21.97999954
2024-11-05,565.09130859,39478300,487.78607178,86.18437195,71.87863159,20.48999977
2024-11-06,579.14257812,68182000,501.03594971,83.82390594,72.00572968,16.27000046
2024-11-07,583.62054443,47233200,508.92440796,84.87403107,72.31432343,15.19999981
2024-11-08,586.14874268,46444900,509.51901245,85.95203400,72.43231964,14.93999958
2024-11-11,586.70721436,37586800,509.22171021,85.53385162,72.35063171,14.97000027
2024-11-12,584.88470459,43006100,508.30004883,84.25141907,72.06018066,14.71000004
2024-11-13,585.16882324,47388600,507.64599609,83.45220184,72.07832336,14.02000046
2024-11-14,581.40612793,38904100,504.11798096,83.93544006,71.92403412,14.31000042
2024-11-15,573.95910645,75988800,492.10699463,83.71240997,71.91497040,16.13999939
2024-11-18,576.31079102,37001700,495.52590942,83.86109161,72.05109406,15.57999992
2024-11-19,578.41741943,49412000,498.93499756,84.28857422,72.16003418,16.35000038
2024-11-20,578.61346436,50032600,498.64761353,84.01908875,72.14186096,17.15999985
2024-11-21,581.71960449,46750300,500.44137573,83.95401764,72.16910553,16.87000084
2024-11-22,583.52264404,38226400,501.24404907,84.00047302,72.15093231,15.23999977
2024-11-25,585.50195312,42441400,502.03683472,86.17506409,72.42324829,14.60000038
2024-11-26,588.55914307,45621300,504.73236084,85.84053040,72.28709412,14.10000038
2024-11-27,586.77581787,34000200,500.75839233,86.43530273,72.50492096,14.10000038
2024-11-29,590.42089844,30177400,505.15853882,87.32740784,72.65016937,13.51000023
2024-12-02,591.47924805,31746000,510.65863037,87.53722382,72.62372589,13.34000015
2024-12-03,591.75347900,26906600,512.22448730,86.78188324,72.62372589,13.30000019
2024-12-04,595.42797852,42787600,518.55712891,87.71443939,72.79695892,13.44999981
2024-12-05,594.44812012,28762200,517.12005615,87.89161682,72.73313904,13.53999996
2024-12-06,595.57507324,31241500,521.74810791,88.02217865,72.85167694,12.77000046
2024-12-09,592.50799561,34742700,517.68493652,87.21085358,72.76050568,14.18999958
2024-12-10,590.66583252,37234500,515.92089844,86.80052948,72.79695892,14.18000031
2024-12-11,595.23199463,28677700,525.15716553,85.97990417,72.81520081,13.57999992
2024-12-12,592.16503906,31543800,521.76788330,84.93546295,72.61459351,13.92000008
2024-12-13,592.04754639,35904700,525.76171875,84.06821442,72.40489197,13.81000042
2024-12-16,594.57556152,43695200,533.33300781,84.31997681,72.54166412,14.68999958
2024-12-17,592.12579346,55773500,530.98431396,84.52515411,72.38664246,15.86999989
2024-12-18,574.47845459,108248700,511.82806396,83.46823120,71.64334869,27.62000084
2024-12-19,574.30194092,85919500,509.54870605,82.20439148,71.57003784,24.09000015
2024-12-20,581.19995117,125716700,513.99835205,82.67247772,72.01913452,18.36000061
2024-12-23,584.68035889,57635800,519.00610352,81.91419983,71.82667542,16.78000069
2024-12-24,591.17901611,33160100,526.04376221,82.26056671,72.05580139,14.27000046
2024-12-26,591.21844482,41219100,525.68634033,82.21376038,72.23911285,14.72999954
2024-12-27,584.99499512,64969300,518.69836426,81.53974152,71.99165344,15.94999981
2024-12-30,578.31921387,56578800,511.79977417,82.19504547,72.09246063,17.39999962
2024-12-31,576.21520996,57052700,507.45208740,81.75504303,72.08329773,17.35000038
2025-01-02,574.79949951,50204000,506.45950317,81.97971344,72.25742340,17.93000031
2025-01-03,581.98645020,37888500,514.74768066,81.71759796,72.36740875,16.12999916
2025-01-06,585.33905029,47679400,520.66375732,81.35250092,72.49571991,16.04000092
2025-01-07,578.72229004,60393100,511.37292480,80.43506622,72.25742340,17.81999969
2025-01-08,579.56787109,47304700,511.46234131,80.53804016,72.34909058,17.70000076
2025-01-10,570.71929932,73105000,503.44198608,80.00441742,71.97330475,19.54000092
2025-01-13,571.60430908,47910100,501.82400513,79.97634125,71.95496368,19.19000053
2025-01-14,572.39074707,48420600,501.34753418,79.84528351,72.04663849,18.70999908
2025-01-15,582.80249023,56900200,512.88171387,81.22142029,72.67903137,16.12000084
2025-01-16,581.68170166,43319700,509.28845215,81.48355865,72.76151276,16.60000038
2025-01-17,587.52178955,58070600,517.88439941,81.62399292,72.82566833,15.97000027
2025-01-21,592.89959717,42532900,520.92175293,82.35417938,73.01813507,15.06000042
2025-01-22,596.23266602,48196000,527.58221436,81.92355347,72.91730499,15.10000038
2025-01-23,599.48681641,41152100,528.70397949,81.28695679,73.00897980,15.02000046
2025-01-24,597.73675537,34604700,525.71618652,81.65206909,73.09146118,14.85000038
2025-01-27,589.28155518,70361100,510.41003418,82.61631012,73.14643097,17.89999962
2025-01-28,594.34497070,44433300,517.95391846,82.56013489,73.11893463,16.40999985
2025-01-29,591.68060303,37177400,516.98120117,82.39163208,73.07311249,16.55999947
2025-01-30,594.85614014,39281300,519.18481445,82.70056152,73.21059418,15.84000015
2025-01-31,591.69030762,66566900,518.43035889,82.15759277,73.06395721,16.43000031
2025-02-03,587.70855713,65857200,514.28125000,82.82652283,72.97188568,18.62000084
2025-02-04,591.65106201,33457800,520.59423828,83.08019257,73.20204163,17.20999908
2025-02-05,594.04980469,30653100,522.95666504,84.45185852,73.39540100,15.77000046
2025-02-06,596.11462402,35771500,525.68634033,84.41428375,73.28491974,15.50000000
2025-02-07,590.65808105,50788500,519.05572510,83.86935425,73.05474854,16.54000092
2025-02-10,594.66931152,26048700,525.33892822,83.61569977,73.20204163,15.81000042
2025-02-11,595.12164307,30056700,524.08831787,83.08019257,73.17444611,16.02000046
2025-02-12,593.20440674,45076100,524.39593506,81.95278168,73.01793671,15.89000034
2025-02-13,599.46716309,40921300,531.93981934,83.31505585,73.34936523,15.10000038
2025-02-14,599.43774414,26910400,534.17327881,83.75662231,73.43222809,14.77000046
2025-02-18,601.19757080,26749000,535.38415527,82.77014923,73.36778259,15.35000038
2025-02-19,602.61334229,31011100,535.53308105,82.87348175,73.42301941,15.27000046
2025-02-20,600.10632324,36554000,533.26000977,83.18355560,73.46905518,15.65999985
2025-02-21,589.84204102,76519800,522.19232178,84.18881226,73.33095551,18.20999908
2025-02-24,587.15795898,50737200,516.02825928,84.43306732,73.42301941,18.97999954
2025-02-25,584.23791504,58266500,509.52664185,85.88929749,73.60713959,19.43000031
2025-02-26,584.53283691,43321600,510.75747681,86.39661407,73.70841980,19.10000038
2025-02-27,575.20251465,74196700,496.57312012,85.78594208,73.57034302,21.12999916
2025-02-28,584.17889404,88744100,504.41473389,86.83819580,73.77286530,19.62999916
2025-03-03,573.94415283,74249200,493.37686157,87.24344635,73.61932373,22.78000069
2025-03-04,567.15045166,109648200,491.88796997,86.16904449,73.61007690,23.51000023
2025-03-05,573.24615479,71230500,498.30026245,85.48106384,73.64706421,21.93000031
2025-03-06,563.07031250,80094900,484.59228516,85.19831848,73.36956787,24.87000084
2025-03-07,566.22619629,81158800,488.15579224,84.92501068,73.48980713,23.37000084
2025-03-10,551.14453125,99326600,469.23663330,85.81092834,73.21232605,27.86000061
2025-03-11,546.56286621,88102100,468.11495972,85.19831848,72.95333862,26.92000008
2025-03-12,549.46331787,69588200,473.39569092,84.68937683,73.03657532,24.22999954
2025-03-13,542.13854980,74079400,464.87905884,85.43393707,72.62958527,24.65999985
2025-03-14,553.33697510,62660300,476.11544800,84.98154449,72.96258545,21.77000046
2025-03-17,557.60394287,49008700,479.20239258,85.40566254,73.13830566,20.51000023
2025-03-18,551.57708740,66041400,471.03323364,85.49047852,73.00883484,21.70000076
2025-03-19,557.58428955,66556000,477.33636475,85.93343353,73.48980713,19.89999962
2025-03-20,555.97180176,62958200,475.71835327,85.98998260,73.38807678,19.79999924
2025-03-21,556.15527344,83763000,477.28665161,85.48106384,73.27708435,19.28000069
2025-03-24,566.11517334,58766800,487.76043701,84.60456848,73.48980713,17.47999954
2025-03-25,567.47601318,38355700,490.54388428,84.59516144,73.45283508,17.14999962
2025-03-26,560.70129395,51848300,481.51757812,84.03909302,73.15682983,18.32999992
2025-03-27,559.21228027,42164200,478.77383423,83.79406738,73.01808929,18.69000053
2025-03-28,547.95074463,71662700,466.16876221,84.95326996,72.88858795,21.64999962
2025-03-31,551.62896729,95328200,466.14886475,85.79206848,72.97182465,22.28000069
2025-04-01,553.18707275,54609600,469.90655518,86.53549957,73.14100647,21.77000046
2025-04-02,556.68786621,76014500,473.33618164,86.47875214,73.28971100,21.51000023
2025-04-03,529.25378418,125986000,447.99676514,86.87599945,72.37881470,30.02000046
2025-04-04,498.26968384,217965100,420.17224121,87.82185364,71.34709930,45.31000137
2025-04-07,497.38217163,256611400,421.18618774,85.17350006,70.73364258,46.97999954
2025-04-08,489.59182739,165816600,413.60125732,83.56555176,70.40830994,52.33000183
2025-04-09,541.00842285,241867300,463.24615479,84.05738831,72.29517365,33.61999893
2025-04-10,517.30194092,162331200,443.54324341,81.74005890,71.11473083,40.72000122
2025-04-11,526.53198242,97866300,451.71469116,82.18461609,71.32849884,37.56000137
2025-04-14,531.64019775,68034000,454.77651978,82.77103424,71.68169403,30.88999939
2025-04-15,530.15112305,56892900,455.28347778,83.06424713,71.87689972,30.12000084
2025-04-16,518.36688232,83484800,441.55508423,83.52771759,71.86760712,32.63999939
2025-04-17,519.10650635,79868100,441.47558594,82.78995514,72.28586578,29.64999962
2025-04-21,506.75033569,69368100,430.55044556,81.34280396,71.85830688,33.81999969
2025-04-22,519.93493652,75948100,441.85333252,81.79682922,72.13716125,30.56999969
2025-04-23,527.99145508,90590700,451.87377930,82.59131622,72.49965668,28.45000076
2025-04-24,539.10516357,64150400,464.58819580,83.46150208,73.15029907,26.46999931
2025-04-25,543.00036621,61119600,469.76739502,84.07628632,73.21535492,24.84000015
2025-04-28,543.20745850,47613800,469.61825562,84.60597992,73.25254059,25.14999962
2025-04-29,546.62921143,47775100,472.71981812,85.31536102,73.44771576,24.17000008
2025-04-30,546.84625244,93101500,472.66015625,84.62490082,73.05735016,24.70000076
2025-05-01,550.72174072,63186100,478.83346558,84.19580078,73.15171051,24.60000038
2025-05-02,558.89672852,60717300,485.94119263,83.28445435,73.37593079,22.68000031
2025-05-05,555.69183350,38659200,483.05834961,82.81927490,73.34790039,23.63999939
2025-05-06,551.04711914,48264700,478.56506348,83.09458923,73.29183197,24.76000023
2025-05-07,553.36456299,55588000,480.44390869,83.44582367,73.35723877,23.54999924
2025-05-08,557.22033691,65130800,485.40444946,82.51548004,73.33854675,22.47999954
2025-05-09,556.51025391,37603400,485.08630371,82.63890076,73.38526917,21.89999962
2025-05-12,574.90155029,78993600,504.84881592,81.86994171,74.11398315,18.38999939
2025-05-13,578.69818115,67947200,512.54309082,81.53768921,74.24476624,18.21999931
2025-05-14,579.43768311,66283500,515.61474609,80.99657440,73.97383881,18.62000084
2025-05-15,582.26794434,71268100,516.18151855,81.70856476,74.11398315,17.82999992
2025-05-16,585.95593262,76052100,518.42816162,81.92691803,74.19805908,17.23999977
2025-05-19,586.59692383,68168500,518.92517090,81.68956757,74.16069031,18.13999939
2025-05-20,584.62475586,60614500,517.19543457,81.10098267,74.12332153,18.09000015
2025-05-21,574.77331543,95197700,510.00814819,79.71498871,73.62817383,20.87000084
2025-05-22,575.00012207,70860400,510.96249390,80.13269043,73.77764893,20.28000069
2025-05-23,571.07531738,76029000,506.23059082,80.26557922,73.75895691,22.29000092
2025-05-27,582.94830322,72588500,518.13977051,81.38579559,74.20740509,18.95999908
2025-05-28,579.57580566,68445500,515.84344482,81.03453827,74.16069031,19.30999947
2025-05-29,581.86358643,69973300,516.85748291,81.78450775,74.27280426,19.18000031
2025-05-30,581.21276855,90601200,516.04223633,81.90792084,74.33819580,18.56999969
2025-06-02,584.48663330,61630500,520.11816406,81.14562988,74.32505035,18.36000061
2025-06-03,587.81976318,63606200,524.18383789,81.00270844,74.46586609,17.69000053
2025-06-04,587.66198730,57314200,525.64520264,82.31764984,74.60666656,17.61000061
2025-06-05,584.82189941,92278700,521.68872070,82.37482452,74.44708252,18.47999954
2025-06-06,590.82745361,66588700,526.78833008,81.32666779,74.43770599,16.77000046
2025-06-09,591.35992432,53016400,527.56384277,81.41242981,74.47524261,17.15999985
2025-06-10,594.71282959,66247000,531.05310059,81.83169556,74.65359497,16.95000076
2025-06-11,593.01666260,73658200,529.26367188,82.07943726,74.63481903,17.26000023
2025-06-12,595.37347412,64129000,530.50622559,83.06088257,74.71930695,18.02000046
2025-06-13,588.71722412,89506000,523.84594727,82.26049042,74.49402618,20.81999969
2025-06-16,594.31829834,79984100,531.13256836,81.43149567,74.64421844,19.11000061
2025-06-17,589.23986816,82209400,525.95336914,82.42247009,74.55973053,21.60000038
2025-06-18,589.15106201,76605000,525.86389160,82.56539154,74.67238617,20.13999939
2025-06-20,587.76739502,94051400,523.71667480,82.41293335,74.90705872,20.62000084
2025-06-23,593.57299805,87426000,529.10174561,82.67972565,75.04785156,19.82999992
2025-06-24,600.13043213,67735300,537.19281006,83.28005219,75.25434875,17.47999954
2025-06-25,600.46661377,62114800,538.56610107,83.38485718,75.23557281,16.76000023
2025-06-26,605.16461182,78548400,543.60186768,83.80410767,75.45147705,16.59000015
2025-06-27,608.17132568,86258400,545.46295166,83.27050781,75.41393280,16.31999969
2025-06-30,611.07904053,92502500,548.99591064,84.08997345,75.70492554,16.72999954
2025-07-01,610.88128662,70030100,544.36822510,84.29846191,75.60965729,16.82999992
2025-07-02,613.65057373,66510400,548.15991211,83.76287842,75.75113678,16.63999939
2025-07-03,618.48699951,51065800,553.55395508,83.17947388,75.79828644,16.37999916
2025-07-07,613.87805176,74814500,549.38409424,82.38564301,75.54364014,17.79000092
2025-07-08,613.54180908,59024600,549.69268799,82.28042603,75.43991089,16.80999947
2025-07-09,617.22100830,66113300,553.58386230,83.14119720,75.64739227,15.93999958
2025-07-10,618.96173096,57529000,552.78771973,83.19860077,75.57194519,15.77999973
2025-07-11,616.78582764,63670200,551.54357910,82.05088806,75.47761536,16.39999962
2025-07-14,617.96276855,51898500,553.54400635,81.87873077,75.53420258,17.20000076
2025-07-15,615.32208252,74317300,554.05151367,81.30488586,75.30786896,17.37999916
2025-07-16,617.37921143,88987500,554.61883545,81.41965485,75.50592041,17.15999985
2025-07-17,621.15740967,68885700,559.10717773,81.40054321,75.58138275,16.52000046
2025-07-18,620.70245361,65621600,558.56982422,81.52486420,75.68511963,16.40999985
2025-07-21,621.87939453,63375000,561.46588135,82.25175476,75.78885651,16.64999962
2025-07-22,621.96832275,60046300,558.55987549,82.74907684,75.92088318,16.50000000
2025-07-23,627.25982666,70511000,561.10754395,82.29000092,75.95862579,15.36999989
2025-07-24,627.46746826,71307100,562.30187988,82.14652252,75.86431122,15.39000034
2025-07-25,630.11810303,56865400,563.65533447,82.66300201,75.91146088,14.93000031
2025-07-28,629.95983887,54917100,565.41680908,82.12739563,75.87373352,15.02999973
2025-07-29,628.29827881,60556300,564.54101562,83.51420593,75.92088318,15.97999954
2025-07-30,627.50708008,80418900,565.29748535,83.08382416,75.76057434,15.47999954
2025-07-31,625.15313721,103385200,562.30187988,83.13163757,75.80772400,16.71999931
2025-08-01,614.90661621,140103600,551.22515869,84.31348419,75.81151581,20.37999916
2025-08-04,624.25305176,73218000,561.39617920,84.54389954,76.06744385,17.52000046
2025-08-05,621.08807373,68051400,557.58453369,84.80311584,76.02951813,17.85000038
2025-08-06,625.84552002,64357500,564.60076904,84.31348419,76.10534668,16.77000046
2025-08-07,625.32128906,74205800,566.51153564,84.16947174,76.02951813,16.56999969
2025-08-08,630.19726562,64051600,571.79608154,83.80464935,76.03900146,15.14999962
2025-08-11,628.95098877,58742300,570.10418701,83.90065765,76.03900146,16.25000000
2025-08-12,635.64685059,64730800,577.26971436,83.47822571,76.20963287,14.72999954
2025-08-13,637.82275391,60092800,577.55834961,84.16947174,76.40866852,14.48999977
2025-08-14,637.88214111,59327500,577.11053467,83.54541779,76.20963287,14.82999992
2025-08-15,636.38867188,68592500,574.57275391,82.95018768,76.26648712,15.09000015
2025-08-18,636.25012207,43804900,574.34381104,82.71016693,76.20963287,14.98999977
2025-08-19,632.79840088,69750700,566.55139160,83.19020081,76.19066620,15.56999969
2025-08-20,631.11706543,88890300,563.18762207,83.37261200,76.16222382,15.68999958
2025-08-21,628.58508301,54805800,560.58013916,82.95978546,76.02005005,16.60000038
2025-08-22,638.23809814,84083200,569.22845459,83.57423401,76.63616943,14.22000027
2025-08-25,635.42919922,51274300,567.58636475,83.33420563,76.48449707,14.78999996
2025-08-26,638.08978271,51581600,569.86541748,83.28621674,76.65512085,14.61999989
2025-08-27,639.54364014,48341100,570.74121094,83.19020081,76.74993134,14.85000038
2025-08-28,641.80859375,61519500,574.31396484,83.73744965,76.78784180,14.43000031
2025-08-29,637.98095703,74522200,567.66601562,83.14220428,76.64563751,15.35999966
2025-09-02,633.25335693,81983500,562.90893555,82.52349854,76.56279755,17.17000008
2025-09-03,636.68530273,70820900,567.33764648,83.42939758,76.77232361,16.35000038
2025-09-04,642.00640869,65219200,572.47283936,84.06544495,76.98184967,15.30000019
2025-09-05,640.14691162,85178900,573.29882812,85.34719086,77.01994324,15.18000031
2025-09-08,641.71960449,63133100,576.09533691,86.48439026,77.01994324,15.10999966
2025-09-09,643.20312500,66133900,577.72760010,85.99290466,76.93422699,15.03999996
2025-09-10,645.06256104,78034500,577.91668701,86.48439026,76.99137115,15.35000038
2025-09-11,650.42309570,69934400,581.28039551,87.06261444,77.18185425,14.71000004
2025-09-12,650.20544434,72780100,583.84802246,86.68675995,77.10564423,14.76000023
2025-09-15,653.66711426,63772400,588.84399414,86.88914490,77.32470703,15.68999958
2025-09-16,652.76715088,61169000,588.34643555,87.07225800,77.26755524,16.36000061
2025-09-17,651.95617676,101952200,587.17205811,86.85058594,77.19137573,15.72000027
2025-09-18,655.00238037,90459200,592.46655273,85.95434570,77.36280060,15.69999981
2025-09-19,658.24652100,97945600,596.47717285,85.79051208,77.39137268,15.44999981
2025-09-22,661.36077881,69452200,600.00836182,85.48212433,77.44851685,16.10000038
2025-09-23,657.76062012,81708900,596.02294922,86.07962799,77.39137268,16.63999939
2025-09-24,655.66784668,68082200,593.93054199,85.75194550,77.28661346,16.18000031
2025-09-25,652.64294434,89622100,591.36993408,85.75194550,77.06755066,16.73999977
2025-09-26,656.38201904,69179200,593.80102539,85.67485809,77.21994781,15.28999996
2025-09-29,658.22668457,73499000,596.55096436,86.37837219,77.35326385,16.12000084
2025-09-30,660.70611572,86288000,598.18505859,86.12781525,77.32470703,16.28000069
2025-10-01,662.95745850,72545400,601.05450439,86.35024261,77.46918488,16.29000092
2025-10-02,663.72106934,56896000,603.52545166,86.60166931,77.44048309,16.62999916
2025-10-03,663.71124268,70494400,600.98480225,86.43727875,77.35437012,16.64999962
2025-10-06,666.09149170,54623300,605.49829102,85.75064850,77.37350464,16.37000084
2025-10-07,663.62194824,72020100,602.30993652,86.24385834,77.28737640,17.23999977
2025-10-08,667.57916260,60702200,609.21478271,86.31155396,77.17256165,16.29999924
2025-10-09,665.64520264,66501900,608.47741699,86.24385834,76.95247650,16.43000031
2025-10-10,647.65423584,159422600,587.35461426,87.63645172,76.50273895,21.65999985
2025-10-13,657.59191895,79560500,599.81903076,87.58808899,76.98117828,19.03000069
2025-10-14,656.78857422,88779600,595.82360840,87.86854553,77.06731415,20.80999947
2025-10-15,659.70440674,81702600,600.02819824,87.67514038,77.31610107,20.63999939
2025-10-16,655.21160889,110563300,597.80633545,88.33275604,77.03859711,25.30999947
2025-10-17,658.93084717,96500900,601.73205566,88.19735718,77.23953247,20.78000069
2025-10-20,665.78405762,60493400,609.31427002,88.53583527,77.39263153,18.22999954
2025-10-21,665.77410889,56249000,609.15496826,88.97100830,77.27780914,17.87000084
2025-10-22,662.31280518,80564000,603.28637695,89.02904510,77.20125580,18.60000038
2025-10-23,666.24029541,65604500,608.35784912,88.41977692,77.37350464,17.29999924
2025-10-24,671.68518066,74356500,614.85406494,88.45846558,77.58401489,16.37000084
2025-10-27,679.60949707,63339800,625.80413818,88.75827026,77.77539062,15.78999996
2025-10-28,681.41455078,61738100,630.61657715,88.99034882,77.69882202,16.42000008
2025-10-29,681.74188232,85657100,633.45623779,88.09097290,77.45961761,16.92000008
2025-10-30,674.24401855,76335800,623.77154541,87.57841492,77.31610107,16.90999985
2025-10-31,676.45556641,87164100,626.78057861,87.31730652,77.31610107,17.44000053
2025-11-03,677.72515869,57315000,629.77960205,87.09893799,77.07564545,17.17000008
2025-11-04,669.69171143,78427000,616.99633789,87.29305267,77.08526611,19.00000000
2025-11-05,672.01245117,74402400,621.01171875,86.34189606,77.16220856,18.01000023
2025-11-06,664.80218506,85035300,609.44390869,87.11834717,77.19107056,19.50000000
2025-11-07,665.45672607,100592400,607.52093506,86.93394470,77.25839233,19.07999992
2025-11-10,675.84069824,75842900,620.96185303,86.91452026,77.51808167,17.60000038
2025-11-11,677.38787842,58953400,619.30786133,87.31246948,77.60461426,17.28000069
2025-11-12,677.76483154,62312500,618.81964111,87.46774292,77.45074463,17.51000023
2025-11-13,666.51800537,103457800,606.18585205,86.74953461,77.13336182,20.00000000
2025-11-14,666.40887451,96846700,606.64410400,86.25454712,77.15258789,19.82999992
2025-11-17,660.20031738,90456100,601.46307373,86.46806335,77.02756500,22.37999916
2025-11-18,654.65625000,114467500,594.13977051,86.43894958,77.04680634,24.69000053
2025-11-19,657.18530273,94703000,597.68688965,86.26424408,77.08526611,23.65999985
2025-11-20,647.16833496,165293500,583.53851318,86.60395813,77.03717804,26.42000008
2025-11-21,653.61492920,123956200,587.92248535,86.86599731,77.29685974,23.43000031
2025-11-24,663.23510742,80437900,602.95758057,87.36099243,77.50844574,20.52000046
2025-11-25,669.47351074,81077100,606.67401123,87.58422089,77.77773285,18.55999947
2025-11-26,674.09521484,71879600,612.03442383,87.97245789,77.85467529,17.19000053
2025-11-28,677.77471924,49212000,616.99633789,87.55509949,77.89314270,16.35000038
2025-12-01,674.68029785,61201200,614.92382812,86.46515656,77.75305176,17.23999977
2025-12-02,675.93005371,62953800,619.73632812,86.50411987,77.89798737,16.59000015
2025-12-03,678.27062988,57238500,621.25079346,86.74762726,77.96561432,16.07999992
2025-12-04,678.76647949,61970300,620.67291260,86.28009796,78.02358246,15.77999973
2025-12-05,680.05578613,79241000,623.20361328,85.88073730,78.02358246,15.40999985
2025-12-08,678.01275635,55231500,622.00805664,85.59826660,77.83034515,16.65999985
2025-12-09,677.42755127,58310100,622.77520752,85.68593597,77.74337006,16.93000031
2025-12-10,681.92041016,85671300,625.32586670,86.01709747,78.00426483,15.77000046
2025-12-11,683.50720215,86173700,623.30328369,85.90021515,77.99459839,14.85000038
2025-12-12,676.15814209,113160300,611.38684082,85.07228088,77.84967041,15.73999977
2025-12-15,675.13653564,90811000,608.31799316,85.13072968,77.88831329,16.50000000
2025-12-16,673.29187012,122030600,609.52355957,85.59826660,77.93663788,16.47999954
2025-12-17,665.88323975,110625200,598.22485352,85.52034760,77.84001160,17.62000084
2025-12-18,670.91149902,108650100,606.89324951,85.92944336,78.05258179,16.87000084
2025-12-19,676.99230957,103599500,614.80426025,85.60871887,78.01471710,14.90999985
2025-12-22,681.20989990,69556700,617.75134277,85.42292786,78.08267212,14.07999992
2025-12-23,684.32330322,64840000,620.64447021,85.55982971,78.14093018,14.00000000
2025-12-24,686.73052979,39445600,622.46026611,86.07805634,78.28654480,13.47000027
2025-12-26,686.66088867,41613300,622.42028809,85.79449463,78.24770355,13.60000038
2025-12-29,684.21386719,62559500,619.40740967,86.11718750,78.27683258,14.19999981
2025-12-30,683.37835693,47160700,617.97076416,85.91184235,78.35450745,14.32999992
2025-12-31,678.31524658,74144800,612.86285400,85.22736359,78.27683258,14.94999981
